INFO 2025-08-28 10:19:55,656 autoreload 8292 15344 Watching for file changes with StatReloader
INFO 2025-08-28 10:28:03,711 autoreload 9256 14560 Watching for file changes with StatReloader
INFO 2025-08-28 10:30:49,603 autoreload 9256 14560 D:\Projects\Current Projects\NDAS - Project\NDAS\ndas\settings.py changed, reloading.
INFO 2025-08-28 10:30:50,369 autoreload 17220 6256 Watching for file changes with StatReloader
INFO 2025-08-28 10:31:07,350 autoreload 20500 14300 Watching for file changes with StatReloader
INFO 2025-08-28 10:33:25,159 autoreload 5028 18356 Watching for file changes with StatReloader
ERROR 2025-08-28 10:33:55,866 log 5028 19104 Internal Server Error: /users/view/1/
Traceback (most recent call last):
  File "D:\Projects\Current Projects\NDAS - Project\NDAS\venv\Lib\site-packages\django\core\handlers\exception.py", line 55, in inner
    response = get_response(request)
  File "D:\Projects\Current Projects\NDAS - Project\NDAS\venv\Lib\site-packages\django\utils\deprecation.py", line 138, in __call__
    response = self.process_response(request, response)
  File "D:\Projects\Current Projects\NDAS - Project\NDAS\venv\Lib\site-packages\csp\middleware.py", line 40, in process_response
    if request.path_info.startswith(prefixes):
       ~~~~~~~~~~~~~~~~~~~~~~~~~~~~^^^^^^^^^^
TypeError: startswith first arg must be str or a tuple of str, not list
ERROR 2025-08-28 10:33:55,871 basehttp 5028 19104 "GET /users/view/1/ HTTP/1.1" 500 86257
INFO 2025-08-28 10:35:29,904 autoreload 5028 18356 D:\Projects\Current Projects\NDAS - Project\NDAS\ndas\settings.py changed, reloading.
INFO 2025-08-28 10:35:30,983 autoreload 14228 18532 Watching for file changes with StatReloader
INFO 2025-08-28 10:35:48,004 basehttp 14228 9576 "GET /users/view/1/ HTTP/1.1" 302 0
INFO 2025-08-28 10:35:48,176 basehttp 14228 9576 "GET /users/login/?next=/users/view/1/ HTTP/1.1" 200 12804
INFO 2025-08-28 10:35:50,714 basehttp 14228 9576 "POST /users/login/ HTTP/1.1" 302 0
INFO 2025-08-28 10:35:50,896 basehttp 14228 9576 "GET / HTTP/1.1" 200 40119
ERROR 2025-08-28 10:35:52,712 log 14228 9576 Internal Server Error: /users/view/1/
Traceback (most recent call last):
  File "D:\Projects\Current Projects\NDAS - Project\NDAS\venv\Lib\site-packages\django\template\base.py", line 505, in parse
    compile_func = self.tags[command]
                   ~~~~~~~~~^^^^^^^^^
KeyError: 'endblock'

During handling of the above exception, another exception occurred:

Traceback (most recent call last):
  File "D:\Projects\Current Projects\NDAS - Project\NDAS\venv\Lib\site-packages\django\core\handlers\exception.py", line 55, in inner
    response = get_response(request)
  File "D:\Projects\Current Projects\NDAS - Project\NDAS\venv\Lib\site-packages\django\core\handlers\base.py", line 197, in _get_response
    response = wrapped_callback(request, *callback_args, **callback_kwargs)
  File "D:\Projects\Current Projects\NDAS - Project\NDAS\venv\Lib\site-packages\django\contrib\auth\decorators.py", line 23, in _wrapped_view
    return view_func(request, *args, **kwargs)
  File "D:\Projects\Current Projects\NDAS - Project\NDAS\users\views.py", line 164, in userView
    return render(request, 'users/user_view.html', {'custom_user': custom_user, 'user' : loged_user})
  File "D:\Projects\Current Projects\NDAS - Project\NDAS\venv\Lib\site-packages\django\shortcuts.py", line 24, in render
    content = loader.render_to_string(template_name, context, request, using=using)
  File "D:\Projects\Current Projects\NDAS - Project\NDAS\venv\Lib\site-packages\django\template\loader.py", line 61, in render_to_string
    template = get_template(template_name, using=using)
  File "D:\Projects\Current Projects\NDAS - Project\NDAS\venv\Lib\site-packages\django\template\loader.py", line 15, in get_template
    return engine.get_template(template_name)
           ~~~~~~~~~~~~~~~~~~~^^^^^^^^^^^^^^^
  File "D:\Projects\Current Projects\NDAS - Project\NDAS\venv\Lib\site-packages\django\template\backends\django.py", line 34, in get_template
    return Template(self.engine.get_template(template_name), self)
                    ~~~~~~~~~~~~~~~~~~~~~~~~^^^^^^^^^^^^^^^
  File "D:\Projects\Current Projects\NDAS - Project\NDAS\venv\Lib\site-packages\django\template\engine.py", line 175, in get_template
    template, origin = self.find_template(template_name)
                       ~~~~~~~~~~~~~~~~~~^^^^^^^^^^^^^^^
  File "D:\Projects\Current Projects\NDAS - Project\NDAS\venv\Lib\site-packages\django\template\engine.py", line 157, in find_template
    template = loader.get_template(name, skip=skip)
  File "D:\Projects\Current Projects\NDAS - Project\NDAS\venv\Lib\site-packages\django\template\loaders\cached.py", line 57, in get_template
    template = super().get_template(template_name, skip)
  File "D:\Projects\Current Projects\NDAS - Project\NDAS\venv\Lib\site-packages\django\template\loaders\base.py", line 28, in get_template
    return Template(
        contents,
    ...<2 lines>...
        self.engine,
    )
  File "D:\Projects\Current Projects\NDAS - Project\NDAS\venv\Lib\site-packages\django\template\base.py", line 154, in __init__
    self.nodelist = self.compile_nodelist()
                    ~~~~~~~~~~~~~~~~~~~~~^^
  File "D:\Projects\Current Projects\NDAS - Project\NDAS\venv\Lib\site-packages\django\template\base.py", line 200, in compile_nodelist
    return parser.parse()
           ~~~~~~~~~~~~^^
  File "D:\Projects\Current Projects\NDAS - Project\NDAS\venv\Lib\site-packages\django\template\base.py", line 513, in parse
    raise self.error(token, e)
  File "D:\Projects\Current Projects\NDAS - Project\NDAS\venv\Lib\site-packages\django\template\base.py", line 511, in parse
    compiled_result = compile_func(self, token)
  File "D:\Projects\Current Projects\NDAS - Project\NDAS\venv\Lib\site-packages\django\template\loader_tags.py", line 293, in do_extends
    nodelist = parser.parse()
  File "D:\Projects\Current Projects\NDAS - Project\NDAS\venv\Lib\site-packages\django\template\base.py", line 507, in parse
    self.invalid_block_tag(token, command, parse_until)
    ~~~~~~~~~~~~~~~~~~~~~~^^^^^^^^^^^^^^^^^^^^^^^^^^^^^
  File "D:\Projects\Current Projects\NDAS - Project\NDAS\venv\Lib\site-packages\django\template\base.py", line 568, in invalid_block_tag
    raise self.error(
    ...<3 lines>...
    )
django.template.exceptions.TemplateSyntaxError: Invalid block tag on line 37: 'endblock'. Did you forget to register or load this tag?
ERROR 2025-08-28 10:35:52,724 basehttp 14228 9576 "GET /users/view/1/ HTTP/1.1" 500 236046
INFO 2025-08-28 10:37:01,966 basehttp 14228 9576 "GET /users/view/1/ HTTP/1.1" 200 61262
INFO 2025-08-28 10:38:50,083 basehttp 14228 9576 "GET /users/view/1/ HTTP/1.1" 200 62065
ERROR 2025-08-28 10:39:09,160 log 14228 9576 Internal Server Error: /users/activity/
Traceback (most recent call last):
  File "D:\Projects\Current Projects\NDAS - Project\NDAS\venv\Lib\site-packages\django\template\backends\django.py", line 62, in render
    return self.template.render(context)
           ~~~~~~~~~~~~~~~~~~~~^^^^^^^^^
  File "D:\Projects\Current Projects\NDAS - Project\NDAS\venv\Lib\site-packages\django\template\base.py", line 175, in render
    return self._render(context)
           ~~~~~~~~~~~~^^^^^^^^^
  File "D:\Projects\Current Projects\NDAS - Project\NDAS\venv\Lib\site-packages\django\template\base.py", line 167, in _render
    return self.nodelist.render(context)
           ~~~~~~~~~~~~~~~~~~~~^^^^^^^^^
  File "D:\Projects\Current Projects\NDAS - Project\NDAS\venv\Lib\site-packages\django\template\base.py", line 1005, in render
    return SafeString("".join([node.render_annotated(context) for node in self]))
                               ~~~~~~~~~~~~~~~~~~~~~^^^^^^^^^
  File "D:\Projects\Current Projects\NDAS - Project\NDAS\venv\Lib\site-packages\django\template\base.py", line 966, in render_annotated
    return self.render(context)
           ~~~~~~~~~~~^^^^^^^^^
  File "D:\Projects\Current Projects\NDAS - Project\NDAS\venv\Lib\site-packages\django\template\loader_tags.py", line 132, in render
    compiled_parent = self.get_parent(context)
  File "D:\Projects\Current Projects\NDAS - Project\NDAS\venv\Lib\site-packages\django\template\loader_tags.py", line 129, in get_parent
    return self.find_template(parent, context)
           ~~~~~~~~~~~~~~~~~~^^^^^^^^^^^^^^^^^
  File "D:\Projects\Current Projects\NDAS - Project\NDAS\venv\Lib\site-packages\django\template\loader_tags.py", line 107, in find_template
    template, origin = context.template.engine.find_template(
                       ~~~~~~~~~~~~~~~~~~~~~~~~~~~~~~~~~~~~~^
        template_name,
        ^^^^^^^^^^^^^^
        skip=history,
        ^^^^^^^^^^^^^
    )
    ^
  File "D:\Projects\Current Projects\NDAS - Project\NDAS\venv\Lib\site-packages\django\template\engine.py", line 161, in find_template
    raise TemplateDoesNotExist(name, tried=tried)
django.template.exceptions.TemplateDoesNotExist: base.html

The above exception was the direct cause of the following exception:

Traceback (most recent call last):
  File "D:\Projects\Current Projects\NDAS - Project\NDAS\venv\Lib\site-packages\django\core\handlers\exception.py", line 55, in inner
    response = get_response(request)
  File "D:\Projects\Current Projects\NDAS - Project\NDAS\venv\Lib\site-packages\django\core\handlers\base.py", line 197, in _get_response
    response = wrapped_callback(request, *callback_args, **callback_kwargs)
  File "D:\Projects\Current Projects\NDAS - Project\NDAS\venv\Lib\site-packages\django\contrib\auth\decorators.py", line 23, in _wrapped_view
    return view_func(request, *args, **kwargs)
  File "D:\Projects\Current Projects\NDAS - Project\NDAS\users\views.py", line 358, in user_activity
    return render(request, 'users/user_activity.html', context)
  File "D:\Projects\Current Projects\NDAS - Project\NDAS\venv\Lib\site-packages\django\shortcuts.py", line 24, in render
    content = loader.render_to_string(template_name, context, request, using=using)
  File "D:\Projects\Current Projects\NDAS - Project\NDAS\venv\Lib\site-packages\django\template\loader.py", line 62, in render_to_string
    return template.render(context, request)
           ~~~~~~~~~~~~~~~^^^^^^^^^^^^^^^^^^
  File "D:\Projects\Current Projects\NDAS - Project\NDAS\venv\Lib\site-packages\django\template\backends\django.py", line 64, in render
    reraise(exc, self.backend)
    ~~~~~~~^^^^^^^^^^^^^^^^^^^
  File "D:\Projects\Current Projects\NDAS - Project\NDAS\venv\Lib\site-packages\django\template\backends\django.py", line 85, in reraise
    raise new from exc
django.template.exceptions.TemplateDoesNotExist: base.html
ERROR 2025-08-28 10:39:09,172 basehttp 14228 9576 "GET /users/activity/ HTTP/1.1" 500 211350
ERROR 2025-08-28 10:39:18,197 log 14228 9576 Internal Server Error: /users/view/1/
Traceback (most recent call last):
  File "D:\Projects\Current Projects\NDAS - Project\NDAS\venv\Lib\site-packages\django\core\handlers\exception.py", line 55, in inner
    response = get_response(request)
  File "D:\Projects\Current Projects\NDAS - Project\NDAS\venv\Lib\site-packages\django\core\handlers\base.py", line 197, in _get_response
    response = wrapped_callback(request, *callback_args, **callback_kwargs)
  File "D:\Projects\Current Projects\NDAS - Project\NDAS\venv\Lib\site-packages\django\contrib\auth\decorators.py", line 23, in _wrapped_view
    return view_func(request, *args, **kwargs)
  File "D:\Projects\Current Projects\NDAS - Project\NDAS\users\views.py", line 164, in userView
    return render(request, 'users/user_view.html', {'custom_user': custom_user, 'user' : loged_user})
  File "D:\Projects\Current Projects\NDAS - Project\NDAS\venv\Lib\site-packages\django\shortcuts.py", line 24, in render
    content = loader.render_to_string(template_name, context, request, using=using)
  File "D:\Projects\Current Projects\NDAS - Project\NDAS\venv\Lib\site-packages\django\template\loader.py", line 62, in render_to_string
    return template.render(context, request)
           ~~~~~~~~~~~~~~~^^^^^^^^^^^^^^^^^^
  File "D:\Projects\Current Projects\NDAS - Project\NDAS\venv\Lib\site-packages\django\template\backends\django.py", line 62, in render
    return self.template.render(context)
           ~~~~~~~~~~~~~~~~~~~~^^^^^^^^^
  File "D:\Projects\Current Projects\NDAS - Project\NDAS\venv\Lib\site-packages\django\template\base.py", line 175, in render
    return self._render(context)
           ~~~~~~~~~~~~^^^^^^^^^
  File "D:\Projects\Current Projects\NDAS - Project\NDAS\venv\Lib\site-packages\django\template\base.py", line 167, in _render
    return self.nodelist.render(context)
           ~~~~~~~~~~~~~~~~~~~~^^^^^^^^^
  File "D:\Projects\Current Projects\NDAS - Project\NDAS\venv\Lib\site-packages\django\template\base.py", line 1005, in render
    return SafeString("".join([node.render_annotated(context) for node in self]))
                               ~~~~~~~~~~~~~~~~~~~~~^^^^^^^^^
  File "D:\Projects\Current Projects\NDAS - Project\NDAS\venv\Lib\site-packages\django\template\base.py", line 966, in render_annotated
    return self.render(context)
           ~~~~~~~~~~~^^^^^^^^^
  File "D:\Projects\Current Projects\NDAS - Project\NDAS\venv\Lib\site-packages\django\template\loader_tags.py", line 157, in render
    return compiled_parent._render(context)
           ~~~~~~~~~~~~~~~~~~~~~~~^^^^^^^^^
  File "D:\Projects\Current Projects\NDAS - Project\NDAS\venv\Lib\site-packages\django\template\base.py", line 167, in _render
    return self.nodelist.render(context)
           ~~~~~~~~~~~~~~~~~~~~^^^^^^^^^
  File "D:\Projects\Current Projects\NDAS - Project\NDAS\venv\Lib\site-packages\django\template\base.py", line 1005, in render
    return SafeString("".join([node.render_annotated(context) for node in self]))
                               ~~~~~~~~~~~~~~~~~~~~~^^^^^^^^^
  File "D:\Projects\Current Projects\NDAS - Project\NDAS\venv\Lib\site-packages\django\template\base.py", line 966, in render_annotated
    return self.render(context)
           ~~~~~~~~~~~^^^^^^^^^
  File "D:\Projects\Current Projects\NDAS - Project\NDAS\venv\Lib\site-packages\django\template\loader_tags.py", line 157, in render
    return compiled_parent._render(context)
           ~~~~~~~~~~~~~~~~~~~~~~~^^^^^^^^^
  File "D:\Projects\Current Projects\NDAS - Project\NDAS\venv\Lib\site-packages\django\template\base.py", line 167, in _render
    return self.nodelist.render(context)
           ~~~~~~~~~~~~~~~~~~~~^^^^^^^^^
  File "D:\Projects\Current Projects\NDAS - Project\NDAS\venv\Lib\site-packages\django\template\base.py", line 1005, in render
    return SafeString("".join([node.render_annotated(context) for node in self]))
                               ~~~~~~~~~~~~~~~~~~~~~^^^^^^^^^
  File "D:\Projects\Current Projects\NDAS - Project\NDAS\venv\Lib\site-packages\django\template\base.py", line 966, in render_annotated
    return self.render(context)
           ~~~~~~~~~~~^^^^^^^^^
  File "D:\Projects\Current Projects\NDAS - Project\NDAS\venv\Lib\site-packages\django\template\loader_tags.py", line 63, in render
    result = block.nodelist.render(context)
  File "D:\Projects\Current Projects\NDAS - Project\NDAS\venv\Lib\site-packages\django\template\base.py", line 1005, in render
    return SafeString("".join([node.render_annotated(context) for node in self]))
                               ~~~~~~~~~~~~~~~~~~~~~^^^^^^^^^
  File "D:\Projects\Current Projects\NDAS - Project\NDAS\venv\Lib\site-packages\django\template\base.py", line 966, in render_annotated
    return self.render(context)
           ~~~~~~~~~~~^^^^^^^^^
  File "D:\Projects\Current Projects\NDAS - Project\NDAS\venv\Lib\site-packages\django\template\defaulttags.py", line 472, in render
    url = reverse(view_name, args=args, kwargs=kwargs, current_app=current_app)
  File "D:\Projects\Current Projects\NDAS - Project\NDAS\venv\Lib\site-packages\django\urls\base.py", line 88, in reverse
    return resolver._reverse_with_prefix(view, prefix, *args, **kwargs)
           ~~~~~~~~~~~~~~~~~~~~~~~~~~~~~^^^^^^^^^^^^^^^^^^^^^^^^^^^^^^^
  File "D:\Projects\Current Projects\NDAS - Project\NDAS\venv\Lib\site-packages\django\urls\resolvers.py", line 828, in _reverse_with_prefix
    raise NoReverseMatch(msg)
django.urls.exceptions.NoReverseMatch: Reverse for 'logout' not found. 'logout' is not a valid view function or pattern name.
ERROR 2025-08-28 10:39:18,214 basehttp 14228 9576 "GET /users/view/1/ HTTP/1.1" 500 208344
ERROR 2025-08-28 10:39:29,715 log 14228 9576 Internal Server Error: /users/view/1/
Traceback (most recent call last):
  File "D:\Projects\Current Projects\NDAS - Project\NDAS\venv\Lib\site-packages\django\core\handlers\exception.py", line 55, in inner
    response = get_response(request)
  File "D:\Projects\Current Projects\NDAS - Project\NDAS\venv\Lib\site-packages\django\core\handlers\base.py", line 197, in _get_response
    response = wrapped_callback(request, *callback_args, **callback_kwargs)
  File "D:\Projects\Current Projects\NDAS - Project\NDAS\venv\Lib\site-packages\django\contrib\auth\decorators.py", line 23, in _wrapped_view
    return view_func(request, *args, **kwargs)
  File "D:\Projects\Current Projects\NDAS - Project\NDAS\users\views.py", line 164, in userView
    return render(request, 'users/user_view.html', {'custom_user': custom_user, 'user' : loged_user})
  File "D:\Projects\Current Projects\NDAS - Project\NDAS\venv\Lib\site-packages\django\shortcuts.py", line 24, in render
    content = loader.render_to_string(template_name, context, request, using=using)
  File "D:\Projects\Current Projects\NDAS - Project\NDAS\venv\Lib\site-packages\django\template\loader.py", line 62, in render_to_string
    return template.render(context, request)
           ~~~~~~~~~~~~~~~^^^^^^^^^^^^^^^^^^
  File "D:\Projects\Current Projects\NDAS - Project\NDAS\venv\Lib\site-packages\django\template\backends\django.py", line 62, in render
    return self.template.render(context)
           ~~~~~~~~~~~~~~~~~~~~^^^^^^^^^
  File "D:\Projects\Current Projects\NDAS - Project\NDAS\venv\Lib\site-packages\django\template\base.py", line 175, in render
    return self._render(context)
           ~~~~~~~~~~~~^^^^^^^^^
  File "D:\Projects\Current Projects\NDAS - Project\NDAS\venv\Lib\site-packages\django\template\base.py", line 167, in _render
    return self.nodelist.render(context)
           ~~~~~~~~~~~~~~~~~~~~^^^^^^^^^
  File "D:\Projects\Current Projects\NDAS - Project\NDAS\venv\Lib\site-packages\django\template\base.py", line 1005, in render
    return SafeString("".join([node.render_annotated(context) for node in self]))
                               ~~~~~~~~~~~~~~~~~~~~~^^^^^^^^^
  File "D:\Projects\Current Projects\NDAS - Project\NDAS\venv\Lib\site-packages\django\template\base.py", line 966, in render_annotated
    return self.render(context)
           ~~~~~~~~~~~^^^^^^^^^
  File "D:\Projects\Current Projects\NDAS - Project\NDAS\venv\Lib\site-packages\django\template\loader_tags.py", line 157, in render
    return compiled_parent._render(context)
           ~~~~~~~~~~~~~~~~~~~~~~~^^^^^^^^^
  File "D:\Projects\Current Projects\NDAS - Project\NDAS\venv\Lib\site-packages\django\template\base.py", line 167, in _render
    return self.nodelist.render(context)
           ~~~~~~~~~~~~~~~~~~~~^^^^^^^^^
  File "D:\Projects\Current Projects\NDAS - Project\NDAS\venv\Lib\site-packages\django\template\base.py", line 1005, in render
    return SafeString("".join([node.render_annotated(context) for node in self]))
                               ~~~~~~~~~~~~~~~~~~~~~^^^^^^^^^
  File "D:\Projects\Current Projects\NDAS - Project\NDAS\venv\Lib\site-packages\django\template\base.py", line 966, in render_annotated
    return self.render(context)
           ~~~~~~~~~~~^^^^^^^^^
  File "D:\Projects\Current Projects\NDAS - Project\NDAS\venv\Lib\site-packages\django\template\loader_tags.py", line 157, in render
    return compiled_parent._render(context)
           ~~~~~~~~~~~~~~~~~~~~~~~^^^^^^^^^
  File "D:\Projects\Current Projects\NDAS - Project\NDAS\venv\Lib\site-packages\django\template\base.py", line 167, in _render
    return self.nodelist.render(context)
           ~~~~~~~~~~~~~~~~~~~~^^^^^^^^^
  File "D:\Projects\Current Projects\NDAS - Project\NDAS\venv\Lib\site-packages\django\template\base.py", line 1005, in render
    return SafeString("".join([node.render_annotated(context) for node in self]))
                               ~~~~~~~~~~~~~~~~~~~~~^^^^^^^^^
  File "D:\Projects\Current Projects\NDAS - Project\NDAS\venv\Lib\site-packages\django\template\base.py", line 966, in render_annotated
    return self.render(context)
           ~~~~~~~~~~~^^^^^^^^^
  File "D:\Projects\Current Projects\NDAS - Project\NDAS\venv\Lib\site-packages\django\template\loader_tags.py", line 63, in render
    result = block.nodelist.render(context)
  File "D:\Projects\Current Projects\NDAS - Project\NDAS\venv\Lib\site-packages\django\template\base.py", line 1005, in render
    return SafeString("".join([node.render_annotated(context) for node in self]))
                               ~~~~~~~~~~~~~~~~~~~~~^^^^^^^^^
  File "D:\Projects\Current Projects\NDAS - Project\NDAS\venv\Lib\site-packages\django\template\base.py", line 966, in render_annotated
    return self.render(context)
           ~~~~~~~~~~~^^^^^^^^^
  File "D:\Projects\Current Projects\NDAS - Project\NDAS\venv\Lib\site-packages\django\template\defaulttags.py", line 472, in render
    url = reverse(view_name, args=args, kwargs=kwargs, current_app=current_app)
  File "D:\Projects\Current Projects\NDAS - Project\NDAS\venv\Lib\site-packages\django\urls\base.py", line 88, in reverse
    return resolver._reverse_with_prefix(view, prefix, *args, **kwargs)
           ~~~~~~~~~~~~~~~~~~~~~~~~~~~~~^^^^^^^^^^^^^^^^^^^^^^^^^^^^^^^
  File "D:\Projects\Current Projects\NDAS - Project\NDAS\venv\Lib\site-packages\django\urls\resolvers.py", line 828, in _reverse_with_prefix
    raise NoReverseMatch(msg)
django.urls.exceptions.NoReverseMatch: Reverse for 'logout' not found. 'logout' is not a valid view function or pattern name.
ERROR 2025-08-28 10:39:29,732 basehttp 14228 9576 "GET /users/view/1/ HTTP/1.1" 500 208344
ERROR 2025-08-28 10:39:31,862 log 14228 9576 Internal Server Error: /users/view/1/
Traceback (most recent call last):
  File "D:\Projects\Current Projects\NDAS - Project\NDAS\venv\Lib\site-packages\django\core\handlers\exception.py", line 55, in inner
    response = get_response(request)
  File "D:\Projects\Current Projects\NDAS - Project\NDAS\venv\Lib\site-packages\django\core\handlers\base.py", line 197, in _get_response
    response = wrapped_callback(request, *callback_args, **callback_kwargs)
  File "D:\Projects\Current Projects\NDAS - Project\NDAS\venv\Lib\site-packages\django\contrib\auth\decorators.py", line 23, in _wrapped_view
    return view_func(request, *args, **kwargs)
  File "D:\Projects\Current Projects\NDAS - Project\NDAS\users\views.py", line 164, in userView
    return render(request, 'users/user_view.html', {'custom_user': custom_user, 'user' : loged_user})
  File "D:\Projects\Current Projects\NDAS - Project\NDAS\venv\Lib\site-packages\django\shortcuts.py", line 24, in render
    content = loader.render_to_string(template_name, context, request, using=using)
  File "D:\Projects\Current Projects\NDAS - Project\NDAS\venv\Lib\site-packages\django\template\loader.py", line 62, in render_to_string
    return template.render(context, request)
           ~~~~~~~~~~~~~~~^^^^^^^^^^^^^^^^^^
  File "D:\Projects\Current Projects\NDAS - Project\NDAS\venv\Lib\site-packages\django\template\backends\django.py", line 62, in render
    return self.template.render(context)
           ~~~~~~~~~~~~~~~~~~~~^^^^^^^^^
  File "D:\Projects\Current Projects\NDAS - Project\NDAS\venv\Lib\site-packages\django\template\base.py", line 175, in render
    return self._render(context)
           ~~~~~~~~~~~~^^^^^^^^^
  File "D:\Projects\Current Projects\NDAS - Project\NDAS\venv\Lib\site-packages\django\template\base.py", line 167, in _render
    return self.nodelist.render(context)
           ~~~~~~~~~~~~~~~~~~~~^^^^^^^^^
  File "D:\Projects\Current Projects\NDAS - Project\NDAS\venv\Lib\site-packages\django\template\base.py", line 1005, in render
    return SafeString("".join([node.render_annotated(context) for node in self]))
                               ~~~~~~~~~~~~~~~~~~~~~^^^^^^^^^
  File "D:\Projects\Current Projects\NDAS - Project\NDAS\venv\Lib\site-packages\django\template\base.py", line 966, in render_annotated
    return self.render(context)
           ~~~~~~~~~~~^^^^^^^^^
  File "D:\Projects\Current Projects\NDAS - Project\NDAS\venv\Lib\site-packages\django\template\loader_tags.py", line 157, in render
    return compiled_parent._render(context)
           ~~~~~~~~~~~~~~~~~~~~~~~^^^^^^^^^
  File "D:\Projects\Current Projects\NDAS - Project\NDAS\venv\Lib\site-packages\django\template\base.py", line 167, in _render
    return self.nodelist.render(context)
           ~~~~~~~~~~~~~~~~~~~~^^^^^^^^^
  File "D:\Projects\Current Projects\NDAS - Project\NDAS\venv\Lib\site-packages\django\template\base.py", line 1005, in render
    return SafeString("".join([node.render_annotated(context) for node in self]))
                               ~~~~~~~~~~~~~~~~~~~~~^^^^^^^^^
  File "D:\Projects\Current Projects\NDAS - Project\NDAS\venv\Lib\site-packages\django\template\base.py", line 966, in render_annotated
    return self.render(context)
           ~~~~~~~~~~~^^^^^^^^^
  File "D:\Projects\Current Projects\NDAS - Project\NDAS\venv\Lib\site-packages\django\template\loader_tags.py", line 157, in render
    return compiled_parent._render(context)
           ~~~~~~~~~~~~~~~~~~~~~~~^^^^^^^^^
  File "D:\Projects\Current Projects\NDAS - Project\NDAS\venv\Lib\site-packages\django\template\base.py", line 167, in _render
    return self.nodelist.render(context)
           ~~~~~~~~~~~~~~~~~~~~^^^^^^^^^
  File "D:\Projects\Current Projects\NDAS - Project\NDAS\venv\Lib\site-packages\django\template\base.py", line 1005, in render
    return SafeString("".join([node.render_annotated(context) for node in self]))
                               ~~~~~~~~~~~~~~~~~~~~~^^^^^^^^^
  File "D:\Projects\Current Projects\NDAS - Project\NDAS\venv\Lib\site-packages\django\template\base.py", line 966, in render_annotated
    return self.render(context)
           ~~~~~~~~~~~^^^^^^^^^
  File "D:\Projects\Current Projects\NDAS - Project\NDAS\venv\Lib\site-packages\django\template\loader_tags.py", line 63, in render
    result = block.nodelist.render(context)
  File "D:\Projects\Current Projects\NDAS - Project\NDAS\venv\Lib\site-packages\django\template\base.py", line 1005, in render
    return SafeString("".join([node.render_annotated(context) for node in self]))
                               ~~~~~~~~~~~~~~~~~~~~~^^^^^^^^^
  File "D:\Projects\Current Projects\NDAS - Project\NDAS\venv\Lib\site-packages\django\template\base.py", line 966, in render_annotated
    return self.render(context)
           ~~~~~~~~~~~^^^^^^^^^
  File "D:\Projects\Current Projects\NDAS - Project\NDAS\venv\Lib\site-packages\django\template\defaulttags.py", line 472, in render
    url = reverse(view_name, args=args, kwargs=kwargs, current_app=current_app)
  File "D:\Projects\Current Projects\NDAS - Project\NDAS\venv\Lib\site-packages\django\urls\base.py", line 88, in reverse
    return resolver._reverse_with_prefix(view, prefix, *args, **kwargs)
           ~~~~~~~~~~~~~~~~~~~~~~~~~~~~~^^^^^^^^^^^^^^^^^^^^^^^^^^^^^^^
  File "D:\Projects\Current Projects\NDAS - Project\NDAS\venv\Lib\site-packages\django\urls\resolvers.py", line 828, in _reverse_with_prefix
    raise NoReverseMatch(msg)
django.urls.exceptions.NoReverseMatch: Reverse for 'logout' not found. 'logout' is not a valid view function or pattern name.
ERROR 2025-08-28 10:39:31,877 basehttp 14228 9576 "GET /users/view/1/ HTTP/1.1" 500 208344
INFO 2025-08-28 10:39:33,629 basehttp 14228 9576 "GET / HTTP/1.1" 200 39795
ERROR 2025-08-28 10:39:35,718 log 14228 9576 Internal Server Error: /users/view/1/
Traceback (most recent call last):
  File "D:\Projects\Current Projects\NDAS - Project\NDAS\venv\Lib\site-packages\django\core\handlers\exception.py", line 55, in inner
    response = get_response(request)
  File "D:\Projects\Current Projects\NDAS - Project\NDAS\venv\Lib\site-packages\django\core\handlers\base.py", line 197, in _get_response
    response = wrapped_callback(request, *callback_args, **callback_kwargs)
  File "D:\Projects\Current Projects\NDAS - Project\NDAS\venv\Lib\site-packages\django\contrib\auth\decorators.py", line 23, in _wrapped_view
    return view_func(request, *args, **kwargs)
  File "D:\Projects\Current Projects\NDAS - Project\NDAS\users\views.py", line 164, in userView
    return render(request, 'users/user_view.html', {'custom_user': custom_user, 'user' : loged_user})
  File "D:\Projects\Current Projects\NDAS - Project\NDAS\venv\Lib\site-packages\django\shortcuts.py", line 24, in render
    content = loader.render_to_string(template_name, context, request, using=using)
  File "D:\Projects\Current Projects\NDAS - Project\NDAS\venv\Lib\site-packages\django\template\loader.py", line 62, in render_to_string
    return template.render(context, request)
           ~~~~~~~~~~~~~~~^^^^^^^^^^^^^^^^^^
  File "D:\Projects\Current Projects\NDAS - Project\NDAS\venv\Lib\site-packages\django\template\backends\django.py", line 62, in render
    return self.template.render(context)
           ~~~~~~~~~~~~~~~~~~~~^^^^^^^^^
  File "D:\Projects\Current Projects\NDAS - Project\NDAS\venv\Lib\site-packages\django\template\base.py", line 175, in render
    return self._render(context)
           ~~~~~~~~~~~~^^^^^^^^^
  File "D:\Projects\Current Projects\NDAS - Project\NDAS\venv\Lib\site-packages\django\template\base.py", line 167, in _render
    return self.nodelist.render(context)
           ~~~~~~~~~~~~~~~~~~~~^^^^^^^^^
  File "D:\Projects\Current Projects\NDAS - Project\NDAS\venv\Lib\site-packages\django\template\base.py", line 1005, in render
    return SafeString("".join([node.render_annotated(context) for node in self]))
                               ~~~~~~~~~~~~~~~~~~~~~^^^^^^^^^
  File "D:\Projects\Current Projects\NDAS - Project\NDAS\venv\Lib\site-packages\django\template\base.py", line 966, in render_annotated
    return self.render(context)
           ~~~~~~~~~~~^^^^^^^^^
  File "D:\Projects\Current Projects\NDAS - Project\NDAS\venv\Lib\site-packages\django\template\loader_tags.py", line 157, in render
    return compiled_parent._render(context)
           ~~~~~~~~~~~~~~~~~~~~~~~^^^^^^^^^
  File "D:\Projects\Current Projects\NDAS - Project\NDAS\venv\Lib\site-packages\django\template\base.py", line 167, in _render
    return self.nodelist.render(context)
           ~~~~~~~~~~~~~~~~~~~~^^^^^^^^^
  File "D:\Projects\Current Projects\NDAS - Project\NDAS\venv\Lib\site-packages\django\template\base.py", line 1005, in render
    return SafeString("".join([node.render_annotated(context) for node in self]))
                               ~~~~~~~~~~~~~~~~~~~~~^^^^^^^^^
  File "D:\Projects\Current Projects\NDAS - Project\NDAS\venv\Lib\site-packages\django\template\base.py", line 966, in render_annotated
    return self.render(context)
           ~~~~~~~~~~~^^^^^^^^^
  File "D:\Projects\Current Projects\NDAS - Project\NDAS\venv\Lib\site-packages\django\template\loader_tags.py", line 157, in render
    return compiled_parent._render(context)
           ~~~~~~~~~~~~~~~~~~~~~~~^^^^^^^^^
  File "D:\Projects\Current Projects\NDAS - Project\NDAS\venv\Lib\site-packages\django\template\base.py", line 167, in _render
    return self.nodelist.render(context)
           ~~~~~~~~~~~~~~~~~~~~^^^^^^^^^
  File "D:\Projects\Current Projects\NDAS - Project\NDAS\venv\Lib\site-packages\django\template\base.py", line 1005, in render
    return SafeString("".join([node.render_annotated(context) for node in self]))
                               ~~~~~~~~~~~~~~~~~~~~~^^^^^^^^^
  File "D:\Projects\Current Projects\NDAS - Project\NDAS\venv\Lib\site-packages\django\template\base.py", line 966, in render_annotated
    return self.render(context)
           ~~~~~~~~~~~^^^^^^^^^
  File "D:\Projects\Current Projects\NDAS - Project\NDAS\venv\Lib\site-packages\django\template\loader_tags.py", line 63, in render
    result = block.nodelist.render(context)
  File "D:\Projects\Current Projects\NDAS - Project\NDAS\venv\Lib\site-packages\django\template\base.py", line 1005, in render
    return SafeString("".join([node.render_annotated(context) for node in self]))
                               ~~~~~~~~~~~~~~~~~~~~~^^^^^^^^^
  File "D:\Projects\Current Projects\NDAS - Project\NDAS\venv\Lib\site-packages\django\template\base.py", line 966, in render_annotated
    return self.render(context)
           ~~~~~~~~~~~^^^^^^^^^
  File "D:\Projects\Current Projects\NDAS - Project\NDAS\venv\Lib\site-packages\django\template\defaulttags.py", line 472, in render
    url = reverse(view_name, args=args, kwargs=kwargs, current_app=current_app)
  File "D:\Projects\Current Projects\NDAS - Project\NDAS\venv\Lib\site-packages\django\urls\base.py", line 88, in reverse
    return resolver._reverse_with_prefix(view, prefix, *args, **kwargs)
           ~~~~~~~~~~~~~~~~~~~~~~~~~~~~~^^^^^^^^^^^^^^^^^^^^^^^^^^^^^^^
  File "D:\Projects\Current Projects\NDAS - Project\NDAS\venv\Lib\site-packages\django\urls\resolvers.py", line 828, in _reverse_with_prefix
    raise NoReverseMatch(msg)
django.urls.exceptions.NoReverseMatch: Reverse for 'logout' not found. 'logout' is not a valid view function or pattern name.
ERROR 2025-08-28 10:39:35,731 basehttp 14228 9576 "GET /users/view/1/ HTTP/1.1" 500 208207
ERROR 2025-08-28 10:39:50,394 log 14228 9576 Internal Server Error: /users/view/1/
Traceback (most recent call last):
  File "D:\Projects\Current Projects\NDAS - Project\NDAS\venv\Lib\site-packages\django\core\handlers\exception.py", line 55, in inner
    response = get_response(request)
  File "D:\Projects\Current Projects\NDAS - Project\NDAS\venv\Lib\site-packages\django\core\handlers\base.py", line 197, in _get_response
    response = wrapped_callback(request, *callback_args, **callback_kwargs)
  File "D:\Projects\Current Projects\NDAS - Project\NDAS\venv\Lib\site-packages\django\contrib\auth\decorators.py", line 23, in _wrapped_view
    return view_func(request, *args, **kwargs)
  File "D:\Projects\Current Projects\NDAS - Project\NDAS\users\views.py", line 164, in userView
    return render(request, 'users/user_view.html', {'custom_user': custom_user, 'user' : loged_user})
  File "D:\Projects\Current Projects\NDAS - Project\NDAS\venv\Lib\site-packages\django\shortcuts.py", line 24, in render
    content = loader.render_to_string(template_name, context, request, using=using)
  File "D:\Projects\Current Projects\NDAS - Project\NDAS\venv\Lib\site-packages\django\template\loader.py", line 62, in render_to_string
    return template.render(context, request)
           ~~~~~~~~~~~~~~~^^^^^^^^^^^^^^^^^^
  File "D:\Projects\Current Projects\NDAS - Project\NDAS\venv\Lib\site-packages\django\template\backends\django.py", line 62, in render
    return self.template.render(context)
           ~~~~~~~~~~~~~~~~~~~~^^^^^^^^^
  File "D:\Projects\Current Projects\NDAS - Project\NDAS\venv\Lib\site-packages\django\template\base.py", line 175, in render
    return self._render(context)
           ~~~~~~~~~~~~^^^^^^^^^
  File "D:\Projects\Current Projects\NDAS - Project\NDAS\venv\Lib\site-packages\django\template\base.py", line 167, in _render
    return self.nodelist.render(context)
           ~~~~~~~~~~~~~~~~~~~~^^^^^^^^^
  File "D:\Projects\Current Projects\NDAS - Project\NDAS\venv\Lib\site-packages\django\template\base.py", line 1005, in render
    return SafeString("".join([node.render_annotated(context) for node in self]))
                               ~~~~~~~~~~~~~~~~~~~~~^^^^^^^^^
  File "D:\Projects\Current Projects\NDAS - Project\NDAS\venv\Lib\site-packages\django\template\base.py", line 966, in render_annotated
    return self.render(context)
           ~~~~~~~~~~~^^^^^^^^^
  File "D:\Projects\Current Projects\NDAS - Project\NDAS\venv\Lib\site-packages\django\template\loader_tags.py", line 157, in render
    return compiled_parent._render(context)
           ~~~~~~~~~~~~~~~~~~~~~~~^^^^^^^^^
  File "D:\Projects\Current Projects\NDAS - Project\NDAS\venv\Lib\site-packages\django\template\base.py", line 167, in _render
    return self.nodelist.render(context)
           ~~~~~~~~~~~~~~~~~~~~^^^^^^^^^
  File "D:\Projects\Current Projects\NDAS - Project\NDAS\venv\Lib\site-packages\django\template\base.py", line 1005, in render
    return SafeString("".join([node.render_annotated(context) for node in self]))
                               ~~~~~~~~~~~~~~~~~~~~~^^^^^^^^^
  File "D:\Projects\Current Projects\NDAS - Project\NDAS\venv\Lib\site-packages\django\template\base.py", line 966, in render_annotated
    return self.render(context)
           ~~~~~~~~~~~^^^^^^^^^
  File "D:\Projects\Current Projects\NDAS - Project\NDAS\venv\Lib\site-packages\django\template\loader_tags.py", line 157, in render
    return compiled_parent._render(context)
           ~~~~~~~~~~~~~~~~~~~~~~~^^^^^^^^^
  File "D:\Projects\Current Projects\NDAS - Project\NDAS\venv\Lib\site-packages\django\template\base.py", line 167, in _render
    return self.nodelist.render(context)
           ~~~~~~~~~~~~~~~~~~~~^^^^^^^^^
  File "D:\Projects\Current Projects\NDAS - Project\NDAS\venv\Lib\site-packages\django\template\base.py", line 1005, in render
    return SafeString("".join([node.render_annotated(context) for node in self]))
                               ~~~~~~~~~~~~~~~~~~~~~^^^^^^^^^
  File "D:\Projects\Current Projects\NDAS - Project\NDAS\venv\Lib\site-packages\django\template\base.py", line 966, in render_annotated
    return self.render(context)
           ~~~~~~~~~~~^^^^^^^^^
  File "D:\Projects\Current Projects\NDAS - Project\NDAS\venv\Lib\site-packages\django\template\loader_tags.py", line 63, in render
    result = block.nodelist.render(context)
  File "D:\Projects\Current Projects\NDAS - Project\NDAS\venv\Lib\site-packages\django\template\base.py", line 1005, in render
    return SafeString("".join([node.render_annotated(context) for node in self]))
                               ~~~~~~~~~~~~~~~~~~~~~^^^^^^^^^
  File "D:\Projects\Current Projects\NDAS - Project\NDAS\venv\Lib\site-packages\django\template\base.py", line 966, in render_annotated
    return self.render(context)
           ~~~~~~~~~~~^^^^^^^^^
  File "D:\Projects\Current Projects\NDAS - Project\NDAS\venv\Lib\site-packages\django\template\defaulttags.py", line 472, in render
    url = reverse(view_name, args=args, kwargs=kwargs, current_app=current_app)
  File "D:\Projects\Current Projects\NDAS - Project\NDAS\venv\Lib\site-packages\django\urls\base.py", line 88, in reverse
    return resolver._reverse_with_prefix(view, prefix, *args, **kwargs)
           ~~~~~~~~~~~~~~~~~~~~~~~~~~~~~^^^^^^^^^^^^^^^^^^^^^^^^^^^^^^^
  File "D:\Projects\Current Projects\NDAS - Project\NDAS\venv\Lib\site-packages\django\urls\resolvers.py", line 828, in _reverse_with_prefix
    raise NoReverseMatch(msg)
django.urls.exceptions.NoReverseMatch: Reverse for 'logout' not found. 'logout' is not a valid view function or pattern name.
ERROR 2025-08-28 10:39:50,407 basehttp 14228 9576 "GET /users/view/1/ HTTP/1.1" 500 208344
ERROR 2025-08-28 10:39:51,555 log 14228 9576 Internal Server Error: /users/view/1/
Traceback (most recent call last):
  File "D:\Projects\Current Projects\NDAS - Project\NDAS\venv\Lib\site-packages\django\core\handlers\exception.py", line 55, in inner
    response = get_response(request)
  File "D:\Projects\Current Projects\NDAS - Project\NDAS\venv\Lib\site-packages\django\core\handlers\base.py", line 197, in _get_response
    response = wrapped_callback(request, *callback_args, **callback_kwargs)
  File "D:\Projects\Current Projects\NDAS - Project\NDAS\venv\Lib\site-packages\django\contrib\auth\decorators.py", line 23, in _wrapped_view
    return view_func(request, *args, **kwargs)
  File "D:\Projects\Current Projects\NDAS - Project\NDAS\users\views.py", line 164, in userView
    return render(request, 'users/user_view.html', {'custom_user': custom_user, 'user' : loged_user})
  File "D:\Projects\Current Projects\NDAS - Project\NDAS\venv\Lib\site-packages\django\shortcuts.py", line 24, in render
    content = loader.render_to_string(template_name, context, request, using=using)
  File "D:\Projects\Current Projects\NDAS - Project\NDAS\venv\Lib\site-packages\django\template\loader.py", line 62, in render_to_string
    return template.render(context, request)
           ~~~~~~~~~~~~~~~^^^^^^^^^^^^^^^^^^
  File "D:\Projects\Current Projects\NDAS - Project\NDAS\venv\Lib\site-packages\django\template\backends\django.py", line 62, in render
    return self.template.render(context)
           ~~~~~~~~~~~~~~~~~~~~^^^^^^^^^
  File "D:\Projects\Current Projects\NDAS - Project\NDAS\venv\Lib\site-packages\django\template\base.py", line 175, in render
    return self._render(context)
           ~~~~~~~~~~~~^^^^^^^^^
  File "D:\Projects\Current Projects\NDAS - Project\NDAS\venv\Lib\site-packages\django\template\base.py", line 167, in _render
    return self.nodelist.render(context)
           ~~~~~~~~~~~~~~~~~~~~^^^^^^^^^
  File "D:\Projects\Current Projects\NDAS - Project\NDAS\venv\Lib\site-packages\django\template\base.py", line 1005, in render
    return SafeString("".join([node.render_annotated(context) for node in self]))
                               ~~~~~~~~~~~~~~~~~~~~~^^^^^^^^^
  File "D:\Projects\Current Projects\NDAS - Project\NDAS\venv\Lib\site-packages\django\template\base.py", line 966, in render_annotated
    return self.render(context)
           ~~~~~~~~~~~^^^^^^^^^
  File "D:\Projects\Current Projects\NDAS - Project\NDAS\venv\Lib\site-packages\django\template\loader_tags.py", line 157, in render
    return compiled_parent._render(context)
           ~~~~~~~~~~~~~~~~~~~~~~~^^^^^^^^^
  File "D:\Projects\Current Projects\NDAS - Project\NDAS\venv\Lib\site-packages\django\template\base.py", line 167, in _render
    return self.nodelist.render(context)
           ~~~~~~~~~~~~~~~~~~~~^^^^^^^^^
  File "D:\Projects\Current Projects\NDAS - Project\NDAS\venv\Lib\site-packages\django\template\base.py", line 1005, in render
    return SafeString("".join([node.render_annotated(context) for node in self]))
                               ~~~~~~~~~~~~~~~~~~~~~^^^^^^^^^
  File "D:\Projects\Current Projects\NDAS - Project\NDAS\venv\Lib\site-packages\django\template\base.py", line 966, in render_annotated
    return self.render(context)
           ~~~~~~~~~~~^^^^^^^^^
  File "D:\Projects\Current Projects\NDAS - Project\NDAS\venv\Lib\site-packages\django\template\loader_tags.py", line 157, in render
    return compiled_parent._render(context)
           ~~~~~~~~~~~~~~~~~~~~~~~^^^^^^^^^
  File "D:\Projects\Current Projects\NDAS - Project\NDAS\venv\Lib\site-packages\django\template\base.py", line 167, in _render
    return self.nodelist.render(context)
           ~~~~~~~~~~~~~~~~~~~~^^^^^^^^^
  File "D:\Projects\Current Projects\NDAS - Project\NDAS\venv\Lib\site-packages\django\template\base.py", line 1005, in render
    return SafeString("".join([node.render_annotated(context) for node in self]))
                               ~~~~~~~~~~~~~~~~~~~~~^^^^^^^^^
  File "D:\Projects\Current Projects\NDAS - Project\NDAS\venv\Lib\site-packages\django\template\base.py", line 966, in render_annotated
    return self.render(context)
           ~~~~~~~~~~~^^^^^^^^^
  File "D:\Projects\Current Projects\NDAS - Project\NDAS\venv\Lib\site-packages\django\template\loader_tags.py", line 63, in render
    result = block.nodelist.render(context)
  File "D:\Projects\Current Projects\NDAS - Project\NDAS\venv\Lib\site-packages\django\template\base.py", line 1005, in render
    return SafeString("".join([node.render_annotated(context) for node in self]))
                               ~~~~~~~~~~~~~~~~~~~~~^^^^^^^^^
  File "D:\Projects\Current Projects\NDAS - Project\NDAS\venv\Lib\site-packages\django\template\base.py", line 966, in render_annotated
    return self.render(context)
           ~~~~~~~~~~~^^^^^^^^^
  File "D:\Projects\Current Projects\NDAS - Project\NDAS\venv\Lib\site-packages\django\template\defaulttags.py", line 472, in render
    url = reverse(view_name, args=args, kwargs=kwargs, current_app=current_app)
  File "D:\Projects\Current Projects\NDAS - Project\NDAS\venv\Lib\site-packages\django\urls\base.py", line 88, in reverse
    return resolver._reverse_with_prefix(view, prefix, *args, **kwargs)
           ~~~~~~~~~~~~~~~~~~~~~~~~~~~~~^^^^^^^^^^^^^^^^^^^^^^^^^^^^^^^
  File "D:\Projects\Current Projects\NDAS - Project\NDAS\venv\Lib\site-packages\django\urls\resolvers.py", line 828, in _reverse_with_prefix
    raise NoReverseMatch(msg)
django.urls.exceptions.NoReverseMatch: Reverse for 'logout' not found. 'logout' is not a valid view function or pattern name.
ERROR 2025-08-28 10:39:51,567 basehttp 14228 9576 "GET /users/view/1/ HTTP/1.1" 500 208344
INFO 2025-08-28 10:39:54,757 basehttp 14228 9576 "GET /patient/view/4/ HTTP/1.1" 200 90558
INFO 2025-08-28 10:39:56,811 basehttp 14228 9576 "GET /patient/view/4/ HTTP/1.1" 200 90558
ERROR 2025-08-28 10:39:59,515 log 14228 9576 Internal Server Error: /users/view/1/
Traceback (most recent call last):
  File "D:\Projects\Current Projects\NDAS - Project\NDAS\venv\Lib\site-packages\django\core\handlers\exception.py", line 55, in inner
    response = get_response(request)
  File "D:\Projects\Current Projects\NDAS - Project\NDAS\venv\Lib\site-packages\django\core\handlers\base.py", line 197, in _get_response
    response = wrapped_callback(request, *callback_args, **callback_kwargs)
  File "D:\Projects\Current Projects\NDAS - Project\NDAS\venv\Lib\site-packages\django\contrib\auth\decorators.py", line 23, in _wrapped_view
    return view_func(request, *args, **kwargs)
  File "D:\Projects\Current Projects\NDAS - Project\NDAS\users\views.py", line 164, in userView
    return render(request, 'users/user_view.html', {'custom_user': custom_user, 'user' : loged_user})
  File "D:\Projects\Current Projects\NDAS - Project\NDAS\venv\Lib\site-packages\django\shortcuts.py", line 24, in render
    content = loader.render_to_string(template_name, context, request, using=using)
  File "D:\Projects\Current Projects\NDAS - Project\NDAS\venv\Lib\site-packages\django\template\loader.py", line 62, in render_to_string
    return template.render(context, request)
           ~~~~~~~~~~~~~~~^^^^^^^^^^^^^^^^^^
  File "D:\Projects\Current Projects\NDAS - Project\NDAS\venv\Lib\site-packages\django\template\backends\django.py", line 62, in render
    return self.template.render(context)
           ~~~~~~~~~~~~~~~~~~~~^^^^^^^^^
  File "D:\Projects\Current Projects\NDAS - Project\NDAS\venv\Lib\site-packages\django\template\base.py", line 175, in render
    return self._render(context)
           ~~~~~~~~~~~~^^^^^^^^^
  File "D:\Projects\Current Projects\NDAS - Project\NDAS\venv\Lib\site-packages\django\template\base.py", line 167, in _render
    return self.nodelist.render(context)
           ~~~~~~~~~~~~~~~~~~~~^^^^^^^^^
  File "D:\Projects\Current Projects\NDAS - Project\NDAS\venv\Lib\site-packages\django\template\base.py", line 1005, in render
    return SafeString("".join([node.render_annotated(context) for node in self]))
                               ~~~~~~~~~~~~~~~~~~~~~^^^^^^^^^
  File "D:\Projects\Current Projects\NDAS - Project\NDAS\venv\Lib\site-packages\django\template\base.py", line 966, in render_annotated
    return self.render(context)
           ~~~~~~~~~~~^^^^^^^^^
  File "D:\Projects\Current Projects\NDAS - Project\NDAS\venv\Lib\site-packages\django\template\loader_tags.py", line 157, in render
    return compiled_parent._render(context)
           ~~~~~~~~~~~~~~~~~~~~~~~^^^^^^^^^
  File "D:\Projects\Current Projects\NDAS - Project\NDAS\venv\Lib\site-packages\django\template\base.py", line 167, in _render
    return self.nodelist.render(context)
           ~~~~~~~~~~~~~~~~~~~~^^^^^^^^^
  File "D:\Projects\Current Projects\NDAS - Project\NDAS\venv\Lib\site-packages\django\template\base.py", line 1005, in render
    return SafeString("".join([node.render_annotated(context) for node in self]))
                               ~~~~~~~~~~~~~~~~~~~~~^^^^^^^^^
  File "D:\Projects\Current Projects\NDAS - Project\NDAS\venv\Lib\site-packages\django\template\base.py", line 966, in render_annotated
    return self.render(context)
           ~~~~~~~~~~~^^^^^^^^^
  File "D:\Projects\Current Projects\NDAS - Project\NDAS\venv\Lib\site-packages\django\template\loader_tags.py", line 157, in render
    return compiled_parent._render(context)
           ~~~~~~~~~~~~~~~~~~~~~~~^^^^^^^^^
  File "D:\Projects\Current Projects\NDAS - Project\NDAS\venv\Lib\site-packages\django\template\base.py", line 167, in _render
    return self.nodelist.render(context)
           ~~~~~~~~~~~~~~~~~~~~^^^^^^^^^
  File "D:\Projects\Current Projects\NDAS - Project\NDAS\venv\Lib\site-packages\django\template\base.py", line 1005, in render
    return SafeString("".join([node.render_annotated(context) for node in self]))
                               ~~~~~~~~~~~~~~~~~~~~~^^^^^^^^^
  File "D:\Projects\Current Projects\NDAS - Project\NDAS\venv\Lib\site-packages\django\template\base.py", line 966, in render_annotated
    return self.render(context)
           ~~~~~~~~~~~^^^^^^^^^
  File "D:\Projects\Current Projects\NDAS - Project\NDAS\venv\Lib\site-packages\django\template\loader_tags.py", line 63, in render
    result = block.nodelist.render(context)
  File "D:\Projects\Current Projects\NDAS - Project\NDAS\venv\Lib\site-packages\django\template\base.py", line 1005, in render
    return SafeString("".join([node.render_annotated(context) for node in self]))
                               ~~~~~~~~~~~~~~~~~~~~~^^^^^^^^^
  File "D:\Projects\Current Projects\NDAS - Project\NDAS\venv\Lib\site-packages\django\template\base.py", line 966, in render_annotated
    return self.render(context)
           ~~~~~~~~~~~^^^^^^^^^
  File "D:\Projects\Current Projects\NDAS - Project\NDAS\venv\Lib\site-packages\django\template\defaulttags.py", line 472, in render
    url = reverse(view_name, args=args, kwargs=kwargs, current_app=current_app)
  File "D:\Projects\Current Projects\NDAS - Project\NDAS\venv\Lib\site-packages\django\urls\base.py", line 88, in reverse
    return resolver._reverse_with_prefix(view, prefix, *args, **kwargs)
           ~~~~~~~~~~~~~~~~~~~~~~~~~~~~~^^^^^^^^^^^^^^^^^^^^^^^^^^^^^^^
  File "D:\Projects\Current Projects\NDAS - Project\NDAS\venv\Lib\site-packages\django\urls\resolvers.py", line 828, in _reverse_with_prefix
    raise NoReverseMatch(msg)
django.urls.exceptions.NoReverseMatch: Reverse for 'logout' not found. 'logout' is not a valid view function or pattern name.
ERROR 2025-08-28 10:39:59,526 basehttp 14228 9576 "GET /users/view/1/ HTTP/1.1" 500 208344
INFO 2025-08-28 10:40:08,895 basehttp 14228 9576 "GET / HTTP/1.1" 200 39795
ERROR 2025-08-28 10:40:10,544 log 14228 9576 Internal Server Error: /users/view/1/
Traceback (most recent call last):
  File "D:\Projects\Current Projects\NDAS - Project\NDAS\venv\Lib\site-packages\django\core\handlers\exception.py", line 55, in inner
    response = get_response(request)
  File "D:\Projects\Current Projects\NDAS - Project\NDAS\venv\Lib\site-packages\django\core\handlers\base.py", line 197, in _get_response
    response = wrapped_callback(request, *callback_args, **callback_kwargs)
  File "D:\Projects\Current Projects\NDAS - Project\NDAS\venv\Lib\site-packages\django\contrib\auth\decorators.py", line 23, in _wrapped_view
    return view_func(request, *args, **kwargs)
  File "D:\Projects\Current Projects\NDAS - Project\NDAS\users\views.py", line 164, in userView
    return render(request, 'users/user_view.html', {'custom_user': custom_user, 'user' : loged_user})
  File "D:\Projects\Current Projects\NDAS - Project\NDAS\venv\Lib\site-packages\django\shortcuts.py", line 24, in render
    content = loader.render_to_string(template_name, context, request, using=using)
  File "D:\Projects\Current Projects\NDAS - Project\NDAS\venv\Lib\site-packages\django\template\loader.py", line 62, in render_to_string
    return template.render(context, request)
           ~~~~~~~~~~~~~~~^^^^^^^^^^^^^^^^^^
  File "D:\Projects\Current Projects\NDAS - Project\NDAS\venv\Lib\site-packages\django\template\backends\django.py", line 62, in render
    return self.template.render(context)
           ~~~~~~~~~~~~~~~~~~~~^^^^^^^^^
  File "D:\Projects\Current Projects\NDAS - Project\NDAS\venv\Lib\site-packages\django\template\base.py", line 175, in render
    return self._render(context)
           ~~~~~~~~~~~~^^^^^^^^^
  File "D:\Projects\Current Projects\NDAS - Project\NDAS\venv\Lib\site-packages\django\template\base.py", line 167, in _render
    return self.nodelist.render(context)
           ~~~~~~~~~~~~~~~~~~~~^^^^^^^^^
  File "D:\Projects\Current Projects\NDAS - Project\NDAS\venv\Lib\site-packages\django\template\base.py", line 1005, in render
    return SafeString("".join([node.render_annotated(context) for node in self]))
                               ~~~~~~~~~~~~~~~~~~~~~^^^^^^^^^
  File "D:\Projects\Current Projects\NDAS - Project\NDAS\venv\Lib\site-packages\django\template\base.py", line 966, in render_annotated
    return self.render(context)
           ~~~~~~~~~~~^^^^^^^^^
  File "D:\Projects\Current Projects\NDAS - Project\NDAS\venv\Lib\site-packages\django\template\loader_tags.py", line 157, in render
    return compiled_parent._render(context)
           ~~~~~~~~~~~~~~~~~~~~~~~^^^^^^^^^
  File "D:\Projects\Current Projects\NDAS - Project\NDAS\venv\Lib\site-packages\django\template\base.py", line 167, in _render
    return self.nodelist.render(context)
           ~~~~~~~~~~~~~~~~~~~~^^^^^^^^^
  File "D:\Projects\Current Projects\NDAS - Project\NDAS\venv\Lib\site-packages\django\template\base.py", line 1005, in render
    return SafeString("".join([node.render_annotated(context) for node in self]))
                               ~~~~~~~~~~~~~~~~~~~~~^^^^^^^^^
  File "D:\Projects\Current Projects\NDAS - Project\NDAS\venv\Lib\site-packages\django\template\base.py", line 966, in render_annotated
    return self.render(context)
           ~~~~~~~~~~~^^^^^^^^^
  File "D:\Projects\Current Projects\NDAS - Project\NDAS\venv\Lib\site-packages\django\template\loader_tags.py", line 157, in render
    return compiled_parent._render(context)
           ~~~~~~~~~~~~~~~~~~~~~~~^^^^^^^^^
  File "D:\Projects\Current Projects\NDAS - Project\NDAS\venv\Lib\site-packages\django\template\base.py", line 167, in _render
    return self.nodelist.render(context)
           ~~~~~~~~~~~~~~~~~~~~^^^^^^^^^
  File "D:\Projects\Current Projects\NDAS - Project\NDAS\venv\Lib\site-packages\django\template\base.py", line 1005, in render
    return SafeString("".join([node.render_annotated(context) for node in self]))
                               ~~~~~~~~~~~~~~~~~~~~~^^^^^^^^^
  File "D:\Projects\Current Projects\NDAS - Project\NDAS\venv\Lib\site-packages\django\template\base.py", line 966, in render_annotated
    return self.render(context)
           ~~~~~~~~~~~^^^^^^^^^
  File "D:\Projects\Current Projects\NDAS - Project\NDAS\venv\Lib\site-packages\django\template\loader_tags.py", line 63, in render
    result = block.nodelist.render(context)
  File "D:\Projects\Current Projects\NDAS - Project\NDAS\venv\Lib\site-packages\django\template\base.py", line 1005, in render
    return SafeString("".join([node.render_annotated(context) for node in self]))
                               ~~~~~~~~~~~~~~~~~~~~~^^^^^^^^^
  File "D:\Projects\Current Projects\NDAS - Project\NDAS\venv\Lib\site-packages\django\template\base.py", line 966, in render_annotated
    return self.render(context)
           ~~~~~~~~~~~^^^^^^^^^
  File "D:\Projects\Current Projects\NDAS - Project\NDAS\venv\Lib\site-packages\django\template\defaulttags.py", line 472, in render
    url = reverse(view_name, args=args, kwargs=kwargs, current_app=current_app)
  File "D:\Projects\Current Projects\NDAS - Project\NDAS\venv\Lib\site-packages\django\urls\base.py", line 88, in reverse
    return resolver._reverse_with_prefix(view, prefix, *args, **kwargs)
           ~~~~~~~~~~~~~~~~~~~~~~~~~~~~~^^^^^^^^^^^^^^^^^^^^^^^^^^^^^^^
  File "D:\Projects\Current Projects\NDAS - Project\NDAS\venv\Lib\site-packages\django\urls\resolvers.py", line 828, in _reverse_with_prefix
    raise NoReverseMatch(msg)
django.urls.exceptions.NoReverseMatch: Reverse for 'logout' not found. 'logout' is not a valid view function or pattern name.
ERROR 2025-08-28 10:40:10,557 basehttp 14228 9576 "GET /users/view/1/ HTTP/1.1" 500 208207
INFO 2025-08-28 10:41:14,492 basehttp 14228 9576 "GET /users/view/1/ HTTP/1.1" 200 63445
INFO 2025-08-28 13:08:52,990 autoreload 14864 10988 Watching for file changes with StatReloader
INFO 2025-08-28 13:10:31,009 basehttp 14864 19008 "GET / HTTP/1.1" 302 0
INFO 2025-08-28 13:10:31,143 basehttp 14864 19008 "GET /users/login/?next=/ HTTP/1.1" 200 12804
INFO 2025-08-28 13:10:31,332 basehttp 14864 19008 "GET /static/dist/css/custom_css.css HTTP/1.1" 304 0
WARNING 2025-08-28 13:10:31,971 log 14864 5944 Not Found: /favicon.ico
WARNING 2025-08-28 13:10:31,972 basehttp 14864 5944 "GET /favicon.ico HTTP/1.1" 404 15877
WARNING 2025-08-28 13:10:31,987 log 14864 5944 Not Found: /favicon.ico
WARNING 2025-08-28 13:10:31,988 basehttp 14864 5944 "GET /favicon.ico HTTP/1.1" 404 15877
INFO 2025-08-28 13:10:34,923 basehttp 14864 5944 "POST /users/login/ HTTP/1.1" 302 0
INFO 2025-08-28 13:10:35,290 basehttp 14864 11648 "GET / HTTP/1.1" 200 40119
INFO 2025-08-28 13:10:38,714 basehttp 14864 19676 "GET /manager/patient/ HTTP/1.1" 200 59624
INFO 2025-08-28 13:10:38,753 basehttp 14864 19676 "GET /static/css/manager.css HTTP/1.1" 304 0
INFO 2025-08-28 13:10:38,756 basehttp 14864 20732 "GET /static/js/manager.js HTTP/1.1" 304 0
INFO 2025-08-28 13:10:41,914 basehttp 14864 20732 "GET /patient/view/4/ HTTP/1.1" 200 90558
INFO 2025-08-28 13:16:13,853 basehttp 14864 2896 "GET /patient/view/4/ HTTP/1.1" 200 90564
INFO 2025-08-28 13:16:15,572 basehttp 14864 2896 "GET /patient/view/4/ HTTP/1.1" 200 90564
INFO 2025-08-28 13:17:25,893 basehttp 14864 2896 "GET /patient/view/4/ HTTP/1.1" 200 90564
INFO 2025-08-28 13:17:27,250 basehttp 14864 2896 "GET /patient/view/4/ HTTP/1.1" 200 90564
INFO 2025-08-28 13:17:28,703 basehttp 14864 2896 "GET /patient/view/4/ HTTP/1.1" 200 90564
INFO 2025-08-28 13:17:29,550 basehttp 14864 2896 "GET /patient/view/4/ HTTP/1.1" 200 90564
INFO 2025-08-28 13:17:30,489 basehttp 14864 2896 "GET /patient/view/4/ HTTP/1.1" 200 90564
INFO 2025-08-28 13:17:31,264 basehttp 14864 2896 "GET /patient/view/4/ HTTP/1.1" 200 90564
INFO 2025-08-28 13:17:31,721 basehttp 14864 2896 "GET /patient/view/4/ HTTP/1.1" 200 90564
INFO 2025-08-28 13:17:32,369 basehttp 14864 2896 "GET /patient/view/4/ HTTP/1.1" 200 90564
INFO 2025-08-28 13:17:33,078 basehttp 14864 2896 "GET /patient/view/4/ HTTP/1.1" 200 90564
INFO 2025-08-28 13:17:33,755 basehttp 14864 2896 "GET /patient/view/4/ HTTP/1.1" 200 90564
INFO 2025-08-28 13:17:34,375 basehttp 14864 2896 "GET /patient/view/4/ HTTP/1.1" 200 90564
INFO 2025-08-28 13:17:34,969 basehttp 14864 2896 "GET /patient/view/4/ HTTP/1.1" 200 90564
INFO 2025-08-28 13:17:35,230 basehttp 14864 2896 "GET /patient/view/4/ HTTP/1.1" 200 90564
INFO 2025-08-28 13:17:35,494 basehttp 14864 2896 "GET /patient/view/4/ HTTP/1.1" 200 90564
INFO 2025-08-28 13:17:35,732 basehttp 14864 2896 "GET /patient/view/4/ HTTP/1.1" 200 90564
INFO 2025-08-28 13:17:36,161 basehttp 14864 2896 "GET /patient/view/4/ HTTP/1.1" 200 90564
INFO 2025-08-28 13:17:36,564 basehttp 14864 2896 "GET /patient/view/4/ HTTP/1.1" 200 90564
INFO 2025-08-28 13:17:37,426 basehttp 14864 2896 "GET /patient/view/4/ HTTP/1.1" 200 90564
INFO 2025-08-28 13:18:38,698 basehttp 14864 2896 "GET /patient/view/4/ HTTP/1.1" 200 90717
INFO 2025-08-28 13:19:09,541 basehttp 14864 2896 "GET /admin/ HTTP/1.1" 200 10512
INFO 2025-08-28 13:19:09,680 basehttp 14864 2896 "GET /static/admin/css/base.css HTTP/1.1" 200 20344
INFO 2025-08-28 13:19:09,689 basehttp 14864 2896 "GET /static/admin/css/fonts.css HTTP/1.1" 200 423
INFO 2025-08-28 13:19:09,726 basehttp 14864 16884 "GET /static/admin/css/dark_mode.css HTTP/1.1" 200 796
INFO 2025-08-28 13:19:09,732 basehttp 14864 11092 "GET /static/admin/css/dashboard.css HTTP/1.1" 200 380
INFO 2025-08-28 13:19:09,734 basehttp 14864 12216 "GET /static/admin/js/nav_sidebar.js HTTP/1.1" 200 3763
INFO 2025-08-28 13:19:09,745 basehttp 14864 16960 "GET /static/admin/css/nav_sidebar.css HTTP/1.1" 200 2619
INFO 2025-08-28 13:19:09,759 basehttp 14864 11972 "GET /static/admin/css/responsive.css HTTP/1.1" 200 18854
INFO 2025-08-28 13:19:09,792 basehttp 14864 12216 "GET /static/admin/img/icon-viewlink.svg HTTP/1.1" 200 581
INFO 2025-08-28 13:19:09,793 basehttp 14864 16960 "GET /static/admin/img/icon-changelink.svg HTTP/1.1" 200 380
INFO 2025-08-28 13:19:09,805 basehttp 14864 11972 "GET /static/admin/img/icon-addlink.svg HTTP/1.1" 200 331
INFO 2025-08-28 13:19:09,825 basehttp 14864 12216 "GET /static/admin/fonts/Roboto-Bold-webfont.woff HTTP/1.1" 200 86184
INFO 2025-08-28 13:19:09,836 basehttp 14864 16960 "GET /static/admin/fonts/Roboto-Regular-webfont.woff HTTP/1.1" 200 85876
INFO 2025-08-28 13:19:09,836 basehttp 14864 11092 "GET /static/admin/fonts/Roboto-Light-webfont.woff HTTP/1.1" 200 85692
INFO 2025-08-28 13:19:18,096 basehttp 14864 11092 "GET /admin/users/customuser/ HTTP/1.1" 200 16686
INFO 2025-08-28 13:19:18,136 basehttp 14864 12216 "GET /static/admin/js/jquery.init.js HTTP/1.1" 200 347
INFO 2025-08-28 13:19:18,138 basehttp 14864 16884 "GET /static/admin/js/admin/RelatedObjectLookups.js HTTP/1.1" 200 8985
INFO 2025-08-28 13:19:18,140 basehttp 14864 11092 "GET /static/admin/css/changelists.css HTTP/1.1" 200 6395
INFO 2025-08-28 13:19:18,144 basehttp 14864 12216 "GET /static/admin/js/urlify.js HTTP/1.1" 200 7902
INFO 2025-08-28 13:19:18,146 basehttp 14864 16884 "GET /static/admin/js/prepopulate.js HTTP/1.1" 200 1531
INFO 2025-08-28 13:19:18,155 basehttp 14864 2896 "GET /static/admin/js/actions.js HTTP/1.1" 200 7872
INFO 2025-08-28 13:19:18,163 basehttp 14864 2896 "GET /static/admin/img/icon-no.svg HTTP/1.1" 200 560
INFO 2025-08-28 13:19:18,169 basehttp 14864 2896 "GET /static/admin/img/icon-yes.svg HTTP/1.1" 200 436
INFO 2025-08-28 13:19:18,184 basehttp 14864 11972 "GET /static/admin/js/core.js HTTP/1.1" 200 5698
INFO 2025-08-28 13:19:18,197 basehttp 14864 16884 "GET /static/admin/img/search.svg HTTP/1.1" 200 458
INFO 2025-08-28 13:19:18,325 basehttp 14864 11092 "GET /static/admin/js/vendor/xregexp/xregexp.js HTTP/1.1" 200 232381
INFO 2025-08-28 13:19:18,368 basehttp 14864 12216 "GET /admin/jsi18n/ HTTP/1.1" 200 3343
INFO 2025-08-28 13:19:18,371 basehttp 14864 16960 "GET /static/admin/js/vendor/jquery/jquery.js HTTP/1.1" 200 288580
INFO 2025-08-28 13:19:18,381 basehttp 14864 12216 "GET /static/admin/js/filters.js HTTP/1.1" 200 966
INFO 2025-08-28 13:19:18,451 basehttp 14864 16960 "GET /static/admin/img/tooltag-add.svg HTTP/1.1" 200 331
INFO 2025-08-28 13:19:18,463 basehttp 14864 12216 "GET /static/admin/img/sorting-icons.svg HTTP/1.1" 200 1097
INFO 2025-08-28 13:19:25,363 basehttp 14864 12216 "GET /admin/patients/patient/ HTTP/1.1" 200 13939
INFO 2025-08-28 13:19:25,504 basehttp 14864 12216 "GET /admin/jsi18n/ HTTP/1.1" 200 3343
INFO 2025-08-28 13:20:21,676 basehttp 14864 12216 "GET /patient/view/4/ HTTP/1.1" 200 90717
INFO 2025-08-28 13:20:31,302 basehttp 14864 12216 "GET /manager/assessment/ HTTP/1.1" 200 30830
INFO 2025-08-28 13:20:41,964 basehttp 14864 12216 "GET /hine/manager/ HTTP/1.1" 200 27227
INFO 2025-08-28 13:20:43,398 basehttp 14864 12216 "GET /da/manager/ HTTP/1.1" 200 27243
INFO 2025-08-28 13:20:44,227 basehttp 14864 12216 "GET /cdic/manager/ HTTP/1.1" 200 27219
INFO 2025-08-28 13:20:45,753 basehttp 14864 12216 "GET /manager/assessment/ HTTP/1.1" 200 30830
INFO 2025-08-28 13:21:35,184 basehttp 14864 12216 "GET /manager/patient/ HTTP/1.1" 200 59624
INFO 2025-08-28 13:21:42,040 basehttp 14864 12216 "GET /attachment/manager/patient/4 HTTP/1.1" 200 27223
INFO 2025-08-28 13:21:49,585 basehttp 14864 12216 "GET /patient/view/4/ HTTP/1.1" 200 90717
INFO 2025-08-28 13:21:55,986 basehttp 14864 12216 "GET /attachment/add/4/ HTTP/1.1" 200 32591
INFO 2025-08-28 13:22:07,161 basehttp 14864 12216 "POST /attachment/add/4/ HTTP/1.1" 200 106
INFO 2025-08-28 13:22:31,096 basehttp 14864 12216 "GET /attachment/add/4/ HTTP/1.1" 200 32591
ERROR 2025-08-28 13:22:37,919 log 14864 12216 Internal Server Error: /attachment/add/4/
Traceback (most recent call last):
  File "D:\Projects\Current Projects\NDAS - Project\NDAS\venv\Lib\site-packages\django\core\handlers\exception.py", line 55, in inner
    response = get_response(request)
  File "D:\Projects\Current Projects\NDAS - Project\NDAS\venv\Lib\site-packages\django\core\handlers\base.py", line 197, in _get_response
    response = wrapped_callback(request, *callback_args, **callback_kwargs)
  File "D:\Projects\Current Projects\NDAS - Project\NDAS\venv\Lib\site-packages\django\views\decorators\csrf.py", line 54, in wrapped_view
    return view_func(*args, **kwargs)
  File "D:\Projects\Current Projects\NDAS - Project\NDAS\venv\Lib\site-packages\django\contrib\auth\decorators.py", line 23, in _wrapped_view
    return view_func(request, *args, **kwargs)
  File "D:\Projects\Current Projects\NDAS - Project\NDAS\patients\views.py", line 1326, in attachment_add
    temp_file.save()
    ~~~~~~~~~~~~~~^^
  File "D:\Projects\Current Projects\NDAS - Project\NDAS\patients\models.py", line 1371, in save
    self.full_clean()
    ~~~~~~~~~~~~~~~^^
  File "D:\Projects\Current Projects\NDAS - Project\NDAS\venv\Lib\site-packages\django\db\models\base.py", line 1477, in full_clean
    raise ValidationError(errors)
django.core.exceptions.ValidationError: {'attachment_type': ["Value 'PDF' is not a valid choice."]}
ERROR 2025-08-28 13:22:37,928 basehttp 14864 12216 "POST /attachment/add/4/ HTTP/1.1" 500 106128
INFO 2025-08-28 13:23:59,311 basehttp 14864 12216 "GET /manager/assessment/ HTTP/1.1" 200 30830
INFO 2025-08-28 13:24:01,424 basehttp 14864 12216 "GET /hine/manager/ HTTP/1.1" 200 27227
INFO 2025-08-28 13:24:05,540 basehttp 14864 12216 "GET /attachment/manager/ HTTP/1.1" 200 27223
INFO 2025-08-28 13:29:11,174 basehttp 14864 11680 "GET /video/manager/ HTTP/1.1" 200 43411
INFO 2025-08-28 13:29:14,281 basehttp 14864 11680 "GET /attachment/manager/ HTTP/1.1" 200 27223
INFO 2025-08-28 13:29:15,601 basehttp 14864 11680 "GET /attachment/manager/ HTTP/1.1" 200 27223
INFO 2025-08-28 13:29:16,426 basehttp 14864 11680 "GET /attachment/manager/ HTTP/1.1" 200 27223
INFO 2025-08-28 13:33:25,042 basehttp 14864 11680 "GET /video/manager/ HTTP/1.1" 200 43411
INFO 2025-08-28 13:33:28,943 basehttp 14864 11680 "GET /attachment/manager/ HTTP/1.1" 200 27223
INFO 2025-08-28 13:33:32,339 basehttp 14864 11680 "GET /manager/patient/ HTTP/1.1" 200 59624
INFO 2025-08-28 13:33:33,734 basehttp 14864 11680 "GET /patient/view/4/ HTTP/1.1" 200 90717
ERROR 2025-08-28 13:33:38,791 log 14864 11680 Internal Server Error: /attachment/add/4/
Traceback (most recent call last):
  File "D:\Projects\Current Projects\NDAS - Project\NDAS\venv\Lib\site-packages\django\core\handlers\exception.py", line 55, in inner
    response = get_response(request)
  File "D:\Projects\Current Projects\NDAS - Project\NDAS\venv\Lib\site-packages\django\core\handlers\base.py", line 197, in _get_response
    response = wrapped_callback(request, *callback_args, **callback_kwargs)
  File "D:\Projects\Current Projects\NDAS - Project\NDAS\venv\Lib\site-packages\django\views\decorators\csrf.py", line 54, in wrapped_view
    return view_func(*args, **kwargs)
  File "D:\Projects\Current Projects\NDAS - Project\NDAS\venv\Lib\site-packages\django\contrib\auth\decorators.py", line 23, in _wrapped_view
    return view_func(request, *args, **kwargs)
  File "D:\Projects\Current Projects\NDAS - Project\NDAS\patients\views.py", line 1356, in attachment_add
    return render(
        request,
        "attachment/add.html",
        {"patient": selected_patient, "attachment_form": attachment_form},
    )
  File "D:\Projects\Current Projects\NDAS - Project\NDAS\venv\Lib\site-packages\django\shortcuts.py", line 24, in render
    content = loader.render_to_string(template_name, context, request, using=using)
  File "D:\Projects\Current Projects\NDAS - Project\NDAS\venv\Lib\site-packages\django\template\loader.py", line 62, in render_to_string
    return template.render(context, request)
           ~~~~~~~~~~~~~~~^^^^^^^^^^^^^^^^^^
  File "D:\Projects\Current Projects\NDAS - Project\NDAS\venv\Lib\site-packages\django\template\backends\django.py", line 62, in render
    return self.template.render(context)
           ~~~~~~~~~~~~~~~~~~~~^^^^^^^^^
  File "D:\Projects\Current Projects\NDAS - Project\NDAS\venv\Lib\site-packages\django\template\base.py", line 175, in render
    return self._render(context)
           ~~~~~~~~~~~~^^^^^^^^^
  File "D:\Projects\Current Projects\NDAS - Project\NDAS\venv\Lib\site-packages\django\template\base.py", line 167, in _render
    return self.nodelist.render(context)
           ~~~~~~~~~~~~~~~~~~~~^^^^^^^^^
  File "D:\Projects\Current Projects\NDAS - Project\NDAS\venv\Lib\site-packages\django\template\base.py", line 1005, in render
    return SafeString("".join([node.render_annotated(context) for node in self]))
                               ~~~~~~~~~~~~~~~~~~~~~^^^^^^^^^
  File "D:\Projects\Current Projects\NDAS - Project\NDAS\venv\Lib\site-packages\django\template\base.py", line 966, in render_annotated
    return self.render(context)
           ~~~~~~~~~~~^^^^^^^^^
  File "D:\Projects\Current Projects\NDAS - Project\NDAS\venv\Lib\site-packages\django\template\loader_tags.py", line 157, in render
    return compiled_parent._render(context)
           ~~~~~~~~~~~~~~~~~~~~~~~^^^^^^^^^
  File "D:\Projects\Current Projects\NDAS - Project\NDAS\venv\Lib\site-packages\django\template\base.py", line 167, in _render
    return self.nodelist.render(context)
           ~~~~~~~~~~~~~~~~~~~~^^^^^^^^^
  File "D:\Projects\Current Projects\NDAS - Project\NDAS\venv\Lib\site-packages\django\template\base.py", line 1005, in render
    return SafeString("".join([node.render_annotated(context) for node in self]))
                               ~~~~~~~~~~~~~~~~~~~~~^^^^^^^^^
  File "D:\Projects\Current Projects\NDAS - Project\NDAS\venv\Lib\site-packages\django\template\base.py", line 966, in render_annotated
    return self.render(context)
           ~~~~~~~~~~~^^^^^^^^^
  File "D:\Projects\Current Projects\NDAS - Project\NDAS\venv\Lib\site-packages\django\template\loader_tags.py", line 157, in render
    return compiled_parent._render(context)
           ~~~~~~~~~~~~~~~~~~~~~~~^^^^^^^^^
  File "D:\Projects\Current Projects\NDAS - Project\NDAS\venv\Lib\site-packages\django\template\base.py", line 167, in _render
    return self.nodelist.render(context)
           ~~~~~~~~~~~~~~~~~~~~^^^^^^^^^
  File "D:\Projects\Current Projects\NDAS - Project\NDAS\venv\Lib\site-packages\django\template\base.py", line 1005, in render
    return SafeString("".join([node.render_annotated(context) for node in self]))
                               ~~~~~~~~~~~~~~~~~~~~~^^^^^^^^^
  File "D:\Projects\Current Projects\NDAS - Project\NDAS\venv\Lib\site-packages\django\template\base.py", line 966, in render_annotated
    return self.render(context)
           ~~~~~~~~~~~^^^^^^^^^
  File "D:\Projects\Current Projects\NDAS - Project\NDAS\venv\Lib\site-packages\django\template\loader_tags.py", line 63, in render
    result = block.nodelist.render(context)
  File "D:\Projects\Current Projects\NDAS - Project\NDAS\venv\Lib\site-packages\django\template\base.py", line 1005, in render
    return SafeString("".join([node.render_annotated(context) for node in self]))
                               ~~~~~~~~~~~~~~~~~~~~~^^^^^^^^^
  File "D:\Projects\Current Projects\NDAS - Project\NDAS\venv\Lib\site-packages\django\template\base.py", line 966, in render_annotated
    return self.render(context)
           ~~~~~~~~~~~^^^^^^^^^
  File "D:\Projects\Current Projects\NDAS - Project\NDAS\venv\Lib\site-packages\django\template\defaulttags.py", line 322, in render
    return nodelist.render(context)
           ~~~~~~~~~~~~~~~^^^^^^^^^
  File "D:\Projects\Current Projects\NDAS - Project\NDAS\venv\Lib\site-packages\django\template\base.py", line 1005, in render
    return SafeString("".join([node.render_annotated(context) for node in self]))
                               ~~~~~~~~~~~~~~~~~~~~~^^^^^^^^^
  File "D:\Projects\Current Projects\NDAS - Project\NDAS\venv\Lib\site-packages\django\template\base.py", line 966, in render_annotated
    return self.render(context)
           ~~~~~~~~~~~^^^^^^^^^
  File "D:\Projects\Current Projects\NDAS - Project\NDAS\venv\Lib\site-packages\django\template\loader_tags.py", line 63, in render
    result = block.nodelist.render(context)
  File "D:\Projects\Current Projects\NDAS - Project\NDAS\venv\Lib\site-packages\django\template\base.py", line 1005, in render
    return SafeString("".join([node.render_annotated(context) for node in self]))
                               ~~~~~~~~~~~~~~~~~~~~~^^^^^^^^^
  File "D:\Projects\Current Projects\NDAS - Project\NDAS\venv\Lib\site-packages\django\template\base.py", line 966, in render_annotated
    return self.render(context)
           ~~~~~~~~~~~^^^^^^^^^
  File "D:\Projects\Current Projects\NDAS - Project\NDAS\venv\Lib\site-packages\django\template\defaulttags.py", line 472, in render
    url = reverse(view_name, args=args, kwargs=kwargs, current_app=current_app)
  File "D:\Projects\Current Projects\NDAS - Project\NDAS\venv\Lib\site-packages\django\urls\base.py", line 88, in reverse
    return resolver._reverse_with_prefix(view, prefix, *args, **kwargs)
           ~~~~~~~~~~~~~~~~~~~~~~~~~~~~~^^^^^^^^^^^^^^^^^^^^^^^^^^^^^^^
  File "D:\Projects\Current Projects\NDAS - Project\NDAS\venv\Lib\site-packages\django\urls\resolvers.py", line 828, in _reverse_with_prefix
    raise NoReverseMatch(msg)
django.urls.exceptions.NoReverseMatch: Reverse for 'dashboard' not found. 'dashboard' is not a valid view function or pattern name.
ERROR 2025-08-28 13:33:38,810 basehttp 14864 11680 "GET /attachment/add/4/ HTTP/1.1" 500 232143
ERROR 2025-08-28 13:34:44,321 log 14864 11680 Internal Server Error: /attachment/add/4/
Traceback (most recent call last):
  File "D:\Projects\Current Projects\NDAS - Project\NDAS\venv\Lib\site-packages\django\core\handlers\exception.py", line 55, in inner
    response = get_response(request)
  File "D:\Projects\Current Projects\NDAS - Project\NDAS\venv\Lib\site-packages\django\core\handlers\base.py", line 197, in _get_response
    response = wrapped_callback(request, *callback_args, **callback_kwargs)
  File "D:\Projects\Current Projects\NDAS - Project\NDAS\venv\Lib\site-packages\django\views\decorators\csrf.py", line 54, in wrapped_view
    return view_func(*args, **kwargs)
  File "D:\Projects\Current Projects\NDAS - Project\NDAS\venv\Lib\site-packages\django\contrib\auth\decorators.py", line 23, in _wrapped_view
    return view_func(request, *args, **kwargs)
  File "D:\Projects\Current Projects\NDAS - Project\NDAS\patients\views.py", line 1356, in attachment_add
    return render(
        request,
        "attachment/add.html",
        {"patient": selected_patient, "attachment_form": attachment_form},
    )
  File "D:\Projects\Current Projects\NDAS - Project\NDAS\venv\Lib\site-packages\django\shortcuts.py", line 24, in render
    content = loader.render_to_string(template_name, context, request, using=using)
  File "D:\Projects\Current Projects\NDAS - Project\NDAS\venv\Lib\site-packages\django\template\loader.py", line 62, in render_to_string
    return template.render(context, request)
           ~~~~~~~~~~~~~~~^^^^^^^^^^^^^^^^^^
  File "D:\Projects\Current Projects\NDAS - Project\NDAS\venv\Lib\site-packages\django\template\backends\django.py", line 62, in render
    return self.template.render(context)
           ~~~~~~~~~~~~~~~~~~~~^^^^^^^^^
  File "D:\Projects\Current Projects\NDAS - Project\NDAS\venv\Lib\site-packages\django\template\base.py", line 175, in render
    return self._render(context)
           ~~~~~~~~~~~~^^^^^^^^^
  File "D:\Projects\Current Projects\NDAS - Project\NDAS\venv\Lib\site-packages\django\template\base.py", line 167, in _render
    return self.nodelist.render(context)
           ~~~~~~~~~~~~~~~~~~~~^^^^^^^^^
  File "D:\Projects\Current Projects\NDAS - Project\NDAS\venv\Lib\site-packages\django\template\base.py", line 1005, in render
    return SafeString("".join([node.render_annotated(context) for node in self]))
                               ~~~~~~~~~~~~~~~~~~~~~^^^^^^^^^
  File "D:\Projects\Current Projects\NDAS - Project\NDAS\venv\Lib\site-packages\django\template\base.py", line 966, in render_annotated
    return self.render(context)
           ~~~~~~~~~~~^^^^^^^^^
  File "D:\Projects\Current Projects\NDAS - Project\NDAS\venv\Lib\site-packages\django\template\loader_tags.py", line 157, in render
    return compiled_parent._render(context)
           ~~~~~~~~~~~~~~~~~~~~~~~^^^^^^^^^
  File "D:\Projects\Current Projects\NDAS - Project\NDAS\venv\Lib\site-packages\django\template\base.py", line 167, in _render
    return self.nodelist.render(context)
           ~~~~~~~~~~~~~~~~~~~~^^^^^^^^^
  File "D:\Projects\Current Projects\NDAS - Project\NDAS\venv\Lib\site-packages\django\template\base.py", line 1005, in render
    return SafeString("".join([node.render_annotated(context) for node in self]))
                               ~~~~~~~~~~~~~~~~~~~~~^^^^^^^^^
  File "D:\Projects\Current Projects\NDAS - Project\NDAS\venv\Lib\site-packages\django\template\base.py", line 966, in render_annotated
    return self.render(context)
           ~~~~~~~~~~~^^^^^^^^^
  File "D:\Projects\Current Projects\NDAS - Project\NDAS\venv\Lib\site-packages\django\template\loader_tags.py", line 157, in render
    return compiled_parent._render(context)
           ~~~~~~~~~~~~~~~~~~~~~~~^^^^^^^^^
  File "D:\Projects\Current Projects\NDAS - Project\NDAS\venv\Lib\site-packages\django\template\base.py", line 167, in _render
    return self.nodelist.render(context)
           ~~~~~~~~~~~~~~~~~~~~^^^^^^^^^
  File "D:\Projects\Current Projects\NDAS - Project\NDAS\venv\Lib\site-packages\django\template\base.py", line 1005, in render
    return SafeString("".join([node.render_annotated(context) for node in self]))
                               ~~~~~~~~~~~~~~~~~~~~~^^^^^^^^^
  File "D:\Projects\Current Projects\NDAS - Project\NDAS\venv\Lib\site-packages\django\template\base.py", line 966, in render_annotated
    return self.render(context)
           ~~~~~~~~~~~^^^^^^^^^
  File "D:\Projects\Current Projects\NDAS - Project\NDAS\venv\Lib\site-packages\django\template\loader_tags.py", line 63, in render
    result = block.nodelist.render(context)
  File "D:\Projects\Current Projects\NDAS - Project\NDAS\venv\Lib\site-packages\django\template\base.py", line 1005, in render
    return SafeString("".join([node.render_annotated(context) for node in self]))
                               ~~~~~~~~~~~~~~~~~~~~~^^^^^^^^^
  File "D:\Projects\Current Projects\NDAS - Project\NDAS\venv\Lib\site-packages\django\template\base.py", line 966, in render_annotated
    return self.render(context)
           ~~~~~~~~~~~^^^^^^^^^
  File "D:\Projects\Current Projects\NDAS - Project\NDAS\venv\Lib\site-packages\django\template\defaulttags.py", line 322, in render
    return nodelist.render(context)
           ~~~~~~~~~~~~~~~^^^^^^^^^
  File "D:\Projects\Current Projects\NDAS - Project\NDAS\venv\Lib\site-packages\django\template\base.py", line 1005, in render
    return SafeString("".join([node.render_annotated(context) for node in self]))
                               ~~~~~~~~~~~~~~~~~~~~~^^^^^^^^^
  File "D:\Projects\Current Projects\NDAS - Project\NDAS\venv\Lib\site-packages\django\template\base.py", line 966, in render_annotated
    return self.render(context)
           ~~~~~~~~~~~^^^^^^^^^
  File "D:\Projects\Current Projects\NDAS - Project\NDAS\venv\Lib\site-packages\django\template\loader_tags.py", line 63, in render
    result = block.nodelist.render(context)
  File "D:\Projects\Current Projects\NDAS - Project\NDAS\venv\Lib\site-packages\django\template\base.py", line 1005, in render
    return SafeString("".join([node.render_annotated(context) for node in self]))
                               ~~~~~~~~~~~~~~~~~~~~~^^^^^^^^^
  File "D:\Projects\Current Projects\NDAS - Project\NDAS\venv\Lib\site-packages\django\template\base.py", line 966, in render_annotated
    return self.render(context)
           ~~~~~~~~~~~^^^^^^^^^
  File "D:\Projects\Current Projects\NDAS - Project\NDAS\venv\Lib\site-packages\django\template\defaulttags.py", line 472, in render
    url = reverse(view_name, args=args, kwargs=kwargs, current_app=current_app)
  File "D:\Projects\Current Projects\NDAS - Project\NDAS\venv\Lib\site-packages\django\urls\base.py", line 88, in reverse
    return resolver._reverse_with_prefix(view, prefix, *args, **kwargs)
           ~~~~~~~~~~~~~~~~~~~~~~~~~~~~~^^^^^^^^^^^^^^^^^^^^^^^^^^^^^^^
  File "D:\Projects\Current Projects\NDAS - Project\NDAS\venv\Lib\site-packages\django\urls\resolvers.py", line 828, in _reverse_with_prefix
    raise NoReverseMatch(msg)
django.urls.exceptions.NoReverseMatch: Reverse for 'dashboard' not found. 'dashboard' is not a valid view function or pattern name.
ERROR 2025-08-28 13:34:44,337 basehttp 14864 11680 "GET /attachment/add/4/ HTTP/1.1" 500 232280
ERROR 2025-08-28 13:34:45,466 log 14864 11680 Internal Server Error: /attachment/add/4/
Traceback (most recent call last):
  File "D:\Projects\Current Projects\NDAS - Project\NDAS\venv\Lib\site-packages\django\core\handlers\exception.py", line 55, in inner
    response = get_response(request)
  File "D:\Projects\Current Projects\NDAS - Project\NDAS\venv\Lib\site-packages\django\core\handlers\base.py", line 197, in _get_response
    response = wrapped_callback(request, *callback_args, **callback_kwargs)
  File "D:\Projects\Current Projects\NDAS - Project\NDAS\venv\Lib\site-packages\django\views\decorators\csrf.py", line 54, in wrapped_view
    return view_func(*args, **kwargs)
  File "D:\Projects\Current Projects\NDAS - Project\NDAS\venv\Lib\site-packages\django\contrib\auth\decorators.py", line 23, in _wrapped_view
    return view_func(request, *args, **kwargs)
  File "D:\Projects\Current Projects\NDAS - Project\NDAS\patients\views.py", line 1356, in attachment_add
    return render(
        request,
        "attachment/add.html",
        {"patient": selected_patient, "attachment_form": attachment_form},
    )
  File "D:\Projects\Current Projects\NDAS - Project\NDAS\venv\Lib\site-packages\django\shortcuts.py", line 24, in render
    content = loader.render_to_string(template_name, context, request, using=using)
  File "D:\Projects\Current Projects\NDAS - Project\NDAS\venv\Lib\site-packages\django\template\loader.py", line 62, in render_to_string
    return template.render(context, request)
           ~~~~~~~~~~~~~~~^^^^^^^^^^^^^^^^^^
  File "D:\Projects\Current Projects\NDAS - Project\NDAS\venv\Lib\site-packages\django\template\backends\django.py", line 62, in render
    return self.template.render(context)
           ~~~~~~~~~~~~~~~~~~~~^^^^^^^^^
  File "D:\Projects\Current Projects\NDAS - Project\NDAS\venv\Lib\site-packages\django\template\base.py", line 175, in render
    return self._render(context)
           ~~~~~~~~~~~~^^^^^^^^^
  File "D:\Projects\Current Projects\NDAS - Project\NDAS\venv\Lib\site-packages\django\template\base.py", line 167, in _render
    return self.nodelist.render(context)
           ~~~~~~~~~~~~~~~~~~~~^^^^^^^^^
  File "D:\Projects\Current Projects\NDAS - Project\NDAS\venv\Lib\site-packages\django\template\base.py", line 1005, in render
    return SafeString("".join([node.render_annotated(context) for node in self]))
                               ~~~~~~~~~~~~~~~~~~~~~^^^^^^^^^
  File "D:\Projects\Current Projects\NDAS - Project\NDAS\venv\Lib\site-packages\django\template\base.py", line 966, in render_annotated
    return self.render(context)
           ~~~~~~~~~~~^^^^^^^^^
  File "D:\Projects\Current Projects\NDAS - Project\NDAS\venv\Lib\site-packages\django\template\loader_tags.py", line 157, in render
    return compiled_parent._render(context)
           ~~~~~~~~~~~~~~~~~~~~~~~^^^^^^^^^
  File "D:\Projects\Current Projects\NDAS - Project\NDAS\venv\Lib\site-packages\django\template\base.py", line 167, in _render
    return self.nodelist.render(context)
           ~~~~~~~~~~~~~~~~~~~~^^^^^^^^^
  File "D:\Projects\Current Projects\NDAS - Project\NDAS\venv\Lib\site-packages\django\template\base.py", line 1005, in render
    return SafeString("".join([node.render_annotated(context) for node in self]))
                               ~~~~~~~~~~~~~~~~~~~~~^^^^^^^^^
  File "D:\Projects\Current Projects\NDAS - Project\NDAS\venv\Lib\site-packages\django\template\base.py", line 966, in render_annotated
    return self.render(context)
           ~~~~~~~~~~~^^^^^^^^^
  File "D:\Projects\Current Projects\NDAS - Project\NDAS\venv\Lib\site-packages\django\template\loader_tags.py", line 157, in render
    return compiled_parent._render(context)
           ~~~~~~~~~~~~~~~~~~~~~~~^^^^^^^^^
  File "D:\Projects\Current Projects\NDAS - Project\NDAS\venv\Lib\site-packages\django\template\base.py", line 167, in _render
    return self.nodelist.render(context)
           ~~~~~~~~~~~~~~~~~~~~^^^^^^^^^
  File "D:\Projects\Current Projects\NDAS - Project\NDAS\venv\Lib\site-packages\django\template\base.py", line 1005, in render
    return SafeString("".join([node.render_annotated(context) for node in self]))
                               ~~~~~~~~~~~~~~~~~~~~~^^^^^^^^^
  File "D:\Projects\Current Projects\NDAS - Project\NDAS\venv\Lib\site-packages\django\template\base.py", line 966, in render_annotated
    return self.render(context)
           ~~~~~~~~~~~^^^^^^^^^
  File "D:\Projects\Current Projects\NDAS - Project\NDAS\venv\Lib\site-packages\django\template\loader_tags.py", line 63, in render
    result = block.nodelist.render(context)
  File "D:\Projects\Current Projects\NDAS - Project\NDAS\venv\Lib\site-packages\django\template\base.py", line 1005, in render
    return SafeString("".join([node.render_annotated(context) for node in self]))
                               ~~~~~~~~~~~~~~~~~~~~~^^^^^^^^^
  File "D:\Projects\Current Projects\NDAS - Project\NDAS\venv\Lib\site-packages\django\template\base.py", line 966, in render_annotated
    return self.render(context)
           ~~~~~~~~~~~^^^^^^^^^
  File "D:\Projects\Current Projects\NDAS - Project\NDAS\venv\Lib\site-packages\django\template\defaulttags.py", line 322, in render
    return nodelist.render(context)
           ~~~~~~~~~~~~~~~^^^^^^^^^
  File "D:\Projects\Current Projects\NDAS - Project\NDAS\venv\Lib\site-packages\django\template\base.py", line 1005, in render
    return SafeString("".join([node.render_annotated(context) for node in self]))
                               ~~~~~~~~~~~~~~~~~~~~~^^^^^^^^^
  File "D:\Projects\Current Projects\NDAS - Project\NDAS\venv\Lib\site-packages\django\template\base.py", line 966, in render_annotated
    return self.render(context)
           ~~~~~~~~~~~^^^^^^^^^
  File "D:\Projects\Current Projects\NDAS - Project\NDAS\venv\Lib\site-packages\django\template\loader_tags.py", line 63, in render
    result = block.nodelist.render(context)
  File "D:\Projects\Current Projects\NDAS - Project\NDAS\venv\Lib\site-packages\django\template\base.py", line 1005, in render
    return SafeString("".join([node.render_annotated(context) for node in self]))
                               ~~~~~~~~~~~~~~~~~~~~~^^^^^^^^^
  File "D:\Projects\Current Projects\NDAS - Project\NDAS\venv\Lib\site-packages\django\template\base.py", line 966, in render_annotated
    return self.render(context)
           ~~~~~~~~~~~^^^^^^^^^
  File "D:\Projects\Current Projects\NDAS - Project\NDAS\venv\Lib\site-packages\django\template\defaulttags.py", line 472, in render
    url = reverse(view_name, args=args, kwargs=kwargs, current_app=current_app)
  File "D:\Projects\Current Projects\NDAS - Project\NDAS\venv\Lib\site-packages\django\urls\base.py", line 88, in reverse
    return resolver._reverse_with_prefix(view, prefix, *args, **kwargs)
           ~~~~~~~~~~~~~~~~~~~~~~~~~~~~~^^^^^^^^^^^^^^^^^^^^^^^^^^^^^^^
  File "D:\Projects\Current Projects\NDAS - Project\NDAS\venv\Lib\site-packages\django\urls\resolvers.py", line 828, in _reverse_with_prefix
    raise NoReverseMatch(msg)
django.urls.exceptions.NoReverseMatch: Reverse for 'dashboard' not found. 'dashboard' is not a valid view function or pattern name.
ERROR 2025-08-28 13:34:45,482 basehttp 14864 11680 "GET /attachment/add/4/ HTTP/1.1" 500 232280
ERROR 2025-08-28 13:36:50,183 log 14864 11680 Internal Server Error: /attachment/add/4/
Traceback (most recent call last):
  File "D:\Projects\Current Projects\NDAS - Project\NDAS\venv\Lib\site-packages\django\core\handlers\exception.py", line 55, in inner
    response = get_response(request)
  File "D:\Projects\Current Projects\NDAS - Project\NDAS\venv\Lib\site-packages\django\core\handlers\base.py", line 197, in _get_response
    response = wrapped_callback(request, *callback_args, **callback_kwargs)
  File "D:\Projects\Current Projects\NDAS - Project\NDAS\venv\Lib\site-packages\django\views\decorators\csrf.py", line 54, in wrapped_view
    return view_func(*args, **kwargs)
  File "D:\Projects\Current Projects\NDAS - Project\NDAS\venv\Lib\site-packages\django\contrib\auth\decorators.py", line 23, in _wrapped_view
    return view_func(request, *args, **kwargs)
  File "D:\Projects\Current Projects\NDAS - Project\NDAS\patients\views.py", line 1356, in attachment_add
    return render(
        request,
        "attachment/add.html",
        {"patient": selected_patient, "attachment_form": attachment_form},
    )
  File "D:\Projects\Current Projects\NDAS - Project\NDAS\venv\Lib\site-packages\django\shortcuts.py", line 24, in render
    content = loader.render_to_string(template_name, context, request, using=using)
  File "D:\Projects\Current Projects\NDAS - Project\NDAS\venv\Lib\site-packages\django\template\loader.py", line 62, in render_to_string
    return template.render(context, request)
           ~~~~~~~~~~~~~~~^^^^^^^^^^^^^^^^^^
  File "D:\Projects\Current Projects\NDAS - Project\NDAS\venv\Lib\site-packages\django\template\backends\django.py", line 62, in render
    return self.template.render(context)
           ~~~~~~~~~~~~~~~~~~~~^^^^^^^^^
  File "D:\Projects\Current Projects\NDAS - Project\NDAS\venv\Lib\site-packages\django\template\base.py", line 175, in render
    return self._render(context)
           ~~~~~~~~~~~~^^^^^^^^^
  File "D:\Projects\Current Projects\NDAS - Project\NDAS\venv\Lib\site-packages\django\template\base.py", line 167, in _render
    return self.nodelist.render(context)
           ~~~~~~~~~~~~~~~~~~~~^^^^^^^^^
  File "D:\Projects\Current Projects\NDAS - Project\NDAS\venv\Lib\site-packages\django\template\base.py", line 1005, in render
    return SafeString("".join([node.render_annotated(context) for node in self]))
                               ~~~~~~~~~~~~~~~~~~~~~^^^^^^^^^
  File "D:\Projects\Current Projects\NDAS - Project\NDAS\venv\Lib\site-packages\django\template\base.py", line 966, in render_annotated
    return self.render(context)
           ~~~~~~~~~~~^^^^^^^^^
  File "D:\Projects\Current Projects\NDAS - Project\NDAS\venv\Lib\site-packages\django\template\loader_tags.py", line 157, in render
    return compiled_parent._render(context)
           ~~~~~~~~~~~~~~~~~~~~~~~^^^^^^^^^
  File "D:\Projects\Current Projects\NDAS - Project\NDAS\venv\Lib\site-packages\django\template\base.py", line 167, in _render
    return self.nodelist.render(context)
           ~~~~~~~~~~~~~~~~~~~~^^^^^^^^^
  File "D:\Projects\Current Projects\NDAS - Project\NDAS\venv\Lib\site-packages\django\template\base.py", line 1005, in render
    return SafeString("".join([node.render_annotated(context) for node in self]))
                               ~~~~~~~~~~~~~~~~~~~~~^^^^^^^^^
  File "D:\Projects\Current Projects\NDAS - Project\NDAS\venv\Lib\site-packages\django\template\base.py", line 966, in render_annotated
    return self.render(context)
           ~~~~~~~~~~~^^^^^^^^^
  File "D:\Projects\Current Projects\NDAS - Project\NDAS\venv\Lib\site-packages\django\template\loader_tags.py", line 157, in render
    return compiled_parent._render(context)
           ~~~~~~~~~~~~~~~~~~~~~~~^^^^^^^^^
  File "D:\Projects\Current Projects\NDAS - Project\NDAS\venv\Lib\site-packages\django\template\base.py", line 167, in _render
    return self.nodelist.render(context)
           ~~~~~~~~~~~~~~~~~~~~^^^^^^^^^
  File "D:\Projects\Current Projects\NDAS - Project\NDAS\venv\Lib\site-packages\django\template\base.py", line 1005, in render
    return SafeString("".join([node.render_annotated(context) for node in self]))
                               ~~~~~~~~~~~~~~~~~~~~~^^^^^^^^^
  File "D:\Projects\Current Projects\NDAS - Project\NDAS\venv\Lib\site-packages\django\template\base.py", line 966, in render_annotated
    return self.render(context)
           ~~~~~~~~~~~^^^^^^^^^
  File "D:\Projects\Current Projects\NDAS - Project\NDAS\venv\Lib\site-packages\django\template\loader_tags.py", line 63, in render
    result = block.nodelist.render(context)
  File "D:\Projects\Current Projects\NDAS - Project\NDAS\venv\Lib\site-packages\django\template\base.py", line 1005, in render
    return SafeString("".join([node.render_annotated(context) for node in self]))
                               ~~~~~~~~~~~~~~~~~~~~~^^^^^^^^^
  File "D:\Projects\Current Projects\NDAS - Project\NDAS\venv\Lib\site-packages\django\template\base.py", line 966, in render_annotated
    return self.render(context)
           ~~~~~~~~~~~^^^^^^^^^
  File "D:\Projects\Current Projects\NDAS - Project\NDAS\venv\Lib\site-packages\django\template\defaulttags.py", line 322, in render
    return nodelist.render(context)
           ~~~~~~~~~~~~~~~^^^^^^^^^
  File "D:\Projects\Current Projects\NDAS - Project\NDAS\venv\Lib\site-packages\django\template\base.py", line 1005, in render
    return SafeString("".join([node.render_annotated(context) for node in self]))
                               ~~~~~~~~~~~~~~~~~~~~~^^^^^^^^^
  File "D:\Projects\Current Projects\NDAS - Project\NDAS\venv\Lib\site-packages\django\template\base.py", line 966, in render_annotated
    return self.render(context)
           ~~~~~~~~~~~^^^^^^^^^
  File "D:\Projects\Current Projects\NDAS - Project\NDAS\venv\Lib\site-packages\django\template\loader_tags.py", line 63, in render
    result = block.nodelist.render(context)
  File "D:\Projects\Current Projects\NDAS - Project\NDAS\venv\Lib\site-packages\django\template\base.py", line 1005, in render
    return SafeString("".join([node.render_annotated(context) for node in self]))
                               ~~~~~~~~~~~~~~~~~~~~~^^^^^^^^^
  File "D:\Projects\Current Projects\NDAS - Project\NDAS\venv\Lib\site-packages\django\template\base.py", line 966, in render_annotated
    return self.render(context)
           ~~~~~~~~~~~^^^^^^^^^
  File "D:\Projects\Current Projects\NDAS - Project\NDAS\venv\Lib\site-packages\django\template\defaulttags.py", line 472, in render
    url = reverse(view_name, args=args, kwargs=kwargs, current_app=current_app)
  File "D:\Projects\Current Projects\NDAS - Project\NDAS\venv\Lib\site-packages\django\urls\base.py", line 88, in reverse
    return resolver._reverse_with_prefix(view, prefix, *args, **kwargs)
           ~~~~~~~~~~~~~~~~~~~~~~~~~~~~~^^^^^^^^^^^^^^^^^^^^^^^^^^^^^^^
  File "D:\Projects\Current Projects\NDAS - Project\NDAS\venv\Lib\site-packages\django\urls\resolvers.py", line 828, in _reverse_with_prefix
    raise NoReverseMatch(msg)
django.urls.exceptions.NoReverseMatch: Reverse for 'dashboard' not found. 'dashboard' is not a valid view function or pattern name.
ERROR 2025-08-28 13:36:50,196 basehttp 14864 11680 "GET /attachment/add/4/ HTTP/1.1" 500 232280
INFO 2025-08-28 13:36:55,596 basehttp 14864 11680 "GET /admin/patients/patient/ HTTP/1.1" 200 13939
INFO 2025-08-28 13:36:58,599 basehttp 14864 11680 "GET /admin/patients/attachment/ HTTP/1.1" 200 9921
INFO 2025-08-28 13:36:58,756 basehttp 14864 11680 "GET /admin/jsi18n/ HTTP/1.1" 200 3343
ERROR 2025-08-28 13:37:01,081 log 14864 11680 Internal Server Error: /admin/patients/attachment/add/
Traceback (most recent call last):
  File "D:\Projects\Current Projects\NDAS - Project\NDAS\venv\Lib\site-packages\django\contrib\admin\options.py", line 807, in get_form
    return modelform_factory(self.model, **defaults)
  File "D:\Projects\Current Projects\NDAS - Project\NDAS\venv\Lib\site-packages\django\forms\models.py", line 648, in modelform_factory
    return type(form)(class_name, (form,), form_class_attrs)
           ~~~~~~~~~~^^^^^^^^^^^^^^^^^^^^^^^^^^^^^^^^^^^^^^^
  File "D:\Projects\Current Projects\NDAS - Project\NDAS\venv\Lib\site-packages\django\forms\models.py", line 327, in __new__
    raise FieldError(message)
django.core.exceptions.FieldError: Unknown field(s) (file) specified for Attachment

During handling of the above exception, another exception occurred:

Traceback (most recent call last):
  File "D:\Projects\Current Projects\NDAS - Project\NDAS\venv\Lib\site-packages\django\core\handlers\exception.py", line 55, in inner
    response = get_response(request)
  File "D:\Projects\Current Projects\NDAS - Project\NDAS\venv\Lib\site-packages\django\core\handlers\base.py", line 197, in _get_response
    response = wrapped_callback(request, *callback_args, **callback_kwargs)
  File "D:\Projects\Current Projects\NDAS - Project\NDAS\venv\Lib\site-packages\django\contrib\admin\options.py", line 686, in wrapper
    return self.admin_site.admin_view(view)(*args, **kwargs)
           ~~~~~~~~~~~~~~~~~~~~~~~~~~~~~~~~^^^^^^^^^^^^^^^^^
  File "D:\Projects\Current Projects\NDAS - Project\NDAS\venv\Lib\site-packages\django\utils\decorators.py", line 133, in _wrapped_view
    response = view_func(request, *args, **kwargs)
  File "D:\Projects\Current Projects\NDAS - Project\NDAS\venv\Lib\site-packages\django\views\decorators\cache.py", line 62, in _wrapped_view_func
    response = view_func(request, *args, **kwargs)
  File "D:\Projects\Current Projects\NDAS - Project\NDAS\venv\Lib\site-packages\django\contrib\admin\sites.py", line 242, in inner
    return view(request, *args, **kwargs)
  File "D:\Projects\Current Projects\NDAS - Project\NDAS\venv\Lib\site-packages\django\contrib\admin\options.py", line 1890, in add_view
    return self.changeform_view(request, None, form_url, extra_context)
           ~~~~~~~~~~~~~~~~~~~~^^^^^^^^^^^^^^^^^^^^^^^^^^^^^^^^^^^^^^^^
  File "D:\Projects\Current Projects\NDAS - Project\NDAS\venv\Lib\site-packages\django\utils\decorators.py", line 46, in _wrapper
    return bound_method(*args, **kwargs)
  File "D:\Projects\Current Projects\NDAS - Project\NDAS\venv\Lib\site-packages\django\utils\decorators.py", line 133, in _wrapped_view
    response = view_func(request, *args, **kwargs)
  File "D:\Projects\Current Projects\NDAS - Project\NDAS\venv\Lib\site-packages\django\contrib\admin\options.py", line 1750, in changeform_view
    return self._changeform_view(request, object_id, form_url, extra_context)
           ~~~~~~~~~~~~~~~~~~~~~^^^^^^^^^^^^^^^^^^^^^^^^^^^^^^^^^^^^^^^^^^^^^
  File "D:\Projects\Current Projects\NDAS - Project\NDAS\venv\Lib\site-packages\django\contrib\admin\options.py", line 1786, in _changeform_view
    ModelForm = self.get_form(
        request, obj, change=not add, fields=flatten_fieldsets(fieldsets)
    )
  File "D:\Projects\Current Projects\NDAS - Project\NDAS\venv\Lib\site-packages\django\contrib\admin\options.py", line 809, in get_form
    raise FieldError(
    ...<2 lines>...
    )
django.core.exceptions.FieldError: Unknown field(s) (file) specified for Attachment. Check fields/fieldsets/exclude attributes of class AttachmentAdmin.
ERROR 2025-08-28 13:37:01,092 basehttp 14864 11680 "GET /admin/patients/attachment/add/ HTTP/1.1" 500 153484
INFO 2025-08-28 13:37:18,091 basehttp 14864 11680 "GET /admin/patients/attachment/ HTTP/1.1" 200 9921
ERROR 2025-08-28 13:37:21,123 log 14864 11680 Internal Server Error: /attachment/add/4/
Traceback (most recent call last):
  File "D:\Projects\Current Projects\NDAS - Project\NDAS\venv\Lib\site-packages\django\core\handlers\exception.py", line 55, in inner
    response = get_response(request)
  File "D:\Projects\Current Projects\NDAS - Project\NDAS\venv\Lib\site-packages\django\core\handlers\base.py", line 197, in _get_response
    response = wrapped_callback(request, *callback_args, **callback_kwargs)
  File "D:\Projects\Current Projects\NDAS - Project\NDAS\venv\Lib\site-packages\django\views\decorators\csrf.py", line 54, in wrapped_view
    return view_func(*args, **kwargs)
  File "D:\Projects\Current Projects\NDAS - Project\NDAS\venv\Lib\site-packages\django\contrib\auth\decorators.py", line 23, in _wrapped_view
    return view_func(request, *args, **kwargs)
  File "D:\Projects\Current Projects\NDAS - Project\NDAS\patients\views.py", line 1356, in attachment_add
    return render(
        request,
        "attachment/add.html",
        {"patient": selected_patient, "attachment_form": attachment_form},
    )
  File "D:\Projects\Current Projects\NDAS - Project\NDAS\venv\Lib\site-packages\django\shortcuts.py", line 24, in render
    content = loader.render_to_string(template_name, context, request, using=using)
  File "D:\Projects\Current Projects\NDAS - Project\NDAS\venv\Lib\site-packages\django\template\loader.py", line 62, in render_to_string
    return template.render(context, request)
           ~~~~~~~~~~~~~~~^^^^^^^^^^^^^^^^^^
  File "D:\Projects\Current Projects\NDAS - Project\NDAS\venv\Lib\site-packages\django\template\backends\django.py", line 62, in render
    return self.template.render(context)
           ~~~~~~~~~~~~~~~~~~~~^^^^^^^^^
  File "D:\Projects\Current Projects\NDAS - Project\NDAS\venv\Lib\site-packages\django\template\base.py", line 175, in render
    return self._render(context)
           ~~~~~~~~~~~~^^^^^^^^^
  File "D:\Projects\Current Projects\NDAS - Project\NDAS\venv\Lib\site-packages\django\template\base.py", line 167, in _render
    return self.nodelist.render(context)
           ~~~~~~~~~~~~~~~~~~~~^^^^^^^^^
  File "D:\Projects\Current Projects\NDAS - Project\NDAS\venv\Lib\site-packages\django\template\base.py", line 1005, in render
    return SafeString("".join([node.render_annotated(context) for node in self]))
                               ~~~~~~~~~~~~~~~~~~~~~^^^^^^^^^
  File "D:\Projects\Current Projects\NDAS - Project\NDAS\venv\Lib\site-packages\django\template\base.py", line 966, in render_annotated
    return self.render(context)
           ~~~~~~~~~~~^^^^^^^^^
  File "D:\Projects\Current Projects\NDAS - Project\NDAS\venv\Lib\site-packages\django\template\loader_tags.py", line 157, in render
    return compiled_parent._render(context)
           ~~~~~~~~~~~~~~~~~~~~~~~^^^^^^^^^
  File "D:\Projects\Current Projects\NDAS - Project\NDAS\venv\Lib\site-packages\django\template\base.py", line 167, in _render
    return self.nodelist.render(context)
           ~~~~~~~~~~~~~~~~~~~~^^^^^^^^^
  File "D:\Projects\Current Projects\NDAS - Project\NDAS\venv\Lib\site-packages\django\template\base.py", line 1005, in render
    return SafeString("".join([node.render_annotated(context) for node in self]))
                               ~~~~~~~~~~~~~~~~~~~~~^^^^^^^^^
  File "D:\Projects\Current Projects\NDAS - Project\NDAS\venv\Lib\site-packages\django\template\base.py", line 966, in render_annotated
    return self.render(context)
           ~~~~~~~~~~~^^^^^^^^^
  File "D:\Projects\Current Projects\NDAS - Project\NDAS\venv\Lib\site-packages\django\template\loader_tags.py", line 157, in render
    return compiled_parent._render(context)
           ~~~~~~~~~~~~~~~~~~~~~~~^^^^^^^^^
  File "D:\Projects\Current Projects\NDAS - Project\NDAS\venv\Lib\site-packages\django\template\base.py", line 167, in _render
    return self.nodelist.render(context)
           ~~~~~~~~~~~~~~~~~~~~^^^^^^^^^
  File "D:\Projects\Current Projects\NDAS - Project\NDAS\venv\Lib\site-packages\django\template\base.py", line 1005, in render
    return SafeString("".join([node.render_annotated(context) for node in self]))
                               ~~~~~~~~~~~~~~~~~~~~~^^^^^^^^^
  File "D:\Projects\Current Projects\NDAS - Project\NDAS\venv\Lib\site-packages\django\template\base.py", line 966, in render_annotated
    return self.render(context)
           ~~~~~~~~~~~^^^^^^^^^
  File "D:\Projects\Current Projects\NDAS - Project\NDAS\venv\Lib\site-packages\django\template\loader_tags.py", line 63, in render
    result = block.nodelist.render(context)
  File "D:\Projects\Current Projects\NDAS - Project\NDAS\venv\Lib\site-packages\django\template\base.py", line 1005, in render
    return SafeString("".join([node.render_annotated(context) for node in self]))
                               ~~~~~~~~~~~~~~~~~~~~~^^^^^^^^^
  File "D:\Projects\Current Projects\NDAS - Project\NDAS\venv\Lib\site-packages\django\template\base.py", line 966, in render_annotated
    return self.render(context)
           ~~~~~~~~~~~^^^^^^^^^
  File "D:\Projects\Current Projects\NDAS - Project\NDAS\venv\Lib\site-packages\django\template\defaulttags.py", line 322, in render
    return nodelist.render(context)
           ~~~~~~~~~~~~~~~^^^^^^^^^
  File "D:\Projects\Current Projects\NDAS - Project\NDAS\venv\Lib\site-packages\django\template\base.py", line 1005, in render
    return SafeString("".join([node.render_annotated(context) for node in self]))
                               ~~~~~~~~~~~~~~~~~~~~~^^^^^^^^^
  File "D:\Projects\Current Projects\NDAS - Project\NDAS\venv\Lib\site-packages\django\template\base.py", line 966, in render_annotated
    return self.render(context)
           ~~~~~~~~~~~^^^^^^^^^
  File "D:\Projects\Current Projects\NDAS - Project\NDAS\venv\Lib\site-packages\django\template\loader_tags.py", line 63, in render
    result = block.nodelist.render(context)
  File "D:\Projects\Current Projects\NDAS - Project\NDAS\venv\Lib\site-packages\django\template\base.py", line 1005, in render
    return SafeString("".join([node.render_annotated(context) for node in self]))
                               ~~~~~~~~~~~~~~~~~~~~~^^^^^^^^^
  File "D:\Projects\Current Projects\NDAS - Project\NDAS\venv\Lib\site-packages\django\template\base.py", line 966, in render_annotated
    return self.render(context)
           ~~~~~~~~~~~^^^^^^^^^
  File "D:\Projects\Current Projects\NDAS - Project\NDAS\venv\Lib\site-packages\django\template\defaulttags.py", line 472, in render
    url = reverse(view_name, args=args, kwargs=kwargs, current_app=current_app)
  File "D:\Projects\Current Projects\NDAS - Project\NDAS\venv\Lib\site-packages\django\urls\base.py", line 88, in reverse
    return resolver._reverse_with_prefix(view, prefix, *args, **kwargs)
           ~~~~~~~~~~~~~~~~~~~~~~~~~~~~~^^^^^^^^^^^^^^^^^^^^^^^^^^^^^^^
  File "D:\Projects\Current Projects\NDAS - Project\NDAS\venv\Lib\site-packages\django\urls\resolvers.py", line 828, in _reverse_with_prefix
    raise NoReverseMatch(msg)
django.urls.exceptions.NoReverseMatch: Reverse for 'dashboard' not found. 'dashboard' is not a valid view function or pattern name.
ERROR 2025-08-28 13:37:21,139 basehttp 14864 11680 "GET /attachment/add/4/ HTTP/1.1" 500 232280
ERROR 2025-08-28 13:37:54,274 log 14864 11680 Internal Server Error: /attachment/add/4/
Traceback (most recent call last):
  File "D:\Projects\Current Projects\NDAS - Project\NDAS\venv\Lib\site-packages\django\core\handlers\exception.py", line 55, in inner
    response = get_response(request)
  File "D:\Projects\Current Projects\NDAS - Project\NDAS\venv\Lib\site-packages\django\core\handlers\base.py", line 197, in _get_response
    response = wrapped_callback(request, *callback_args, **callback_kwargs)
  File "D:\Projects\Current Projects\NDAS - Project\NDAS\venv\Lib\site-packages\django\views\decorators\csrf.py", line 54, in wrapped_view
    return view_func(*args, **kwargs)
  File "D:\Projects\Current Projects\NDAS - Project\NDAS\venv\Lib\site-packages\django\contrib\auth\decorators.py", line 23, in _wrapped_view
    return view_func(request, *args, **kwargs)
  File "D:\Projects\Current Projects\NDAS - Project\NDAS\patients\views.py", line 1356, in attachment_add
    return render(
        request,
        "attachment/add.html",
        {"patient": selected_patient, "attachment_form": attachment_form},
    )
  File "D:\Projects\Current Projects\NDAS - Project\NDAS\venv\Lib\site-packages\django\shortcuts.py", line 24, in render
    content = loader.render_to_string(template_name, context, request, using=using)
  File "D:\Projects\Current Projects\NDAS - Project\NDAS\venv\Lib\site-packages\django\template\loader.py", line 62, in render_to_string
    return template.render(context, request)
           ~~~~~~~~~~~~~~~^^^^^^^^^^^^^^^^^^
  File "D:\Projects\Current Projects\NDAS - Project\NDAS\venv\Lib\site-packages\django\template\backends\django.py", line 62, in render
    return self.template.render(context)
           ~~~~~~~~~~~~~~~~~~~~^^^^^^^^^
  File "D:\Projects\Current Projects\NDAS - Project\NDAS\venv\Lib\site-packages\django\template\base.py", line 175, in render
    return self._render(context)
           ~~~~~~~~~~~~^^^^^^^^^
  File "D:\Projects\Current Projects\NDAS - Project\NDAS\venv\Lib\site-packages\django\template\base.py", line 167, in _render
    return self.nodelist.render(context)
           ~~~~~~~~~~~~~~~~~~~~^^^^^^^^^
  File "D:\Projects\Current Projects\NDAS - Project\NDAS\venv\Lib\site-packages\django\template\base.py", line 1005, in render
    return SafeString("".join([node.render_annotated(context) for node in self]))
                               ~~~~~~~~~~~~~~~~~~~~~^^^^^^^^^
  File "D:\Projects\Current Projects\NDAS - Project\NDAS\venv\Lib\site-packages\django\template\base.py", line 966, in render_annotated
    return self.render(context)
           ~~~~~~~~~~~^^^^^^^^^
  File "D:\Projects\Current Projects\NDAS - Project\NDAS\venv\Lib\site-packages\django\template\loader_tags.py", line 157, in render
    return compiled_parent._render(context)
           ~~~~~~~~~~~~~~~~~~~~~~~^^^^^^^^^
  File "D:\Projects\Current Projects\NDAS - Project\NDAS\venv\Lib\site-packages\django\template\base.py", line 167, in _render
    return self.nodelist.render(context)
           ~~~~~~~~~~~~~~~~~~~~^^^^^^^^^
  File "D:\Projects\Current Projects\NDAS - Project\NDAS\venv\Lib\site-packages\django\template\base.py", line 1005, in render
    return SafeString("".join([node.render_annotated(context) for node in self]))
                               ~~~~~~~~~~~~~~~~~~~~~^^^^^^^^^
  File "D:\Projects\Current Projects\NDAS - Project\NDAS\venv\Lib\site-packages\django\template\base.py", line 966, in render_annotated
    return self.render(context)
           ~~~~~~~~~~~^^^^^^^^^
  File "D:\Projects\Current Projects\NDAS - Project\NDAS\venv\Lib\site-packages\django\template\loader_tags.py", line 157, in render
    return compiled_parent._render(context)
           ~~~~~~~~~~~~~~~~~~~~~~~^^^^^^^^^
  File "D:\Projects\Current Projects\NDAS - Project\NDAS\venv\Lib\site-packages\django\template\base.py", line 167, in _render
    return self.nodelist.render(context)
           ~~~~~~~~~~~~~~~~~~~~^^^^^^^^^
  File "D:\Projects\Current Projects\NDAS - Project\NDAS\venv\Lib\site-packages\django\template\base.py", line 1005, in render
    return SafeString("".join([node.render_annotated(context) for node in self]))
                               ~~~~~~~~~~~~~~~~~~~~~^^^^^^^^^
  File "D:\Projects\Current Projects\NDAS - Project\NDAS\venv\Lib\site-packages\django\template\base.py", line 966, in render_annotated
    return self.render(context)
           ~~~~~~~~~~~^^^^^^^^^
  File "D:\Projects\Current Projects\NDAS - Project\NDAS\venv\Lib\site-packages\django\template\loader_tags.py", line 63, in render
    result = block.nodelist.render(context)
  File "D:\Projects\Current Projects\NDAS - Project\NDAS\venv\Lib\site-packages\django\template\base.py", line 1005, in render
    return SafeString("".join([node.render_annotated(context) for node in self]))
                               ~~~~~~~~~~~~~~~~~~~~~^^^^^^^^^
  File "D:\Projects\Current Projects\NDAS - Project\NDAS\venv\Lib\site-packages\django\template\base.py", line 966, in render_annotated
    return self.render(context)
           ~~~~~~~~~~~^^^^^^^^^
  File "D:\Projects\Current Projects\NDAS - Project\NDAS\venv\Lib\site-packages\django\template\defaulttags.py", line 322, in render
    return nodelist.render(context)
           ~~~~~~~~~~~~~~~^^^^^^^^^
  File "D:\Projects\Current Projects\NDAS - Project\NDAS\venv\Lib\site-packages\django\template\base.py", line 1005, in render
    return SafeString("".join([node.render_annotated(context) for node in self]))
                               ~~~~~~~~~~~~~~~~~~~~~^^^^^^^^^
  File "D:\Projects\Current Projects\NDAS - Project\NDAS\venv\Lib\site-packages\django\template\base.py", line 966, in render_annotated
    return self.render(context)
           ~~~~~~~~~~~^^^^^^^^^
  File "D:\Projects\Current Projects\NDAS - Project\NDAS\venv\Lib\site-packages\django\template\loader_tags.py", line 63, in render
    result = block.nodelist.render(context)
  File "D:\Projects\Current Projects\NDAS - Project\NDAS\venv\Lib\site-packages\django\template\base.py", line 1005, in render
    return SafeString("".join([node.render_annotated(context) for node in self]))
                               ~~~~~~~~~~~~~~~~~~~~~^^^^^^^^^
  File "D:\Projects\Current Projects\NDAS - Project\NDAS\venv\Lib\site-packages\django\template\base.py", line 966, in render_annotated
    return self.render(context)
           ~~~~~~~~~~~^^^^^^^^^
  File "D:\Projects\Current Projects\NDAS - Project\NDAS\venv\Lib\site-packages\django\template\defaulttags.py", line 472, in render
    url = reverse(view_name, args=args, kwargs=kwargs, current_app=current_app)
  File "D:\Projects\Current Projects\NDAS - Project\NDAS\venv\Lib\site-packages\django\urls\base.py", line 88, in reverse
    return resolver._reverse_with_prefix(view, prefix, *args, **kwargs)
           ~~~~~~~~~~~~~~~~~~~~~~~~~~~~~^^^^^^^^^^^^^^^^^^^^^^^^^^^^^^^
  File "D:\Projects\Current Projects\NDAS - Project\NDAS\venv\Lib\site-packages\django\urls\resolvers.py", line 828, in _reverse_with_prefix
    raise NoReverseMatch(msg)
django.urls.exceptions.NoReverseMatch: Reverse for 'dashboard' not found. 'dashboard' is not a valid view function or pattern name.
ERROR 2025-08-28 13:37:54,288 basehttp 14864 11680 "GET /attachment/add/4/ HTTP/1.1" 500 232280
ERROR 2025-08-28 13:46:46,559 log 14864 11284 Internal Server Error: /attachment/add/4/
Traceback (most recent call last):
  File "D:\Projects\Current Projects\NDAS - Project\NDAS\venv\Lib\site-packages\django\core\handlers\exception.py", line 55, in inner
    response = get_response(request)
  File "D:\Projects\Current Projects\NDAS - Project\NDAS\venv\Lib\site-packages\django\core\handlers\base.py", line 197, in _get_response
    response = wrapped_callback(request, *callback_args, **callback_kwargs)
  File "D:\Projects\Current Projects\NDAS - Project\NDAS\venv\Lib\site-packages\django\views\decorators\csrf.py", line 54, in wrapped_view
    return view_func(*args, **kwargs)
  File "D:\Projects\Current Projects\NDAS - Project\NDAS\venv\Lib\site-packages\django\contrib\auth\decorators.py", line 23, in _wrapped_view
    return view_func(request, *args, **kwargs)
  File "D:\Projects\Current Projects\NDAS - Project\NDAS\patients\views.py", line 1356, in attachment_add
    return render(
        request,
        "attachment/add.html",
        {"patient": selected_patient, "attachment_form": attachment_form},
    )
  File "D:\Projects\Current Projects\NDAS - Project\NDAS\venv\Lib\site-packages\django\shortcuts.py", line 24, in render
    content = loader.render_to_string(template_name, context, request, using=using)
  File "D:\Projects\Current Projects\NDAS - Project\NDAS\venv\Lib\site-packages\django\template\loader.py", line 62, in render_to_string
    return template.render(context, request)
           ~~~~~~~~~~~~~~~^^^^^^^^^^^^^^^^^^
  File "D:\Projects\Current Projects\NDAS - Project\NDAS\venv\Lib\site-packages\django\template\backends\django.py", line 62, in render
    return self.template.render(context)
           ~~~~~~~~~~~~~~~~~~~~^^^^^^^^^
  File "D:\Projects\Current Projects\NDAS - Project\NDAS\venv\Lib\site-packages\django\template\base.py", line 175, in render
    return self._render(context)
           ~~~~~~~~~~~~^^^^^^^^^
  File "D:\Projects\Current Projects\NDAS - Project\NDAS\venv\Lib\site-packages\django\template\base.py", line 167, in _render
    return self.nodelist.render(context)
           ~~~~~~~~~~~~~~~~~~~~^^^^^^^^^
  File "D:\Projects\Current Projects\NDAS - Project\NDAS\venv\Lib\site-packages\django\template\base.py", line 1005, in render
    return SafeString("".join([node.render_annotated(context) for node in self]))
                               ~~~~~~~~~~~~~~~~~~~~~^^^^^^^^^
  File "D:\Projects\Current Projects\NDAS - Project\NDAS\venv\Lib\site-packages\django\template\base.py", line 966, in render_annotated
    return self.render(context)
           ~~~~~~~~~~~^^^^^^^^^
  File "D:\Projects\Current Projects\NDAS - Project\NDAS\venv\Lib\site-packages\django\template\loader_tags.py", line 157, in render
    return compiled_parent._render(context)
           ~~~~~~~~~~~~~~~~~~~~~~~^^^^^^^^^
  File "D:\Projects\Current Projects\NDAS - Project\NDAS\venv\Lib\site-packages\django\template\base.py", line 167, in _render
    return self.nodelist.render(context)
           ~~~~~~~~~~~~~~~~~~~~^^^^^^^^^
  File "D:\Projects\Current Projects\NDAS - Project\NDAS\venv\Lib\site-packages\django\template\base.py", line 1005, in render
    return SafeString("".join([node.render_annotated(context) for node in self]))
                               ~~~~~~~~~~~~~~~~~~~~~^^^^^^^^^
  File "D:\Projects\Current Projects\NDAS - Project\NDAS\venv\Lib\site-packages\django\template\base.py", line 966, in render_annotated
    return self.render(context)
           ~~~~~~~~~~~^^^^^^^^^
  File "D:\Projects\Current Projects\NDAS - Project\NDAS\venv\Lib\site-packages\django\template\loader_tags.py", line 157, in render
    return compiled_parent._render(context)
           ~~~~~~~~~~~~~~~~~~~~~~~^^^^^^^^^
  File "D:\Projects\Current Projects\NDAS - Project\NDAS\venv\Lib\site-packages\django\template\base.py", line 167, in _render
    return self.nodelist.render(context)
           ~~~~~~~~~~~~~~~~~~~~^^^^^^^^^
  File "D:\Projects\Current Projects\NDAS - Project\NDAS\venv\Lib\site-packages\django\template\base.py", line 1005, in render
    return SafeString("".join([node.render_annotated(context) for node in self]))
                               ~~~~~~~~~~~~~~~~~~~~~^^^^^^^^^
  File "D:\Projects\Current Projects\NDAS - Project\NDAS\venv\Lib\site-packages\django\template\base.py", line 966, in render_annotated
    return self.render(context)
           ~~~~~~~~~~~^^^^^^^^^
  File "D:\Projects\Current Projects\NDAS - Project\NDAS\venv\Lib\site-packages\django\template\loader_tags.py", line 63, in render
    result = block.nodelist.render(context)
  File "D:\Projects\Current Projects\NDAS - Project\NDAS\venv\Lib\site-packages\django\template\base.py", line 1005, in render
    return SafeString("".join([node.render_annotated(context) for node in self]))
                               ~~~~~~~~~~~~~~~~~~~~~^^^^^^^^^
  File "D:\Projects\Current Projects\NDAS - Project\NDAS\venv\Lib\site-packages\django\template\base.py", line 966, in render_annotated
    return self.render(context)
           ~~~~~~~~~~~^^^^^^^^^
  File "D:\Projects\Current Projects\NDAS - Project\NDAS\venv\Lib\site-packages\django\template\defaulttags.py", line 322, in render
    return nodelist.render(context)
           ~~~~~~~~~~~~~~~^^^^^^^^^
  File "D:\Projects\Current Projects\NDAS - Project\NDAS\venv\Lib\site-packages\django\template\base.py", line 1005, in render
    return SafeString("".join([node.render_annotated(context) for node in self]))
                               ~~~~~~~~~~~~~~~~~~~~~^^^^^^^^^
  File "D:\Projects\Current Projects\NDAS - Project\NDAS\venv\Lib\site-packages\django\template\base.py", line 966, in render_annotated
    return self.render(context)
           ~~~~~~~~~~~^^^^^^^^^
  File "D:\Projects\Current Projects\NDAS - Project\NDAS\venv\Lib\site-packages\django\template\loader_tags.py", line 63, in render
    result = block.nodelist.render(context)
  File "D:\Projects\Current Projects\NDAS - Project\NDAS\venv\Lib\site-packages\django\template\base.py", line 1005, in render
    return SafeString("".join([node.render_annotated(context) for node in self]))
                               ~~~~~~~~~~~~~~~~~~~~~^^^^^^^^^
  File "D:\Projects\Current Projects\NDAS - Project\NDAS\venv\Lib\site-packages\django\template\base.py", line 966, in render_annotated
    return self.render(context)
           ~~~~~~~~~~~^^^^^^^^^
  File "D:\Projects\Current Projects\NDAS - Project\NDAS\venv\Lib\site-packages\django\template\defaulttags.py", line 472, in render
    url = reverse(view_name, args=args, kwargs=kwargs, current_app=current_app)
  File "D:\Projects\Current Projects\NDAS - Project\NDAS\venv\Lib\site-packages\django\urls\base.py", line 88, in reverse
    return resolver._reverse_with_prefix(view, prefix, *args, **kwargs)
           ~~~~~~~~~~~~~~~~~~~~~~~~~~~~~^^^^^^^^^^^^^^^^^^^^^^^^^^^^^^^
  File "D:\Projects\Current Projects\NDAS - Project\NDAS\venv\Lib\site-packages\django\urls\resolvers.py", line 828, in _reverse_with_prefix
    raise NoReverseMatch(msg)
django.urls.exceptions.NoReverseMatch: Reverse for 'dashboard' not found. 'dashboard' is not a valid view function or pattern name.
ERROR 2025-08-28 13:46:46,574 basehttp 14864 11284 "GET /attachment/add/4/ HTTP/1.1" 500 232280
INFO 2025-08-28 13:46:50,115 basehttp 14864 11284 "GET /patient/view/4/ HTTP/1.1" 200 90717
INFO 2025-08-28 13:46:51,185 basehttp 14864 11284 "GET /patient/view/4/ HTTP/1.1" 200 90717
ERROR 2025-08-28 13:46:57,038 log 14864 11284 Internal Server Error: /attachment/manager/
Traceback (most recent call last):
  File "D:\Projects\Current Projects\NDAS - Project\NDAS\venv\Lib\site-packages\django\core\handlers\exception.py", line 55, in inner
    response = get_response(request)
  File "D:\Projects\Current Projects\NDAS - Project\NDAS\venv\Lib\site-packages\django\core\handlers\base.py", line 197, in _get_response
    response = wrapped_callback(request, *callback_args, **callback_kwargs)
  File "D:\Projects\Current Projects\NDAS - Project\NDAS\venv\Lib\site-packages\django\contrib\auth\decorators.py", line 23, in _wrapped_view
    return view_func(request, *args, **kwargs)
  File "D:\Projects\Current Projects\NDAS - Project\NDAS\patients\views.py", line 1283, in attachment_manager
    return render(
        request, "attachment/manager.html", {"attachment_page_obj": attachment_list}
    )
  File "D:\Projects\Current Projects\NDAS - Project\NDAS\venv\Lib\site-packages\django\shortcuts.py", line 24, in render
    content = loader.render_to_string(template_name, context, request, using=using)
  File "D:\Projects\Current Projects\NDAS - Project\NDAS\venv\Lib\site-packages\django\template\loader.py", line 62, in render_to_string
    return template.render(context, request)
           ~~~~~~~~~~~~~~~^^^^^^^^^^^^^^^^^^
  File "D:\Projects\Current Projects\NDAS - Project\NDAS\venv\Lib\site-packages\django\template\backends\django.py", line 62, in render
    return self.template.render(context)
           ~~~~~~~~~~~~~~~~~~~~^^^^^^^^^
  File "D:\Projects\Current Projects\NDAS - Project\NDAS\venv\Lib\site-packages\django\template\base.py", line 175, in render
    return self._render(context)
           ~~~~~~~~~~~~^^^^^^^^^
  File "D:\Projects\Current Projects\NDAS - Project\NDAS\venv\Lib\site-packages\django\template\base.py", line 167, in _render
    return self.nodelist.render(context)
           ~~~~~~~~~~~~~~~~~~~~^^^^^^^^^
  File "D:\Projects\Current Projects\NDAS - Project\NDAS\venv\Lib\site-packages\django\template\base.py", line 1005, in render
    return SafeString("".join([node.render_annotated(context) for node in self]))
                               ~~~~~~~~~~~~~~~~~~~~~^^^^^^^^^
  File "D:\Projects\Current Projects\NDAS - Project\NDAS\venv\Lib\site-packages\django\template\base.py", line 966, in render_annotated
    return self.render(context)
           ~~~~~~~~~~~^^^^^^^^^
  File "D:\Projects\Current Projects\NDAS - Project\NDAS\venv\Lib\site-packages\django\template\loader_tags.py", line 157, in render
    return compiled_parent._render(context)
           ~~~~~~~~~~~~~~~~~~~~~~~^^^^^^^^^
  File "D:\Projects\Current Projects\NDAS - Project\NDAS\venv\Lib\site-packages\django\template\base.py", line 167, in _render
    return self.nodelist.render(context)
           ~~~~~~~~~~~~~~~~~~~~^^^^^^^^^
  File "D:\Projects\Current Projects\NDAS - Project\NDAS\venv\Lib\site-packages\django\template\base.py", line 1005, in render
    return SafeString("".join([node.render_annotated(context) for node in self]))
                               ~~~~~~~~~~~~~~~~~~~~~^^^^^^^^^
  File "D:\Projects\Current Projects\NDAS - Project\NDAS\venv\Lib\site-packages\django\template\base.py", line 966, in render_annotated
    return self.render(context)
           ~~~~~~~~~~~^^^^^^^^^
  File "D:\Projects\Current Projects\NDAS - Project\NDAS\venv\Lib\site-packages\django\template\loader_tags.py", line 157, in render
    return compiled_parent._render(context)
           ~~~~~~~~~~~~~~~~~~~~~~~^^^^^^^^^
  File "D:\Projects\Current Projects\NDAS - Project\NDAS\venv\Lib\site-packages\django\template\base.py", line 167, in _render
    return self.nodelist.render(context)
           ~~~~~~~~~~~~~~~~~~~~^^^^^^^^^
  File "D:\Projects\Current Projects\NDAS - Project\NDAS\venv\Lib\site-packages\django\template\base.py", line 1005, in render
    return SafeString("".join([node.render_annotated(context) for node in self]))
                               ~~~~~~~~~~~~~~~~~~~~~^^^^^^^^^
  File "D:\Projects\Current Projects\NDAS - Project\NDAS\venv\Lib\site-packages\django\template\base.py", line 966, in render_annotated
    return self.render(context)
           ~~~~~~~~~~~^^^^^^^^^
  File "D:\Projects\Current Projects\NDAS - Project\NDAS\venv\Lib\site-packages\django\template\loader_tags.py", line 63, in render
    result = block.nodelist.render(context)
  File "D:\Projects\Current Projects\NDAS - Project\NDAS\venv\Lib\site-packages\django\template\base.py", line 1005, in render
    return SafeString("".join([node.render_annotated(context) for node in self]))
                               ~~~~~~~~~~~~~~~~~~~~~^^^^^^^^^
  File "D:\Projects\Current Projects\NDAS - Project\NDAS\venv\Lib\site-packages\django\template\base.py", line 966, in render_annotated
    return self.render(context)
           ~~~~~~~~~~~^^^^^^^^^
  File "D:\Projects\Current Projects\NDAS - Project\NDAS\venv\Lib\site-packages\django\template\defaulttags.py", line 322, in render
    return nodelist.render(context)
           ~~~~~~~~~~~~~~~^^^^^^^^^
  File "D:\Projects\Current Projects\NDAS - Project\NDAS\venv\Lib\site-packages\django\template\base.py", line 1005, in render
    return SafeString("".join([node.render_annotated(context) for node in self]))
                               ~~~~~~~~~~~~~~~~~~~~~^^^^^^^^^
  File "D:\Projects\Current Projects\NDAS - Project\NDAS\venv\Lib\site-packages\django\template\base.py", line 966, in render_annotated
    return self.render(context)
           ~~~~~~~~~~~^^^^^^^^^
  File "D:\Projects\Current Projects\NDAS - Project\NDAS\venv\Lib\site-packages\django\template\loader_tags.py", line 63, in render
    result = block.nodelist.render(context)
  File "D:\Projects\Current Projects\NDAS - Project\NDAS\venv\Lib\site-packages\django\template\base.py", line 1005, in render
    return SafeString("".join([node.render_annotated(context) for node in self]))
                               ~~~~~~~~~~~~~~~~~~~~~^^^^^^^^^
  File "D:\Projects\Current Projects\NDAS - Project\NDAS\venv\Lib\site-packages\django\template\base.py", line 966, in render_annotated
    return self.render(context)
           ~~~~~~~~~~~^^^^^^^^^
  File "D:\Projects\Current Projects\NDAS - Project\NDAS\venv\Lib\site-packages\django\template\defaulttags.py", line 472, in render
    url = reverse(view_name, args=args, kwargs=kwargs, current_app=current_app)
  File "D:\Projects\Current Projects\NDAS - Project\NDAS\venv\Lib\site-packages\django\urls\base.py", line 88, in reverse
    return resolver._reverse_with_prefix(view, prefix, *args, **kwargs)
           ~~~~~~~~~~~~~~~~~~~~~~~~~~~~~^^^^^^^^^^^^^^^^^^^^^^^^^^^^^^^
  File "D:\Projects\Current Projects\NDAS - Project\NDAS\venv\Lib\site-packages\django\urls\resolvers.py", line 828, in _reverse_with_prefix
    raise NoReverseMatch(msg)
django.urls.exceptions.NoReverseMatch: Reverse for 'dashboard' not found. 'dashboard' is not a valid view function or pattern name.
ERROR 2025-08-28 13:46:57,064 basehttp 14864 11284 "GET /attachment/manager/ HTTP/1.1" 500 222128
INFO 2025-08-28 13:51:21,086 basehttp 14864 11284 "GET /attachment/manager/ HTTP/1.1" 200 32908
INFO 2025-08-28 13:51:28,648 basehttp 14864 11284 "GET /attachment/manager/?search=&type=image HTTP/1.1" 200 33273
INFO 2025-08-28 13:51:30,751 basehttp 14864 11284 "GET /attachment/manager/ HTTP/1.1" 200 32908
INFO 2025-08-28 13:51:46,129 basehttp 14864 11284 "GET /manager/patient/ HTTP/1.1" 200 59624
INFO 2025-08-28 13:51:47,889 basehttp 14864 11284 "GET /patient/view/4/ HTTP/1.1" 200 90717
INFO 2025-08-28 13:51:54,722 basehttp 14864 11284 "GET /attachment/add/4/ HTTP/1.1" 200 42327
INFO 2025-08-28 13:51:59,983 basehttp 14864 11284 "GET /patient/view/4/ HTTP/1.1" 200 90717
INFO 2025-08-28 13:53:17,477 basehttp 14864 11284 "GET /attachment/add/4/ HTTP/1.1" 200 42327
INFO 2025-08-28 13:54:01,551 basehttp 14864 11284 "GET /attachment/add/4/ HTTP/1.1" 200 42327
ERROR 2025-08-28 13:54:10,865 log 14864 11284 Internal Server Error: /attachment/add/4/
Traceback (most recent call last):
  File "D:\Projects\Current Projects\NDAS - Project\NDAS\venv\Lib\site-packages\django\core\handlers\exception.py", line 55, in inner
    response = get_response(request)
  File "D:\Projects\Current Projects\NDAS - Project\NDAS\venv\Lib\site-packages\django\core\handlers\base.py", line 197, in _get_response
    response = wrapped_callback(request, *callback_args, **callback_kwargs)
  File "D:\Projects\Current Projects\NDAS - Project\NDAS\venv\Lib\site-packages\django\views\decorators\csrf.py", line 54, in wrapped_view
    return view_func(*args, **kwargs)
  File "D:\Projects\Current Projects\NDAS - Project\NDAS\venv\Lib\site-packages\django\contrib\auth\decorators.py", line 23, in _wrapped_view
    return view_func(request, *args, **kwargs)
  File "D:\Projects\Current Projects\NDAS - Project\NDAS\patients\views.py", line 1326, in attachment_add
    temp_file.save()
    ~~~~~~~~~~~~~~^^
  File "D:\Projects\Current Projects\NDAS - Project\NDAS\patients\models.py", line 1371, in save
    self.full_clean()
    ~~~~~~~~~~~~~~~^^
  File "D:\Projects\Current Projects\NDAS - Project\NDAS\venv\Lib\site-packages\django\db\models\base.py", line 1477, in full_clean
    raise ValidationError(errors)
django.core.exceptions.ValidationError: {'attachment_type': ["Value 'PDF' is not a valid choice."]}
ERROR 2025-08-28 13:54:10,869 basehttp 14864 11284 "POST /attachment/add/4/ HTTP/1.1" 500 106332
INFO 2025-08-28 13:54:27,882 basehttp 14864 11284 "GET /admin/patients/attachment/ HTTP/1.1" 200 9921
INFO 2025-08-28 13:54:28,029 basehttp 14864 11284 "GET /admin/jsi18n/ HTTP/1.1" 200 3343
INFO 2025-08-28 13:54:29,150 basehttp 14864 11284 "GET /admin/patients/attachment/ HTTP/1.1" 200 9921
INFO 2025-08-28 13:54:29,344 basehttp 14864 11284 "GET /admin/jsi18n/ HTTP/1.1" 200 3343
ERROR 2025-08-28 13:54:31,180 log 14864 11284 Internal Server Error: /admin/patients/attachment/add/
Traceback (most recent call last):
  File "D:\Projects\Current Projects\NDAS - Project\NDAS\venv\Lib\site-packages\django\contrib\admin\options.py", line 807, in get_form
    return modelform_factory(self.model, **defaults)
  File "D:\Projects\Current Projects\NDAS - Project\NDAS\venv\Lib\site-packages\django\forms\models.py", line 648, in modelform_factory
    return type(form)(class_name, (form,), form_class_attrs)
           ~~~~~~~~~~^^^^^^^^^^^^^^^^^^^^^^^^^^^^^^^^^^^^^^^
  File "D:\Projects\Current Projects\NDAS - Project\NDAS\venv\Lib\site-packages\django\forms\models.py", line 327, in __new__
    raise FieldError(message)
django.core.exceptions.FieldError: Unknown field(s) (file) specified for Attachment

During handling of the above exception, another exception occurred:

Traceback (most recent call last):
  File "D:\Projects\Current Projects\NDAS - Project\NDAS\venv\Lib\site-packages\django\core\handlers\exception.py", line 55, in inner
    response = get_response(request)
  File "D:\Projects\Current Projects\NDAS - Project\NDAS\venv\Lib\site-packages\django\core\handlers\base.py", line 197, in _get_response
    response = wrapped_callback(request, *callback_args, **callback_kwargs)
  File "D:\Projects\Current Projects\NDAS - Project\NDAS\venv\Lib\site-packages\django\contrib\admin\options.py", line 686, in wrapper
    return self.admin_site.admin_view(view)(*args, **kwargs)
           ~~~~~~~~~~~~~~~~~~~~~~~~~~~~~~~~^^^^^^^^^^^^^^^^^
  File "D:\Projects\Current Projects\NDAS - Project\NDAS\venv\Lib\site-packages\django\utils\decorators.py", line 133, in _wrapped_view
    response = view_func(request, *args, **kwargs)
  File "D:\Projects\Current Projects\NDAS - Project\NDAS\venv\Lib\site-packages\django\views\decorators\cache.py", line 62, in _wrapped_view_func
    response = view_func(request, *args, **kwargs)
  File "D:\Projects\Current Projects\NDAS - Project\NDAS\venv\Lib\site-packages\django\contrib\admin\sites.py", line 242, in inner
    return view(request, *args, **kwargs)
  File "D:\Projects\Current Projects\NDAS - Project\NDAS\venv\Lib\site-packages\django\contrib\admin\options.py", line 1890, in add_view
    return self.changeform_view(request, None, form_url, extra_context)
           ~~~~~~~~~~~~~~~~~~~~^^^^^^^^^^^^^^^^^^^^^^^^^^^^^^^^^^^^^^^^
  File "D:\Projects\Current Projects\NDAS - Project\NDAS\venv\Lib\site-packages\django\utils\decorators.py", line 46, in _wrapper
    return bound_method(*args, **kwargs)
  File "D:\Projects\Current Projects\NDAS - Project\NDAS\venv\Lib\site-packages\django\utils\decorators.py", line 133, in _wrapped_view
    response = view_func(request, *args, **kwargs)
  File "D:\Projects\Current Projects\NDAS - Project\NDAS\venv\Lib\site-packages\django\contrib\admin\options.py", line 1750, in changeform_view
    return self._changeform_view(request, object_id, form_url, extra_context)
           ~~~~~~~~~~~~~~~~~~~~~^^^^^^^^^^^^^^^^^^^^^^^^^^^^^^^^^^^^^^^^^^^^^
  File "D:\Projects\Current Projects\NDAS - Project\NDAS\venv\Lib\site-packages\django\contrib\admin\options.py", line 1786, in _changeform_view
    ModelForm = self.get_form(
        request, obj, change=not add, fields=flatten_fieldsets(fieldsets)
    )
  File "D:\Projects\Current Projects\NDAS - Project\NDAS\venv\Lib\site-packages\django\contrib\admin\options.py", line 809, in get_form
    raise FieldError(
    ...<2 lines>...
    )
django.core.exceptions.FieldError: Unknown field(s) (file) specified for Attachment. Check fields/fieldsets/exclude attributes of class AttachmentAdmin.
ERROR 2025-08-28 13:54:31,187 basehttp 14864 11284 "GET /admin/patients/attachment/add/ HTTP/1.1" 500 153484
INFO 2025-08-28 13:54:33,194 basehttp 14864 11284 "GET /admin/patients/attachment/ HTTP/1.1" 200 9921
INFO 2025-08-28 13:59:26,510 basehttp 14864 11284 "GET /attachment/manager/ HTTP/1.1" 200 32908
INFO 2025-08-28 13:59:34,827 basehttp 14864 11284 "GET /attachment/add/4/ HTTP/1.1" 200 42398
ERROR 2025-08-28 13:59:44,938 log 14864 11284 Internal Server Error: /attachment/add/4/
Traceback (most recent call last):
  File "D:\Projects\Current Projects\NDAS - Project\NDAS\venv\Lib\site-packages\django\core\handlers\exception.py", line 55, in inner
    response = get_response(request)
  File "D:\Projects\Current Projects\NDAS - Project\NDAS\venv\Lib\site-packages\django\core\handlers\base.py", line 197, in _get_response
    response = wrapped_callback(request, *callback_args, **callback_kwargs)
  File "D:\Projects\Current Projects\NDAS - Project\NDAS\venv\Lib\site-packages\django\views\decorators\csrf.py", line 54, in wrapped_view
    return view_func(*args, **kwargs)
  File "D:\Projects\Current Projects\NDAS - Project\NDAS\venv\Lib\site-packages\django\contrib\auth\decorators.py", line 23, in _wrapped_view
    return view_func(request, *args, **kwargs)
  File "D:\Projects\Current Projects\NDAS - Project\NDAS\patients\views.py", line 1326, in attachment_add
    temp_file.save()
    ~~~~~~~~~~~~~~^^
  File "D:\Projects\Current Projects\NDAS - Project\NDAS\patients\models.py", line 1371, in save
    self.full_clean()
    ~~~~~~~~~~~~~~~^^
  File "D:\Projects\Current Projects\NDAS - Project\NDAS\venv\Lib\site-packages\django\db\models\base.py", line 1477, in full_clean
    raise ValidationError(errors)
django.core.exceptions.ValidationError: {'attachment_type': ["Value 'PDF' is not a valid choice."]}
ERROR 2025-08-28 13:59:44,942 basehttp 14864 11284 "POST /attachment/add/4/ HTTP/1.1" 500 106322
INFO 2025-08-28 14:02:26,040 basehttp 14864 11284 "GET /attachment/add/4/ HTTP/1.1" 200 42398
ERROR 2025-08-28 14:02:34,554 log 14864 11284 Internal Server Error: /attachment/add/4/
Traceback (most recent call last):
  File "D:\Projects\Current Projects\NDAS - Project\NDAS\venv\Lib\site-packages\django\core\handlers\exception.py", line 55, in inner
    response = get_response(request)
  File "D:\Projects\Current Projects\NDAS - Project\NDAS\venv\Lib\site-packages\django\core\handlers\base.py", line 197, in _get_response
    response = wrapped_callback(request, *callback_args, **callback_kwargs)
  File "D:\Projects\Current Projects\NDAS - Project\NDAS\venv\Lib\site-packages\django\views\decorators\csrf.py", line 54, in wrapped_view
    return view_func(*args, **kwargs)
  File "D:\Projects\Current Projects\NDAS - Project\NDAS\venv\Lib\site-packages\django\contrib\auth\decorators.py", line 23, in _wrapped_view
    return view_func(request, *args, **kwargs)
  File "D:\Projects\Current Projects\NDAS - Project\NDAS\patients\views.py", line 1326, in attachment_add
    temp_file.save()
    ~~~~~~~~~~~~~~^^
  File "D:\Projects\Current Projects\NDAS - Project\NDAS\patients\models.py", line 1371, in save
    self.full_clean()
    ~~~~~~~~~~~~~~~^^
  File "D:\Projects\Current Projects\NDAS - Project\NDAS\venv\Lib\site-packages\django\db\models\base.py", line 1477, in full_clean
    raise ValidationError(errors)
django.core.exceptions.ValidationError: {'attachment_type': ["Value 'PDF' is not a valid choice."]}
ERROR 2025-08-28 14:02:34,558 basehttp 14864 11284 "POST /attachment/add/4/ HTTP/1.1" 500 106323
INFO 2025-08-28 14:02:46,739 autoreload 11612 19704 Watching for file changes with StatReloader
INFO 2025-08-28 14:02:50,710 basehttp 11612 13536 "GET /attachment/add/4/ HTTP/1.1" 302 0
INFO 2025-08-28 14:02:50,744 basehttp 11612 13536 "GET /users/login/?next=/attachment/add/4/ HTTP/1.1" 200 12804
INFO 2025-08-28 14:02:53,004 basehttp 11612 13536 "POST /users/login/ HTTP/1.1" 302 0
INFO 2025-08-28 14:02:53,236 basehttp 11612 13536 "GET / HTTP/1.1" 200 40119
INFO 2025-08-28 14:02:56,585 basehttp 11612 13536 "GET /manager/patient/ HTTP/1.1" 200 59624
INFO 2025-08-28 14:02:57,946 basehttp 11612 13536 "GET /patient/view/4/ HTTP/1.1" 200 90717
INFO 2025-08-28 14:03:01,815 basehttp 11612 13536 "GET /attachment/add/4/ HTTP/1.1" 200 42398
ERROR 2025-08-28 14:03:11,940 log 11612 13536 Internal Server Error: /attachment/add/4/
Traceback (most recent call last):
  File "D:\Projects\Current Projects\NDAS - Project\NDAS\venv\Lib\site-packages\django\core\handlers\exception.py", line 55, in inner
    response = get_response(request)
  File "D:\Projects\Current Projects\NDAS - Project\NDAS\venv\Lib\site-packages\django\core\handlers\base.py", line 197, in _get_response
    response = wrapped_callback(request, *callback_args, **callback_kwargs)
  File "D:\Projects\Current Projects\NDAS - Project\NDAS\venv\Lib\site-packages\django\views\decorators\csrf.py", line 54, in wrapped_view
    return view_func(*args, **kwargs)
  File "D:\Projects\Current Projects\NDAS - Project\NDAS\venv\Lib\site-packages\django\contrib\auth\decorators.py", line 23, in _wrapped_view
    return view_func(request, *args, **kwargs)
  File "D:\Projects\Current Projects\NDAS - Project\NDAS\patients\views.py", line 1326, in attachment_add
    temp_file.save()
    ~~~~~~~~~~~~~~^^
  File "D:\Projects\Current Projects\NDAS - Project\NDAS\patients\models.py", line 1371, in save
    self.full_clean()
    ~~~~~~~~~~~~~~~^^
  File "D:\Projects\Current Projects\NDAS - Project\NDAS\venv\Lib\site-packages\django\db\models\base.py", line 1477, in full_clean
    raise ValidationError(errors)
django.core.exceptions.ValidationError: {'attachment_type': ["Value 'PDF' is not a valid choice."]}
ERROR 2025-08-28 14:03:11,949 basehttp 11612 13536 "POST /attachment/add/4/ HTTP/1.1" 500 106319
INFO 2025-08-28 14:07:13,502 autoreload 11612 19704 D:\Projects\Current Projects\NDAS - Project\NDAS\ndas\custom_codes\custom_methods.py changed, reloading.
INFO 2025-08-28 14:07:14,541 autoreload 8364 8456 Watching for file changes with StatReloader
INFO 2025-08-28 14:09:19,887 basehttp 8364 11328 "GET /attachment/add/4/ HTTP/1.1" 302 0
INFO 2025-08-28 14:09:19,914 basehttp 8364 11328 "GET /users/login/?next=/attachment/add/4/ HTTP/1.1" 200 12804
INFO 2025-08-28 14:09:22,618 basehttp 8364 11328 "POST /users/login/ HTTP/1.1" 302 0
INFO 2025-08-28 14:09:22,793 basehttp 8364 11328 "GET / HTTP/1.1" 200 40119
INFO 2025-08-28 14:09:23,991 basehttp 8364 11328 "GET /manager/patient/ HTTP/1.1" 200 59624
INFO 2025-08-28 14:09:25,314 basehttp 8364 11328 "GET /patient/view/4/ HTTP/1.1" 200 90717
INFO 2025-08-28 14:09:27,959 basehttp 8364 11328 "GET /attachment/add/4/ HTTP/1.1" 200 42161
INFO 2025-08-28 14:09:52,611 basehttp 8364 11328 "POST /attachment/add/4/ HTTP/1.1" 200 52
INFO 2025-08-28 14:09:57,595 basehttp 8364 11328 "GET /attachment/view/1 HTTP/1.1" 301 0
INFO 2025-08-28 14:09:57,726 basehttp 8364 11328 "GET /attachment/view/1/ HTTP/1.1" 200 37935
INFO 2025-08-28 14:10:06,428 basehttp 8364 11328 "GET /attachment/delete/confirm/1/ HTTP/1.1" 200 32953
INFO 2025-08-28 14:10:58,805 basehttp 8364 11328 "GET /attachment/manager/ HTTP/1.1" 200 40396
INFO 2025-08-28 14:11:17,985 basehttp 8364 1140 "GET /attachment/manager/?search=&type=image HTTP/1.1" 200 40581
INFO 2025-08-28 14:11:23,419 basehttp 8364 1140 "GET /attachment/manager/ HTTP/1.1" 200 40396
INFO 2025-08-28 14:11:26,379 basehttp 8364 1140 "GET /attachment/manager/?search=&type=video HTTP/1.1" 200 40581
INFO 2025-08-28 14:11:28,445 basehttp 8364 1140 "GET /attachment/manager/ HTTP/1.1" 200 40396
INFO 2025-08-28 14:11:35,660 basehttp 8364 1140 "GET /attachment/manager/ HTTP/1.1" 200 40396
INFO 2025-08-28 14:11:37,131 basehttp 8364 1140 "GET /attachment/manager/ HTTP/1.1" 200 40396
INFO 2025-08-28 14:11:40,705 basehttp 8364 1140 "GET /admin/patients/attachment/ HTTP/1.1" 200 12597
INFO 2025-08-28 14:11:40,863 basehttp 8364 1140 "GET /admin/jsi18n/ HTTP/1.1" 200 3343
ERROR 2025-08-28 14:11:44,229 log 8364 1140 Internal Server Error: /admin/patients/attachment/add/
Traceback (most recent call last):
  File "D:\Projects\Current Projects\NDAS - Project\NDAS\venv\Lib\site-packages\django\contrib\admin\options.py", line 807, in get_form
    return modelform_factory(self.model, **defaults)
  File "D:\Projects\Current Projects\NDAS - Project\NDAS\venv\Lib\site-packages\django\forms\models.py", line 648, in modelform_factory
    return type(form)(class_name, (form,), form_class_attrs)
           ~~~~~~~~~~^^^^^^^^^^^^^^^^^^^^^^^^^^^^^^^^^^^^^^^
  File "D:\Projects\Current Projects\NDAS - Project\NDAS\venv\Lib\site-packages\django\forms\models.py", line 327, in __new__
    raise FieldError(message)
django.core.exceptions.FieldError: Unknown field(s) (file) specified for Attachment

During handling of the above exception, another exception occurred:

Traceback (most recent call last):
  File "D:\Projects\Current Projects\NDAS - Project\NDAS\venv\Lib\site-packages\django\core\handlers\exception.py", line 55, in inner
    response = get_response(request)
  File "D:\Projects\Current Projects\NDAS - Project\NDAS\venv\Lib\site-packages\django\core\handlers\base.py", line 197, in _get_response
    response = wrapped_callback(request, *callback_args, **callback_kwargs)
  File "D:\Projects\Current Projects\NDAS - Project\NDAS\venv\Lib\site-packages\django\contrib\admin\options.py", line 686, in wrapper
    return self.admin_site.admin_view(view)(*args, **kwargs)
           ~~~~~~~~~~~~~~~~~~~~~~~~~~~~~~~~^^^^^^^^^^^^^^^^^
  File "D:\Projects\Current Projects\NDAS - Project\NDAS\venv\Lib\site-packages\django\utils\decorators.py", line 133, in _wrapped_view
    response = view_func(request, *args, **kwargs)
  File "D:\Projects\Current Projects\NDAS - Project\NDAS\venv\Lib\site-packages\django\views\decorators\cache.py", line 62, in _wrapped_view_func
    response = view_func(request, *args, **kwargs)
  File "D:\Projects\Current Projects\NDAS - Project\NDAS\venv\Lib\site-packages\django\contrib\admin\sites.py", line 242, in inner
    return view(request, *args, **kwargs)
  File "D:\Projects\Current Projects\NDAS - Project\NDAS\venv\Lib\site-packages\django\contrib\admin\options.py", line 1890, in add_view
    return self.changeform_view(request, None, form_url, extra_context)
           ~~~~~~~~~~~~~~~~~~~~^^^^^^^^^^^^^^^^^^^^^^^^^^^^^^^^^^^^^^^^
  File "D:\Projects\Current Projects\NDAS - Project\NDAS\venv\Lib\site-packages\django\utils\decorators.py", line 46, in _wrapper
    return bound_method(*args, **kwargs)
  File "D:\Projects\Current Projects\NDAS - Project\NDAS\venv\Lib\site-packages\django\utils\decorators.py", line 133, in _wrapped_view
    response = view_func(request, *args, **kwargs)
  File "D:\Projects\Current Projects\NDAS - Project\NDAS\venv\Lib\site-packages\django\contrib\admin\options.py", line 1750, in changeform_view
    return self._changeform_view(request, object_id, form_url, extra_context)
           ~~~~~~~~~~~~~~~~~~~~~^^^^^^^^^^^^^^^^^^^^^^^^^^^^^^^^^^^^^^^^^^^^^
  File "D:\Projects\Current Projects\NDAS - Project\NDAS\venv\Lib\site-packages\django\contrib\admin\options.py", line 1786, in _changeform_view
    ModelForm = self.get_form(
        request, obj, change=not add, fields=flatten_fieldsets(fieldsets)
    )
  File "D:\Projects\Current Projects\NDAS - Project\NDAS\venv\Lib\site-packages\django\contrib\admin\options.py", line 809, in get_form
    raise FieldError(
    ...<2 lines>...
    )
django.core.exceptions.FieldError: Unknown field(s) (file) specified for Attachment. Check fields/fieldsets/exclude attributes of class AttachmentAdmin.
ERROR 2025-08-28 14:11:44,239 basehttp 8364 1140 "GET /admin/patients/attachment/add/ HTTP/1.1" 500 153484
INFO 2025-08-28 14:11:47,012 basehttp 8364 1140 "GET /admin/patients/attachment/ HTTP/1.1" 200 12597
INFO 2025-08-28 14:14:24,458 autoreload 8364 8456 D:\Projects\Current Projects\NDAS - Project\NDAS\patients\views.py changed, reloading.
INFO 2025-08-28 14:14:25,307 autoreload 9496 21076 Watching for file changes with StatReloader
INFO 2025-08-28 14:16:16,186 basehttp 9496 15572 "GET /attachment/manager/ HTTP/1.1" 302 0
INFO 2025-08-28 14:16:16,205 basehttp 9496 15572 "GET /users/login/?next=/attachment/manager/ HTTP/1.1" 200 12804
INFO 2025-08-28 14:16:18,262 basehttp 9496 15572 "POST /users/login/ HTTP/1.1" 302 0
INFO 2025-08-28 14:16:18,424 basehttp 9496 15572 "GET / HTTP/1.1" 200 40202
INFO 2025-08-28 14:16:20,182 basehttp 9496 15572 "GET /manager/patient/ HTTP/1.1" 200 59624
INFO 2025-08-28 14:16:21,932 basehttp 9496 15572 "GET /patient/view/4/ HTTP/1.1" 200 92986
INFO 2025-08-28 14:16:24,990 basehttp 9496 15572 "GET /attachment/add/4/ HTTP/1.1" 200 42855
INFO 2025-08-28 14:17:11,496 basehttp 9496 15572 "GET /attachment/add/4/ HTTP/1.1" 200 42838
INFO 2025-08-28 14:17:23,378 basehttp 9496 15572 "POST /attachment/add/4/ HTTP/1.1" 200 52
INFO 2025-08-28 14:17:25,122 basehttp 9496 15572 "GET /attachment/view/2 HTTP/1.1" 301 0
INFO 2025-08-28 14:17:25,326 basehttp 9496 15572 "GET /attachment/view/2/ HTTP/1.1" 200 37694
INFO 2025-08-28 14:17:25,876 basehttp 9496 15572 "GET /media/attachments/asfasfsad_video_Rasika__Administrator_2025-08-28_141721.9002900530.mp4 HTTP/1.1" 200 34974399
INFO 2025-08-28 14:17:26,021 basehttp 9496 15572 "GET /media/attachments/asfasfsad_video_Rasika__Administrator_2025-08-28_141721.9002900530.mp4 HTTP/1.1" 304 0
WARNING 2025-08-28 14:17:29,086 log 9496 15572 Not Found: /favicon.ico
WARNING 2025-08-28 14:17:29,087 basehttp 9496 15572 "GET /favicon.ico HTTP/1.1" 404 15877
INFO 2025-08-28 14:17:40,959 basehttp 9496 15572 "GET /patient/view/4/ HTTP/1.1" 200 94298
INFO 2025-08-28 14:17:53,151 basehttp 9496 15572 "GET /bookmarks/add/2/Attachment/ HTTP/1.1" 200 28669
INFO 2025-08-28 14:17:59,301 basehttp 9496 15572 "GET /attachment/manager/patient/4 HTTP/1.1" 200 44776
INFO 2025-08-28 14:18:04,686 basehttp 9496 15572 "GET /attachment/edit/2/ HTTP/1.1" 200 38213
INFO 2025-08-28 14:18:34,155 basehttp 9496 15572 "POST /attachment/edit/2/ HTTP/1.1" 200 39965
INFO 2025-08-28 14:18:56,103 basehttp 9496 15572 "POST /attachment/edit/2/ HTTP/1.1" 200 39207
INFO 2025-08-28 14:19:15,649 basehttp 9496 15572 "POST /attachment/edit/2/ HTTP/1.1" 302 0
INFO 2025-08-28 14:19:15,785 basehttp 9496 15572 "GET /attachment/view/2/ HTTP/1.1" 200 38218
INFO 2025-08-28 14:19:16,234 basehttp 9496 15572 "GET /media/attachments/aaaaa_video_Rasika__Administrator_2025-08-28_141914.9222250530.mp4 HTTP/1.1" 200 34974399
INFO 2025-08-28 14:19:16,377 basehttp 9496 15572 "GET /media/attachments/aaaaa_video_Rasika__Administrator_2025-08-28_141914.9222250530.mp4 HTTP/1.1" 304 0
INFO 2025-08-28 14:19:29,199 basehttp 9496 15572 "GET /attachment/delete/confirm/2/ HTTP/1.1" 200 32948
INFO 2025-08-28 14:20:17,837 autoreload 13112 18492 Watching for file changes with StatReloader
INFO 2025-08-28 14:28:53,312 basehttp 13112 9952 "GET /attachment/manager/ HTTP/1.1" 302 0
INFO 2025-08-28 14:28:53,441 basehttp 13112 9952 "GET /users/login/?next=/attachment/manager/ HTTP/1.1" 200 12804
INFO 2025-08-28 14:28:55,744 basehttp 13112 9952 "POST /users/login/ HTTP/1.1" 302 0
INFO 2025-08-28 14:28:56,106 basehttp 13112 9952 "GET / HTTP/1.1" 200 40202
INFO 2025-08-28 14:28:58,964 basehttp 13112 9952 "GET /attachment/manager/ HTTP/1.1" 200 44758
INFO 2025-08-28 14:29:55,619 basehttp 13112 9952 "GET /attachment/view/2/ HTTP/1.1" 200 37881
INFO 2025-08-28 14:29:56,176 basehttp 13112 9952 "GET /media/attachments/aaaaa_video_Rasika__Administrator_2025-08-28_141914.9222250530.mp4 HTTP/1.1" 200 34974399
INFO 2025-08-28 14:30:13,043 basehttp 13112 9952 "GET /attachment/edit/2/ HTTP/1.1" 200 38307
INFO 2025-08-28 14:30:33,269 basehttp 13112 9952 "GET /patient/view/4/ HTTP/1.1" 200 94323
INFO 2025-08-28 14:30:36,935 basehttp 13112 9952 "GET /attachment/add/4/ HTTP/1.1" 200 42838
INFO 2025-08-28 14:31:44,909 basehttp 13112 9952 "GET /attachment/manager/ HTTP/1.1" 200 44725
INFO 2025-08-28 14:31:46,582 basehttp 13112 9952 "GET /attachment/manager/ HTTP/1.1" 200 44725
INFO 2025-08-28 14:31:55,734 basehttp 13112 9952 "GET /patient/view/4/ HTTP/1.1" 200 94323
INFO 2025-08-28 14:31:58,983 basehttp 13112 9952 "GET /attachment/add/4/ HTTP/1.1" 200 42838
INFO 2025-08-28 14:32:09,545 basehttp 13112 9952 "GET /attachment/view/2/ HTTP/1.1" 200 37852
INFO 2025-08-28 14:34:03,735 basehttp 13112 9952 "GET /attachment/view/2/ HTTP/1.1" 200 37881
INFO 2025-08-28 14:34:03,906 basehttp 13112 9952 "GET /media/attachments/aaaaa_video_Rasika__Administrator_2025-08-28_141914.9222250530.mp4 HTTP/1.1" 304 0
INFO 2025-08-28 14:34:07,033 basehttp 13112 9952 "GET /patient/view/4/ HTTP/1.1" 200 94323
INFO 2025-08-28 14:34:10,940 basehttp 13112 9952 "GET /attachment/add/4/ HTTP/1.1" 200 42838
INFO 2025-08-28 14:34:54,089 basehttp 13112 9952 "GET /attachment/add/4/ HTTP/1.1" 200 42838
INFO 2025-08-28 14:35:09,187 basehttp 13112 9952 "GET /attachment/manager/ HTTP/1.1" 200 44758
INFO 2025-08-28 14:35:21,533 basehttp 13112 9952 "GET /attachment/edit/2/ HTTP/1.1" 200 38270
INFO 2025-08-28 14:36:26,471 basehttp 13112 9952 "GET /attachment/manager/ HTTP/1.1" 200 44721
INFO 2025-08-28 14:36:58,829 basehttp 13112 9952 "GET /attachment/manager/?search=asfd&type=pdf HTTP/1.1" 200 44910
INFO 2025-08-28 14:38:00,577 basehttp 13112 9952 "GET /attachment/manager/?search=asfd&type=pdf HTTP/1.1" 200 42947
ERROR 2025-08-28 14:38:32,259 log 13112 9952 Internal Server Error: /attachment/manager/
Traceback (most recent call last):
  File "D:\Projects\Current Projects\NDAS - Project\NDAS\venv\Lib\site-packages\django\core\handlers\exception.py", line 55, in inner
    response = get_response(request)
  File "D:\Projects\Current Projects\NDAS - Project\NDAS\venv\Lib\site-packages\django\core\handlers\base.py", line 197, in _get_response
    response = wrapped_callback(request, *callback_args, **callback_kwargs)
  File "D:\Projects\Current Projects\NDAS - Project\NDAS\venv\Lib\site-packages\django\contrib\auth\decorators.py", line 23, in _wrapped_view
    return view_func(request, *args, **kwargs)
  File "D:\Projects\Current Projects\NDAS - Project\NDAS\patients\views.py", line 1283, in attachment_manager
    return render(
        request, "attachment/manager.html", {"attachment_page_obj": attachment_list}
    )
  File "D:\Projects\Current Projects\NDAS - Project\NDAS\venv\Lib\site-packages\django\shortcuts.py", line 24, in render
    content = loader.render_to_string(template_name, context, request, using=using)
  File "D:\Projects\Current Projects\NDAS - Project\NDAS\venv\Lib\site-packages\django\template\loader.py", line 61, in render_to_string
    template = get_template(template_name, using=using)
  File "D:\Projects\Current Projects\NDAS - Project\NDAS\venv\Lib\site-packages\django\template\loader.py", line 15, in get_template
    return engine.get_template(template_name)
           ~~~~~~~~~~~~~~~~~~~^^^^^^^^^^^^^^^
  File "D:\Projects\Current Projects\NDAS - Project\NDAS\venv\Lib\site-packages\django\template\backends\django.py", line 34, in get_template
    return Template(self.engine.get_template(template_name), self)
                    ~~~~~~~~~~~~~~~~~~~~~~~~^^^^^^^^^^^^^^^
  File "D:\Projects\Current Projects\NDAS - Project\NDAS\venv\Lib\site-packages\django\template\engine.py", line 175, in get_template
    template, origin = self.find_template(template_name)
                       ~~~~~~~~~~~~~~~~~~^^^^^^^^^^^^^^^
  File "D:\Projects\Current Projects\NDAS - Project\NDAS\venv\Lib\site-packages\django\template\engine.py", line 157, in find_template
    template = loader.get_template(name, skip=skip)
  File "D:\Projects\Current Projects\NDAS - Project\NDAS\venv\Lib\site-packages\django\template\loaders\cached.py", line 57, in get_template
    template = super().get_template(template_name, skip)
  File "D:\Projects\Current Projects\NDAS - Project\NDAS\venv\Lib\site-packages\django\template\loaders\base.py", line 28, in get_template
    return Template(
        contents,
    ...<2 lines>...
        self.engine,
    )
  File "D:\Projects\Current Projects\NDAS - Project\NDAS\venv\Lib\site-packages\django\template\base.py", line 154, in __init__
    self.nodelist = self.compile_nodelist()
                    ~~~~~~~~~~~~~~~~~~~~~^^
  File "D:\Projects\Current Projects\NDAS - Project\NDAS\venv\Lib\site-packages\django\template\base.py", line 200, in compile_nodelist
    return parser.parse()
           ~~~~~~~~~~~~^^
  File "D:\Projects\Current Projects\NDAS - Project\NDAS\venv\Lib\site-packages\django\template\base.py", line 513, in parse
    raise self.error(token, e)
  File "D:\Projects\Current Projects\NDAS - Project\NDAS\venv\Lib\site-packages\django\template\base.py", line 511, in parse
    compiled_result = compile_func(self, token)
  File "D:\Projects\Current Projects\NDAS - Project\NDAS\venv\Lib\site-packages\django\template\loader_tags.py", line 293, in do_extends
    nodelist = parser.parse()
  File "D:\Projects\Current Projects\NDAS - Project\NDAS\venv\Lib\site-packages\django\template\base.py", line 513, in parse
    raise self.error(token, e)
  File "D:\Projects\Current Projects\NDAS - Project\NDAS\venv\Lib\site-packages\django\template\base.py", line 511, in parse
    compiled_result = compile_func(self, token)
  File "D:\Projects\Current Projects\NDAS - Project\NDAS\venv\Lib\site-packages\django\template\loader_tags.py", line 232, in do_block
    nodelist = parser.parse(("endblock",))
  File "D:\Projects\Current Projects\NDAS - Project\NDAS\venv\Lib\site-packages\django\template\base.py", line 518, in parse
    self.unclosed_block_tag(parse_until)
    ~~~~~~~~~~~~~~~~~~~~~~~^^^^^^^^^^^^^
  File "D:\Projects\Current Projects\NDAS - Project\NDAS\venv\Lib\site-packages\django\template\base.py", line 581, in unclosed_block_tag
    raise self.error(token, msg)
django.template.exceptions.TemplateSyntaxError: Unclosed tag on line 5: 'block'. Looking for one of: endblock.
ERROR 2025-08-28 14:38:32,284 basehttp 13112 9952 "GET /attachment/manager/?search=asfd&type=pdf HTTP/1.1" 500 201827
INFO 2025-08-28 14:38:42,021 basehttp 13112 9952 "GET /attachment/manager/?search=asfd&type=pdf HTTP/1.1" 200 42945
INFO 2025-08-28 14:39:04,892 basehttp 13112 9952 "GET /attachment/manager/?search=asfd&type=pdf HTTP/1.1" 200 42238
INFO 2025-08-28 14:39:08,272 basehttp 13112 9952 "GET / HTTP/1.1" 200 39878
INFO 2025-08-28 14:39:15,124 basehttp 13112 9952 "GET /attachment/delete/confirm/2/ HTTP/1.1" 200 32948
INFO 2025-08-28 14:44:39,707 basehttp 13112 9684 "GET /attachment/manager/?search=asfd&type=pdf HTTP/1.1" 200 51408
INFO 2025-08-28 14:44:42,217 basehttp 13112 9684 "GET /attachment/manager/?search=asfd&type=pdf HTTP/1.1" 200 51408
INFO 2025-08-28 14:44:57,783 basehttp 13112 9684 "GET /attachment/view/2/ HTTP/1.1" 200 46431
INFO 2025-08-28 14:44:57,937 basehttp 13112 9684 "GET /media/attachments/aaaaa_video_Rasika__Administrator_2025-08-28_141914.9222250530.mp4 HTTP/1.1" 304 0
INFO 2025-08-28 14:45:12,424 autoreload 13112 18492 D:\Projects\Current Projects\NDAS - Project\NDAS\patients\views.py changed, reloading.
INFO 2025-08-28 14:45:14,172 autoreload 1644 12116 Watching for file changes with StatReloader
INFO 2025-08-28 14:45:47,479 basehttp 1644 12924 "GET /attachment/view/2/ HTTP/1.1" 302 0
INFO 2025-08-28 14:45:47,505 basehttp 1644 12924 "GET /users/login/?next=/attachment/view/2/ HTTP/1.1" 200 12804
INFO 2025-08-28 14:45:49,684 basehttp 1644 12924 "POST /users/login/ HTTP/1.1" 302 0
INFO 2025-08-28 14:45:49,872 basehttp 1644 12924 "GET / HTTP/1.1" 200 40202
INFO 2025-08-28 14:45:52,985 basehttp 1644 12924 "GET /attachment/manager/ HTTP/1.1" 200 51408
INFO 2025-08-28 14:46:02,765 basehttp 1644 12924 "GET /attachment/view/2/ HTTP/1.1" 200 46431
INFO 2025-08-28 14:46:03,395 basehttp 1644 12924 "GET /media/attachments/aaaaa_video_Rasika__Administrator_2025-08-28_141914.9222250530.mp4 HTTP/1.1" 200 34974399
INFO 2025-08-28 14:46:19,216 basehttp 1644 12924 "GET /manager/patient/ HTTP/1.1" 200 59624
INFO 2025-08-28 14:46:20,746 basehttp 1644 12924 "GET /patient/view/4/ HTTP/1.1" 200 103603
INFO 2025-08-28 14:48:23,633 basehttp 1644 12924 "GET /attachment/add/4/ HTTP/1.1" 200 42838
INFO 2025-08-28 14:48:53,144 basehttp 1644 12924 "GET /attachment/edit/2/ HTTP/1.1" 200 48530
INFO 2025-08-28 14:48:59,195 basehttp 1644 12924 "GET /attachment/view/2/ HTTP/1.1" 200 48101
INFO 2025-08-28 14:48:59,364 basehttp 1644 12924 "GET /media/attachments/aaaaa_video_Rasika__Administrator_2025-08-28_141914.9222250530.mp4 HTTP/1.1" 304 0
INFO 2025-08-28 14:50:39,347 basehttp 1644 12924 "GET /attachment/view/2/ HTTP/1.1" 200 49010
WARNING 2025-08-28 14:51:07,701 log 1644 12924 Not Found: /.well-known/appspecific/com.chrome.devtools.json
WARNING 2025-08-28 14:51:07,702 basehttp 1644 12924 "GET /.well-known/appspecific/com.chrome.devtools.json HTTP/1.1" 404 15988
INFO 2025-08-28 14:52:25,103 basehttp 1644 12924 "GET /attachment/manager/patient/4 HTTP/1.1" 200 53956
INFO 2025-08-28 14:52:31,642 basehttp 1644 12924 "GET / HTTP/1.1" 200 39878
INFO 2025-08-28 14:52:43,321 basehttp 1644 12924 "GET /attachment/view/2/ HTTP/1.1" 200 49010
INFO 2025-08-28 14:52:43,488 basehttp 1644 12924 "GET /media/attachments/aaaaa_video_Rasika__Administrator_2025-08-28_141914.9222250530.mp4 HTTP/1.1" 304 0
INFO 2025-08-28 14:53:01,139 basehttp 1644 12924 "POST /attachment/delete/2/ HTTP/1.1" 200 114
WARNING 2025-08-28 14:53:05,910 log 1644 12924 Not Found: /patient/attachment/manager/4/
WARNING 2025-08-28 14:53:05,911 basehttp 1644 12924 "GET /patient/attachment/manager/4/ HTTP/1.1" 404 15931
INFO 2025-08-28 14:54:13,542 basehttp 1644 12924 "GET /attachment/manager/ HTTP/1.1" 200 49115
INFO 2025-08-28 14:54:13,585 basehttp 1644 12924 "GET /static/dist/css/ndas-sidebar.css HTTP/1.1" 304 0
INFO 2025-08-28 14:54:14,782 basehttp 1644 12924 "GET /manager/patient/ HTTP/1.1" 200 59624
INFO 2025-08-28 14:54:16,172 basehttp 1644 12924 "GET /patient/view/3/ HTTP/1.1" 200 99945
INFO 2025-08-28 14:54:24,075 basehttp 1644 12924 "GET /attachment/add/3/ HTTP/1.1" 200 42822
INFO 2025-08-28 14:54:36,822 autoreload 1644 12116 D:\Projects\Current Projects\NDAS - Project\NDAS\patients\views.py changed, reloading.
INFO 2025-08-28 14:54:37,976 autoreload 6676 11752 Watching for file changes with StatReloader
INFO 2025-08-28 14:54:38,821 basehttp 6676 4456 "POST /attachment/add/3/ HTTP/1.1" 302 0
INFO 2025-08-28 14:54:38,828 basehttp 6676 4456 "GET /users/login/?next=/attachment/add/3/ HTTP/1.1" 200 12804
INFO 2025-08-28 14:54:43,682 autoreload 6676 11752 D:\Projects\Current Projects\NDAS - Project\NDAS\patients\views.py changed, reloading.
INFO 2025-08-28 14:54:44,542 autoreload 12408 10844 Watching for file changes with StatReloader
INFO 2025-08-28 14:54:53,856 basehttp 12408 5836 "GET /attachment/add/3/ HTTP/1.1" 302 0
INFO 2025-08-28 14:54:53,876 basehttp 12408 5836 "GET /users/login/?next=/attachment/add/3/ HTTP/1.1" 200 12804
INFO 2025-08-28 14:54:56,260 basehttp 12408 5836 "POST /users/login/ HTTP/1.1" 302 0
INFO 2025-08-28 14:54:56,422 basehttp 12408 5836 "GET / HTTP/1.1" 200 40202
INFO 2025-08-28 14:54:58,674 basehttp 12408 5836 "GET /manager/patient/ HTTP/1.1" 200 59624
INFO 2025-08-28 14:55:00,515 basehttp 12408 5836 "GET /patient/view/3/ HTTP/1.1" 200 99945
INFO 2025-08-28 14:55:03,505 basehttp 12408 5836 "GET /attachment/add/3/ HTTP/1.1" 200 42822
INFO 2025-08-28 14:55:14,024 basehttp 12408 5836 "POST /attachment/add/3/ HTTP/1.1" 200 52
INFO 2025-08-28 14:55:31,512 basehttp 12408 5836 "GET /attachment/manager/ HTTP/1.1" 200 54358
INFO 2025-08-28 14:55:37,395 basehttp 12408 5836 "GET /attachment/view/3/ HTTP/1.1" 200 49093
INFO 2025-08-28 14:55:37,932 basehttp 12408 5836 "GET /media/attachments/wqefqwef_video_Rasika__Administrator_2025-08-28_145513.5394690530.mp4 HTTP/1.1" 200 34974399
INFO 2025-08-28 14:57:34,989 basehttp 12408 5836 "GET /attachment/edit/3/ HTTP/1.1" 200 49701
INFO 2025-08-28 15:00:37,681 basehttp 12408 5836 "GET /attachment/view/3/ HTTP/1.1" 200 50931
INFO 2025-08-28 15:00:37,889 basehttp 12408 5836 "GET /media/attachments/wqefqwef_video_Rasika__Administrator_2025-08-28_145513.5394690530.mp4 HTTP/1.1" 304 0
INFO 2025-08-28 15:03:41,686 basehttp 12408 5836 "GET /attachment/add/3/ HTTP/1.1" 200 42822
INFO 2025-08-28 15:06:45,917 basehttp 12408 5836 "GET /attachment/view/3/ HTTP/1.1" 200 50801
INFO 2025-08-28 15:06:46,096 basehttp 12408 5836 "GET /media/attachments/wqefqwef_video_Rasika__Administrator_2025-08-28_145513.5394690530.mp4 HTTP/1.1" 304 0
INFO 2025-08-28 15:07:26,263 basehttp 12408 5836 "GET /video/manager/ HTTP/1.1" 200 43411
INFO 2025-08-28 15:07:26,313 basehttp 12408 5836 "GET /static/css/manager.css HTTP/1.1" 304 0
INFO 2025-08-28 15:07:26,324 basehttp 12408 8940 "GET /static/js/manager.js HTTP/1.1" 304 0
INFO 2025-08-28 15:07:29,497 basehttp 12408 8940 "GET /video/view/3/ HTTP/1.1" 200 37042
INFO 2025-08-28 15:07:30,156 basehttp 12408 8940 "GET /media/videos/2025/08/asfsad/asfsad_xzcvx_original_20250826_154744.mp4 HTTP/1.1" 200 34974399
INFO 2025-08-28 15:09:18,793 basehttp 12408 8940 "GET /media/attachments/wqefqwef_video_Rasika__Administrator_2025-08-28_145513.5394690530.mp4 HTTP/1.1" 304 0
INFO 2025-08-28 15:09:40,416 basehttp 12408 8940 "GET / HTTP/1.1" 200 39878
INFO 2025-08-28 15:09:55,683 basehttp 12408 8940 "GET /manager/patient/ HTTP/1.1" 200 59624
INFO 2025-08-28 15:10:00,651 basehttp 12408 8940 "GET /patient/view/4/ HTTP/1.1" 200 104608
INFO 2025-08-28 15:10:05,948 basehttp 12408 8940 "GET /video/view/4/ HTTP/1.1" 200 39659
INFO 2025-08-28 15:10:06,709 basehttp 12408 8940 "GET /media/videos/2025/08/VID-20250714-WA00011.mp4 HTTP/1.1" 200 34974399
INFO 2025-08-28 15:12:08,614 basehttp 12408 6788 "GET /assessment/edit/file/id/4/ HTTP/1.1" 200 32808
INFO 2025-08-28 15:13:46,884 basehttp 12408 6788 "GET /video/view/4/ HTTP/1.1" 200 39687
ERROR 2025-08-28 15:17:41,852 log 12408 6788 Internal Server Error: /video/view/4/
Traceback (most recent call last):
  File "D:\Projects\Current Projects\NDAS - Project\NDAS\venv\Lib\site-packages\django\template\base.py", line 505, in parse
    compile_func = self.tags[command]
                   ~~~~~~~~~^^^^^^^^^
KeyError: 'else'

During handling of the above exception, another exception occurred:

Traceback (most recent call last):
  File "D:\Projects\Current Projects\NDAS - Project\NDAS\venv\Lib\site-packages\django\core\handlers\exception.py", line 55, in inner
    response = get_response(request)
  File "D:\Projects\Current Projects\NDAS - Project\NDAS\venv\Lib\site-packages\django\core\handlers\base.py", line 197, in _get_response
    response = wrapped_callback(request, *callback_args, **callback_kwargs)
  File "D:\Projects\Current Projects\NDAS - Project\NDAS\venv\Lib\site-packages\django\contrib\auth\decorators.py", line 23, in _wrapped_view
    return view_func(request, *args, **kwargs)
  File "D:\Projects\Current Projects\NDAS - Project\NDAS\video\views.py", line 143, in video_view
    return render(request, "video/view.html", context)
  File "D:\Projects\Current Projects\NDAS - Project\NDAS\venv\Lib\site-packages\django\shortcuts.py", line 24, in render
    content = loader.render_to_string(template_name, context, request, using=using)
  File "D:\Projects\Current Projects\NDAS - Project\NDAS\venv\Lib\site-packages\django\template\loader.py", line 61, in render_to_string
    template = get_template(template_name, using=using)
  File "D:\Projects\Current Projects\NDAS - Project\NDAS\venv\Lib\site-packages\django\template\loader.py", line 15, in get_template
    return engine.get_template(template_name)
           ~~~~~~~~~~~~~~~~~~~^^^^^^^^^^^^^^^
  File "D:\Projects\Current Projects\NDAS - Project\NDAS\venv\Lib\site-packages\django\template\backends\django.py", line 34, in get_template
    return Template(self.engine.get_template(template_name), self)
                    ~~~~~~~~~~~~~~~~~~~~~~~~^^^^^^^^^^^^^^^
  File "D:\Projects\Current Projects\NDAS - Project\NDAS\venv\Lib\site-packages\django\template\engine.py", line 175, in get_template
    template, origin = self.find_template(template_name)
                       ~~~~~~~~~~~~~~~~~~^^^^^^^^^^^^^^^
  File "D:\Projects\Current Projects\NDAS - Project\NDAS\venv\Lib\site-packages\django\template\engine.py", line 157, in find_template
    template = loader.get_template(name, skip=skip)
  File "D:\Projects\Current Projects\NDAS - Project\NDAS\venv\Lib\site-packages\django\template\loaders\cached.py", line 57, in get_template
    template = super().get_template(template_name, skip)
  File "D:\Projects\Current Projects\NDAS - Project\NDAS\venv\Lib\site-packages\django\template\loaders\base.py", line 28, in get_template
    return Template(
        contents,
    ...<2 lines>...
        self.engine,
    )
  File "D:\Projects\Current Projects\NDAS - Project\NDAS\venv\Lib\site-packages\django\template\base.py", line 154, in __init__
    self.nodelist = self.compile_nodelist()
                    ~~~~~~~~~~~~~~~~~~~~~^^
  File "D:\Projects\Current Projects\NDAS - Project\NDAS\venv\Lib\site-packages\django\template\base.py", line 200, in compile_nodelist
    return parser.parse()
           ~~~~~~~~~~~~^^
  File "D:\Projects\Current Projects\NDAS - Project\NDAS\venv\Lib\site-packages\django\template\base.py", line 513, in parse
    raise self.error(token, e)
  File "D:\Projects\Current Projects\NDAS - Project\NDAS\venv\Lib\site-packages\django\template\base.py", line 511, in parse
    compiled_result = compile_func(self, token)
  File "D:\Projects\Current Projects\NDAS - Project\NDAS\venv\Lib\site-packages\django\template\loader_tags.py", line 293, in do_extends
    nodelist = parser.parse()
  File "D:\Projects\Current Projects\NDAS - Project\NDAS\venv\Lib\site-packages\django\template\base.py", line 513, in parse
    raise self.error(token, e)
  File "D:\Projects\Current Projects\NDAS - Project\NDAS\venv\Lib\site-packages\django\template\base.py", line 511, in parse
    compiled_result = compile_func(self, token)
  File "D:\Projects\Current Projects\NDAS - Project\NDAS\venv\Lib\site-packages\django\template\loader_tags.py", line 232, in do_block
    nodelist = parser.parse(("endblock",))
  File "D:\Projects\Current Projects\NDAS - Project\NDAS\venv\Lib\site-packages\django\template\base.py", line 507, in parse
    self.invalid_block_tag(token, command, parse_until)
    ~~~~~~~~~~~~~~~~~~~~~~^^^^^^^^^^^^^^^^^^^^^^^^^^^^^
  File "D:\Projects\Current Projects\NDAS - Project\NDAS\venv\Lib\site-packages\django\template\base.py", line 558, in invalid_block_tag
    raise self.error(
    ...<8 lines>...
    )
django.template.exceptions.TemplateSyntaxError: Invalid block tag on line 41: 'else', expected 'endblock'. Did you forget to register or load this tag?
ERROR 2025-08-28 15:17:41,870 basehttp 12408 6788 "GET /video/view/4/ HTTP/1.1" 500 269935
ERROR 2025-08-28 15:18:09,622 log 12408 6788 Internal Server Error: /video/view/4/
Traceback (most recent call last):
  File "D:\Projects\Current Projects\NDAS - Project\NDAS\venv\Lib\site-packages\django\template\base.py", line 505, in parse
    compile_func = self.tags[command]
                   ~~~~~~~~~^^^^^^^^^
KeyError: 'else'

During handling of the above exception, another exception occurred:

Traceback (most recent call last):
  File "D:\Projects\Current Projects\NDAS - Project\NDAS\venv\Lib\site-packages\django\core\handlers\exception.py", line 55, in inner
    response = get_response(request)
  File "D:\Projects\Current Projects\NDAS - Project\NDAS\venv\Lib\site-packages\django\core\handlers\base.py", line 197, in _get_response
    response = wrapped_callback(request, *callback_args, **callback_kwargs)
  File "D:\Projects\Current Projects\NDAS - Project\NDAS\venv\Lib\site-packages\django\contrib\auth\decorators.py", line 23, in _wrapped_view
    return view_func(request, *args, **kwargs)
  File "D:\Projects\Current Projects\NDAS - Project\NDAS\video\views.py", line 143, in video_view
    return render(request, "video/view.html", context)
  File "D:\Projects\Current Projects\NDAS - Project\NDAS\venv\Lib\site-packages\django\shortcuts.py", line 24, in render
    content = loader.render_to_string(template_name, context, request, using=using)
  File "D:\Projects\Current Projects\NDAS - Project\NDAS\venv\Lib\site-packages\django\template\loader.py", line 61, in render_to_string
    template = get_template(template_name, using=using)
  File "D:\Projects\Current Projects\NDAS - Project\NDAS\venv\Lib\site-packages\django\template\loader.py", line 15, in get_template
    return engine.get_template(template_name)
           ~~~~~~~~~~~~~~~~~~~^^^^^^^^^^^^^^^
  File "D:\Projects\Current Projects\NDAS - Project\NDAS\venv\Lib\site-packages\django\template\backends\django.py", line 34, in get_template
    return Template(self.engine.get_template(template_name), self)
                    ~~~~~~~~~~~~~~~~~~~~~~~~^^^^^^^^^^^^^^^
  File "D:\Projects\Current Projects\NDAS - Project\NDAS\venv\Lib\site-packages\django\template\engine.py", line 175, in get_template
    template, origin = self.find_template(template_name)
                       ~~~~~~~~~~~~~~~~~~^^^^^^^^^^^^^^^
  File "D:\Projects\Current Projects\NDAS - Project\NDAS\venv\Lib\site-packages\django\template\engine.py", line 157, in find_template
    template = loader.get_template(name, skip=skip)
  File "D:\Projects\Current Projects\NDAS - Project\NDAS\venv\Lib\site-packages\django\template\loaders\cached.py", line 57, in get_template
    template = super().get_template(template_name, skip)
  File "D:\Projects\Current Projects\NDAS - Project\NDAS\venv\Lib\site-packages\django\template\loaders\base.py", line 28, in get_template
    return Template(
        contents,
    ...<2 lines>...
        self.engine,
    )
  File "D:\Projects\Current Projects\NDAS - Project\NDAS\venv\Lib\site-packages\django\template\base.py", line 154, in __init__
    self.nodelist = self.compile_nodelist()
                    ~~~~~~~~~~~~~~~~~~~~~^^
  File "D:\Projects\Current Projects\NDAS - Project\NDAS\venv\Lib\site-packages\django\template\base.py", line 200, in compile_nodelist
    return parser.parse()
           ~~~~~~~~~~~~^^
  File "D:\Projects\Current Projects\NDAS - Project\NDAS\venv\Lib\site-packages\django\template\base.py", line 513, in parse
    raise self.error(token, e)
  File "D:\Projects\Current Projects\NDAS - Project\NDAS\venv\Lib\site-packages\django\template\base.py", line 511, in parse
    compiled_result = compile_func(self, token)
  File "D:\Projects\Current Projects\NDAS - Project\NDAS\venv\Lib\site-packages\django\template\loader_tags.py", line 293, in do_extends
    nodelist = parser.parse()
  File "D:\Projects\Current Projects\NDAS - Project\NDAS\venv\Lib\site-packages\django\template\base.py", line 513, in parse
    raise self.error(token, e)
  File "D:\Projects\Current Projects\NDAS - Project\NDAS\venv\Lib\site-packages\django\template\base.py", line 511, in parse
    compiled_result = compile_func(self, token)
  File "D:\Projects\Current Projects\NDAS - Project\NDAS\venv\Lib\site-packages\django\template\loader_tags.py", line 232, in do_block
    nodelist = parser.parse(("endblock",))
  File "D:\Projects\Current Projects\NDAS - Project\NDAS\venv\Lib\site-packages\django\template\base.py", line 507, in parse
    self.invalid_block_tag(token, command, parse_until)
    ~~~~~~~~~~~~~~~~~~~~~~^^^^^^^^^^^^^^^^^^^^^^^^^^^^^
  File "D:\Projects\Current Projects\NDAS - Project\NDAS\venv\Lib\site-packages\django\template\base.py", line 558, in invalid_block_tag
    raise self.error(
    ...<8 lines>...
    )
django.template.exceptions.TemplateSyntaxError: Invalid block tag on line 41: 'else', expected 'endblock'. Did you forget to register or load this tag?
ERROR 2025-08-28 15:18:09,639 basehttp 12408 6788 "GET /video/view/4/ HTTP/1.1" 500 269935
ERROR 2025-08-28 15:18:11,982 log 12408 6788 Internal Server Error: /video/view/4/
Traceback (most recent call last):
  File "D:\Projects\Current Projects\NDAS - Project\NDAS\venv\Lib\site-packages\django\template\base.py", line 505, in parse
    compile_func = self.tags[command]
                   ~~~~~~~~~^^^^^^^^^
KeyError: 'else'

During handling of the above exception, another exception occurred:

Traceback (most recent call last):
  File "D:\Projects\Current Projects\NDAS - Project\NDAS\venv\Lib\site-packages\django\core\handlers\exception.py", line 55, in inner
    response = get_response(request)
  File "D:\Projects\Current Projects\NDAS - Project\NDAS\venv\Lib\site-packages\django\core\handlers\base.py", line 197, in _get_response
    response = wrapped_callback(request, *callback_args, **callback_kwargs)
  File "D:\Projects\Current Projects\NDAS - Project\NDAS\venv\Lib\site-packages\django\contrib\auth\decorators.py", line 23, in _wrapped_view
    return view_func(request, *args, **kwargs)
  File "D:\Projects\Current Projects\NDAS - Project\NDAS\video\views.py", line 143, in video_view
    return render(request, "video/view.html", context)
  File "D:\Projects\Current Projects\NDAS - Project\NDAS\venv\Lib\site-packages\django\shortcuts.py", line 24, in render
    content = loader.render_to_string(template_name, context, request, using=using)
  File "D:\Projects\Current Projects\NDAS - Project\NDAS\venv\Lib\site-packages\django\template\loader.py", line 61, in render_to_string
    template = get_template(template_name, using=using)
  File "D:\Projects\Current Projects\NDAS - Project\NDAS\venv\Lib\site-packages\django\template\loader.py", line 15, in get_template
    return engine.get_template(template_name)
           ~~~~~~~~~~~~~~~~~~~^^^^^^^^^^^^^^^
  File "D:\Projects\Current Projects\NDAS - Project\NDAS\venv\Lib\site-packages\django\template\backends\django.py", line 34, in get_template
    return Template(self.engine.get_template(template_name), self)
                    ~~~~~~~~~~~~~~~~~~~~~~~~^^^^^^^^^^^^^^^
  File "D:\Projects\Current Projects\NDAS - Project\NDAS\venv\Lib\site-packages\django\template\engine.py", line 175, in get_template
    template, origin = self.find_template(template_name)
                       ~~~~~~~~~~~~~~~~~~^^^^^^^^^^^^^^^
  File "D:\Projects\Current Projects\NDAS - Project\NDAS\venv\Lib\site-packages\django\template\engine.py", line 157, in find_template
    template = loader.get_template(name, skip=skip)
  File "D:\Projects\Current Projects\NDAS - Project\NDAS\venv\Lib\site-packages\django\template\loaders\cached.py", line 57, in get_template
    template = super().get_template(template_name, skip)
  File "D:\Projects\Current Projects\NDAS - Project\NDAS\venv\Lib\site-packages\django\template\loaders\base.py", line 28, in get_template
    return Template(
        contents,
    ...<2 lines>...
        self.engine,
    )
  File "D:\Projects\Current Projects\NDAS - Project\NDAS\venv\Lib\site-packages\django\template\base.py", line 154, in __init__
    self.nodelist = self.compile_nodelist()
                    ~~~~~~~~~~~~~~~~~~~~~^^
  File "D:\Projects\Current Projects\NDAS - Project\NDAS\venv\Lib\site-packages\django\template\base.py", line 200, in compile_nodelist
    return parser.parse()
           ~~~~~~~~~~~~^^
  File "D:\Projects\Current Projects\NDAS - Project\NDAS\venv\Lib\site-packages\django\template\base.py", line 513, in parse
    raise self.error(token, e)
  File "D:\Projects\Current Projects\NDAS - Project\NDAS\venv\Lib\site-packages\django\template\base.py", line 511, in parse
    compiled_result = compile_func(self, token)
  File "D:\Projects\Current Projects\NDAS - Project\NDAS\venv\Lib\site-packages\django\template\loader_tags.py", line 293, in do_extends
    nodelist = parser.parse()
  File "D:\Projects\Current Projects\NDAS - Project\NDAS\venv\Lib\site-packages\django\template\base.py", line 513, in parse
    raise self.error(token, e)
  File "D:\Projects\Current Projects\NDAS - Project\NDAS\venv\Lib\site-packages\django\template\base.py", line 511, in parse
    compiled_result = compile_func(self, token)
  File "D:\Projects\Current Projects\NDAS - Project\NDAS\venv\Lib\site-packages\django\template\loader_tags.py", line 232, in do_block
    nodelist = parser.parse(("endblock",))
  File "D:\Projects\Current Projects\NDAS - Project\NDAS\venv\Lib\site-packages\django\template\base.py", line 507, in parse
    self.invalid_block_tag(token, command, parse_until)
    ~~~~~~~~~~~~~~~~~~~~~~^^^^^^^^^^^^^^^^^^^^^^^^^^^^^
  File "D:\Projects\Current Projects\NDAS - Project\NDAS\venv\Lib\site-packages\django\template\base.py", line 558, in invalid_block_tag
    raise self.error(
    ...<8 lines>...
    )
django.template.exceptions.TemplateSyntaxError: Invalid block tag on line 41: 'else', expected 'endblock'. Did you forget to register or load this tag?
ERROR 2025-08-28 15:18:11,993 basehttp 12408 6788 "GET /video/view/4/ HTTP/1.1" 500 269935
ERROR 2025-08-28 15:18:13,156 log 12408 6788 Internal Server Error: /video/view/4/
Traceback (most recent call last):
  File "D:\Projects\Current Projects\NDAS - Project\NDAS\venv\Lib\site-packages\django\template\base.py", line 505, in parse
    compile_func = self.tags[command]
                   ~~~~~~~~~^^^^^^^^^
KeyError: 'else'

During handling of the above exception, another exception occurred:

Traceback (most recent call last):
  File "D:\Projects\Current Projects\NDAS - Project\NDAS\venv\Lib\site-packages\django\core\handlers\exception.py", line 55, in inner
    response = get_response(request)
  File "D:\Projects\Current Projects\NDAS - Project\NDAS\venv\Lib\site-packages\django\core\handlers\base.py", line 197, in _get_response
    response = wrapped_callback(request, *callback_args, **callback_kwargs)
  File "D:\Projects\Current Projects\NDAS - Project\NDAS\venv\Lib\site-packages\django\contrib\auth\decorators.py", line 23, in _wrapped_view
    return view_func(request, *args, **kwargs)
  File "D:\Projects\Current Projects\NDAS - Project\NDAS\video\views.py", line 143, in video_view
    return render(request, "video/view.html", context)
  File "D:\Projects\Current Projects\NDAS - Project\NDAS\venv\Lib\site-packages\django\shortcuts.py", line 24, in render
    content = loader.render_to_string(template_name, context, request, using=using)
  File "D:\Projects\Current Projects\NDAS - Project\NDAS\venv\Lib\site-packages\django\template\loader.py", line 61, in render_to_string
    template = get_template(template_name, using=using)
  File "D:\Projects\Current Projects\NDAS - Project\NDAS\venv\Lib\site-packages\django\template\loader.py", line 15, in get_template
    return engine.get_template(template_name)
           ~~~~~~~~~~~~~~~~~~~^^^^^^^^^^^^^^^
  File "D:\Projects\Current Projects\NDAS - Project\NDAS\venv\Lib\site-packages\django\template\backends\django.py", line 34, in get_template
    return Template(self.engine.get_template(template_name), self)
                    ~~~~~~~~~~~~~~~~~~~~~~~~^^^^^^^^^^^^^^^
  File "D:\Projects\Current Projects\NDAS - Project\NDAS\venv\Lib\site-packages\django\template\engine.py", line 175, in get_template
    template, origin = self.find_template(template_name)
                       ~~~~~~~~~~~~~~~~~~^^^^^^^^^^^^^^^
  File "D:\Projects\Current Projects\NDAS - Project\NDAS\venv\Lib\site-packages\django\template\engine.py", line 157, in find_template
    template = loader.get_template(name, skip=skip)
  File "D:\Projects\Current Projects\NDAS - Project\NDAS\venv\Lib\site-packages\django\template\loaders\cached.py", line 57, in get_template
    template = super().get_template(template_name, skip)
  File "D:\Projects\Current Projects\NDAS - Project\NDAS\venv\Lib\site-packages\django\template\loaders\base.py", line 28, in get_template
    return Template(
        contents,
    ...<2 lines>...
        self.engine,
    )
  File "D:\Projects\Current Projects\NDAS - Project\NDAS\venv\Lib\site-packages\django\template\base.py", line 154, in __init__
    self.nodelist = self.compile_nodelist()
                    ~~~~~~~~~~~~~~~~~~~~~^^
  File "D:\Projects\Current Projects\NDAS - Project\NDAS\venv\Lib\site-packages\django\template\base.py", line 200, in compile_nodelist
    return parser.parse()
           ~~~~~~~~~~~~^^
  File "D:\Projects\Current Projects\NDAS - Project\NDAS\venv\Lib\site-packages\django\template\base.py", line 513, in parse
    raise self.error(token, e)
  File "D:\Projects\Current Projects\NDAS - Project\NDAS\venv\Lib\site-packages\django\template\base.py", line 511, in parse
    compiled_result = compile_func(self, token)
  File "D:\Projects\Current Projects\NDAS - Project\NDAS\venv\Lib\site-packages\django\template\loader_tags.py", line 293, in do_extends
    nodelist = parser.parse()
  File "D:\Projects\Current Projects\NDAS - Project\NDAS\venv\Lib\site-packages\django\template\base.py", line 513, in parse
    raise self.error(token, e)
  File "D:\Projects\Current Projects\NDAS - Project\NDAS\venv\Lib\site-packages\django\template\base.py", line 511, in parse
    compiled_result = compile_func(self, token)
  File "D:\Projects\Current Projects\NDAS - Project\NDAS\venv\Lib\site-packages\django\template\loader_tags.py", line 232, in do_block
    nodelist = parser.parse(("endblock",))
  File "D:\Projects\Current Projects\NDAS - Project\NDAS\venv\Lib\site-packages\django\template\base.py", line 507, in parse
    self.invalid_block_tag(token, command, parse_until)
    ~~~~~~~~~~~~~~~~~~~~~~^^^^^^^^^^^^^^^^^^^^^^^^^^^^^
  File "D:\Projects\Current Projects\NDAS - Project\NDAS\venv\Lib\site-packages\django\template\base.py", line 558, in invalid_block_tag
    raise self.error(
    ...<8 lines>...
    )
django.template.exceptions.TemplateSyntaxError: Invalid block tag on line 41: 'else', expected 'endblock'. Did you forget to register or load this tag?
ERROR 2025-08-28 15:18:13,168 basehttp 12408 6788 "GET /video/view/4/ HTTP/1.1" 500 269935
ERROR 2025-08-28 15:18:14,039 log 12408 6788 Internal Server Error: /video/view/4/
Traceback (most recent call last):
  File "D:\Projects\Current Projects\NDAS - Project\NDAS\venv\Lib\site-packages\django\template\base.py", line 505, in parse
    compile_func = self.tags[command]
                   ~~~~~~~~~^^^^^^^^^
KeyError: 'else'

During handling of the above exception, another exception occurred:

Traceback (most recent call last):
  File "D:\Projects\Current Projects\NDAS - Project\NDAS\venv\Lib\site-packages\django\core\handlers\exception.py", line 55, in inner
    response = get_response(request)
  File "D:\Projects\Current Projects\NDAS - Project\NDAS\venv\Lib\site-packages\django\core\handlers\base.py", line 197, in _get_response
    response = wrapped_callback(request, *callback_args, **callback_kwargs)
  File "D:\Projects\Current Projects\NDAS - Project\NDAS\venv\Lib\site-packages\django\contrib\auth\decorators.py", line 23, in _wrapped_view
    return view_func(request, *args, **kwargs)
  File "D:\Projects\Current Projects\NDAS - Project\NDAS\video\views.py", line 143, in video_view
    return render(request, "video/view.html", context)
  File "D:\Projects\Current Projects\NDAS - Project\NDAS\venv\Lib\site-packages\django\shortcuts.py", line 24, in render
    content = loader.render_to_string(template_name, context, request, using=using)
  File "D:\Projects\Current Projects\NDAS - Project\NDAS\venv\Lib\site-packages\django\template\loader.py", line 61, in render_to_string
    template = get_template(template_name, using=using)
  File "D:\Projects\Current Projects\NDAS - Project\NDAS\venv\Lib\site-packages\django\template\loader.py", line 15, in get_template
    return engine.get_template(template_name)
           ~~~~~~~~~~~~~~~~~~~^^^^^^^^^^^^^^^
  File "D:\Projects\Current Projects\NDAS - Project\NDAS\venv\Lib\site-packages\django\template\backends\django.py", line 34, in get_template
    return Template(self.engine.get_template(template_name), self)
                    ~~~~~~~~~~~~~~~~~~~~~~~~^^^^^^^^^^^^^^^
  File "D:\Projects\Current Projects\NDAS - Project\NDAS\venv\Lib\site-packages\django\template\engine.py", line 175, in get_template
    template, origin = self.find_template(template_name)
                       ~~~~~~~~~~~~~~~~~~^^^^^^^^^^^^^^^
  File "D:\Projects\Current Projects\NDAS - Project\NDAS\venv\Lib\site-packages\django\template\engine.py", line 157, in find_template
    template = loader.get_template(name, skip=skip)
  File "D:\Projects\Current Projects\NDAS - Project\NDAS\venv\Lib\site-packages\django\template\loaders\cached.py", line 57, in get_template
    template = super().get_template(template_name, skip)
  File "D:\Projects\Current Projects\NDAS - Project\NDAS\venv\Lib\site-packages\django\template\loaders\base.py", line 28, in get_template
    return Template(
        contents,
    ...<2 lines>...
        self.engine,
    )
  File "D:\Projects\Current Projects\NDAS - Project\NDAS\venv\Lib\site-packages\django\template\base.py", line 154, in __init__
    self.nodelist = self.compile_nodelist()
                    ~~~~~~~~~~~~~~~~~~~~~^^
  File "D:\Projects\Current Projects\NDAS - Project\NDAS\venv\Lib\site-packages\django\template\base.py", line 200, in compile_nodelist
    return parser.parse()
           ~~~~~~~~~~~~^^
  File "D:\Projects\Current Projects\NDAS - Project\NDAS\venv\Lib\site-packages\django\template\base.py", line 513, in parse
    raise self.error(token, e)
  File "D:\Projects\Current Projects\NDAS - Project\NDAS\venv\Lib\site-packages\django\template\base.py", line 511, in parse
    compiled_result = compile_func(self, token)
  File "D:\Projects\Current Projects\NDAS - Project\NDAS\venv\Lib\site-packages\django\template\loader_tags.py", line 293, in do_extends
    nodelist = parser.parse()
  File "D:\Projects\Current Projects\NDAS - Project\NDAS\venv\Lib\site-packages\django\template\base.py", line 513, in parse
    raise self.error(token, e)
  File "D:\Projects\Current Projects\NDAS - Project\NDAS\venv\Lib\site-packages\django\template\base.py", line 511, in parse
    compiled_result = compile_func(self, token)
  File "D:\Projects\Current Projects\NDAS - Project\NDAS\venv\Lib\site-packages\django\template\loader_tags.py", line 232, in do_block
    nodelist = parser.parse(("endblock",))
  File "D:\Projects\Current Projects\NDAS - Project\NDAS\venv\Lib\site-packages\django\template\base.py", line 507, in parse
    self.invalid_block_tag(token, command, parse_until)
    ~~~~~~~~~~~~~~~~~~~~~~^^^^^^^^^^^^^^^^^^^^^^^^^^^^^
  File "D:\Projects\Current Projects\NDAS - Project\NDAS\venv\Lib\site-packages\django\template\base.py", line 558, in invalid_block_tag
    raise self.error(
    ...<8 lines>...
    )
django.template.exceptions.TemplateSyntaxError: Invalid block tag on line 41: 'else', expected 'endblock'. Did you forget to register or load this tag?
ERROR 2025-08-28 15:18:14,056 basehttp 12408 6788 "GET /video/view/4/ HTTP/1.1" 500 269935
INFO 2025-08-28 15:19:27,255 basehttp 12408 6788 "GET /video/view/4/ HTTP/1.1" 200 39687
ERROR 2025-08-28 15:22:28,587 log 12408 6788 Internal Server Error: /video/view/4/
Traceback (most recent call last):
  File "D:\Projects\Current Projects\NDAS - Project\NDAS\venv\Lib\site-packages\django\core\handlers\exception.py", line 55, in inner
    response = get_response(request)
  File "D:\Projects\Current Projects\NDAS - Project\NDAS\venv\Lib\site-packages\django\core\handlers\base.py", line 197, in _get_response
    response = wrapped_callback(request, *callback_args, **callback_kwargs)
  File "D:\Projects\Current Projects\NDAS - Project\NDAS\venv\Lib\site-packages\django\contrib\auth\decorators.py", line 23, in _wrapped_view
    return view_func(request, *args, **kwargs)
  File "D:\Projects\Current Projects\NDAS - Project\NDAS\video\views.py", line 143, in video_view
    return render(request, "video/view.html", context)
  File "D:\Projects\Current Projects\NDAS - Project\NDAS\venv\Lib\site-packages\django\shortcuts.py", line 24, in render
    content = loader.render_to_string(template_name, context, request, using=using)
  File "D:\Projects\Current Projects\NDAS - Project\NDAS\venv\Lib\site-packages\django\template\loader.py", line 62, in render_to_string
    return template.render(context, request)
           ~~~~~~~~~~~~~~~^^^^^^^^^^^^^^^^^^
  File "D:\Projects\Current Projects\NDAS - Project\NDAS\venv\Lib\site-packages\django\template\backends\django.py", line 62, in render
    return self.template.render(context)
           ~~~~~~~~~~~~~~~~~~~~^^^^^^^^^
  File "D:\Projects\Current Projects\NDAS - Project\NDAS\venv\Lib\site-packages\django\template\base.py", line 175, in render
    return self._render(context)
           ~~~~~~~~~~~~^^^^^^^^^
  File "D:\Projects\Current Projects\NDAS - Project\NDAS\venv\Lib\site-packages\django\template\base.py", line 167, in _render
    return self.nodelist.render(context)
           ~~~~~~~~~~~~~~~~~~~~^^^^^^^^^
  File "D:\Projects\Current Projects\NDAS - Project\NDAS\venv\Lib\site-packages\django\template\base.py", line 1005, in render
    return SafeString("".join([node.render_annotated(context) for node in self]))
                               ~~~~~~~~~~~~~~~~~~~~~^^^^^^^^^
  File "D:\Projects\Current Projects\NDAS - Project\NDAS\venv\Lib\site-packages\django\template\base.py", line 966, in render_annotated
    return self.render(context)
           ~~~~~~~~~~~^^^^^^^^^
  File "D:\Projects\Current Projects\NDAS - Project\NDAS\venv\Lib\site-packages\django\template\loader_tags.py", line 157, in render
    return compiled_parent._render(context)
           ~~~~~~~~~~~~~~~~~~~~~~~^^^^^^^^^
  File "D:\Projects\Current Projects\NDAS - Project\NDAS\venv\Lib\site-packages\django\template\base.py", line 167, in _render
    return self.nodelist.render(context)
           ~~~~~~~~~~~~~~~~~~~~^^^^^^^^^
  File "D:\Projects\Current Projects\NDAS - Project\NDAS\venv\Lib\site-packages\django\template\base.py", line 1005, in render
    return SafeString("".join([node.render_annotated(context) for node in self]))
                               ~~~~~~~~~~~~~~~~~~~~~^^^^^^^^^
  File "D:\Projects\Current Projects\NDAS - Project\NDAS\venv\Lib\site-packages\django\template\base.py", line 966, in render_annotated
    return self.render(context)
           ~~~~~~~~~~~^^^^^^^^^
  File "D:\Projects\Current Projects\NDAS - Project\NDAS\venv\Lib\site-packages\django\template\loader_tags.py", line 157, in render
    return compiled_parent._render(context)
           ~~~~~~~~~~~~~~~~~~~~~~~^^^^^^^^^
  File "D:\Projects\Current Projects\NDAS - Project\NDAS\venv\Lib\site-packages\django\template\base.py", line 167, in _render
    return self.nodelist.render(context)
           ~~~~~~~~~~~~~~~~~~~~^^^^^^^^^
  File "D:\Projects\Current Projects\NDAS - Project\NDAS\venv\Lib\site-packages\django\template\base.py", line 1005, in render
    return SafeString("".join([node.render_annotated(context) for node in self]))
                               ~~~~~~~~~~~~~~~~~~~~~^^^^^^^^^
  File "D:\Projects\Current Projects\NDAS - Project\NDAS\venv\Lib\site-packages\django\template\base.py", line 966, in render_annotated
    return self.render(context)
           ~~~~~~~~~~~^^^^^^^^^
  File "D:\Projects\Current Projects\NDAS - Project\NDAS\venv\Lib\site-packages\django\template\loader_tags.py", line 63, in render
    result = block.nodelist.render(context)
  File "D:\Projects\Current Projects\NDAS - Project\NDAS\venv\Lib\site-packages\django\template\base.py", line 1005, in render
    return SafeString("".join([node.render_annotated(context) for node in self]))
                               ~~~~~~~~~~~~~~~~~~~~~^^^^^^^^^
  File "D:\Projects\Current Projects\NDAS - Project\NDAS\venv\Lib\site-packages\django\template\base.py", line 966, in render_annotated
    return self.render(context)
           ~~~~~~~~~~~^^^^^^^^^
  File "D:\Projects\Current Projects\NDAS - Project\NDAS\venv\Lib\site-packages\django\template\defaulttags.py", line 322, in render
    return nodelist.render(context)
           ~~~~~~~~~~~~~~~^^^^^^^^^
  File "D:\Projects\Current Projects\NDAS - Project\NDAS\venv\Lib\site-packages\django\template\base.py", line 1005, in render
    return SafeString("".join([node.render_annotated(context) for node in self]))
                               ~~~~~~~~~~~~~~~~~~~~~^^^^^^^^^
  File "D:\Projects\Current Projects\NDAS - Project\NDAS\venv\Lib\site-packages\django\template\base.py", line 966, in render_annotated
    return self.render(context)
           ~~~~~~~~~~~^^^^^^^^^
  File "D:\Projects\Current Projects\NDAS - Project\NDAS\venv\Lib\site-packages\django\template\loader_tags.py", line 63, in render
    result = block.nodelist.render(context)
  File "D:\Projects\Current Projects\NDAS - Project\NDAS\venv\Lib\site-packages\django\template\base.py", line 1005, in render
    return SafeString("".join([node.render_annotated(context) for node in self]))
                               ~~~~~~~~~~~~~~~~~~~~~^^^^^^^^^
  File "D:\Projects\Current Projects\NDAS - Project\NDAS\venv\Lib\site-packages\django\template\base.py", line 966, in render_annotated
    return self.render(context)
           ~~~~~~~~~~~^^^^^^^^^
  File "D:\Projects\Current Projects\NDAS - Project\NDAS\venv\Lib\site-packages\django\template\defaulttags.py", line 472, in render
    url = reverse(view_name, args=args, kwargs=kwargs, current_app=current_app)
  File "D:\Projects\Current Projects\NDAS - Project\NDAS\venv\Lib\site-packages\django\urls\base.py", line 88, in reverse
    return resolver._reverse_with_prefix(view, prefix, *args, **kwargs)
           ~~~~~~~~~~~~~~~~~~~~~~~~~~~~~^^^^^^^^^^^^^^^^^^^^^^^^^^^^^^^
  File "D:\Projects\Current Projects\NDAS - Project\NDAS\venv\Lib\site-packages\django\urls\resolvers.py", line 828, in _reverse_with_prefix
    raise NoReverseMatch(msg)
django.urls.exceptions.NoReverseMatch: Reverse for 'list' not found. 'list' is not a valid view function or pattern name.
ERROR 2025-08-28 15:22:28,606 basehttp 12408 6788 "GET /video/view/4/ HTTP/1.1" 500 252486
ERROR 2025-08-28 15:22:30,749 log 12408 6788 Internal Server Error: /video/view/4/
Traceback (most recent call last):
  File "D:\Projects\Current Projects\NDAS - Project\NDAS\venv\Lib\site-packages\django\core\handlers\exception.py", line 55, in inner
    response = get_response(request)
  File "D:\Projects\Current Projects\NDAS - Project\NDAS\venv\Lib\site-packages\django\core\handlers\base.py", line 197, in _get_response
    response = wrapped_callback(request, *callback_args, **callback_kwargs)
  File "D:\Projects\Current Projects\NDAS - Project\NDAS\venv\Lib\site-packages\django\contrib\auth\decorators.py", line 23, in _wrapped_view
    return view_func(request, *args, **kwargs)
  File "D:\Projects\Current Projects\NDAS - Project\NDAS\video\views.py", line 143, in video_view
    return render(request, "video/view.html", context)
  File "D:\Projects\Current Projects\NDAS - Project\NDAS\venv\Lib\site-packages\django\shortcuts.py", line 24, in render
    content = loader.render_to_string(template_name, context, request, using=using)
  File "D:\Projects\Current Projects\NDAS - Project\NDAS\venv\Lib\site-packages\django\template\loader.py", line 62, in render_to_string
    return template.render(context, request)
           ~~~~~~~~~~~~~~~^^^^^^^^^^^^^^^^^^
  File "D:\Projects\Current Projects\NDAS - Project\NDAS\venv\Lib\site-packages\django\template\backends\django.py", line 62, in render
    return self.template.render(context)
           ~~~~~~~~~~~~~~~~~~~~^^^^^^^^^
  File "D:\Projects\Current Projects\NDAS - Project\NDAS\venv\Lib\site-packages\django\template\base.py", line 175, in render
    return self._render(context)
           ~~~~~~~~~~~~^^^^^^^^^
  File "D:\Projects\Current Projects\NDAS - Project\NDAS\venv\Lib\site-packages\django\template\base.py", line 167, in _render
    return self.nodelist.render(context)
           ~~~~~~~~~~~~~~~~~~~~^^^^^^^^^
  File "D:\Projects\Current Projects\NDAS - Project\NDAS\venv\Lib\site-packages\django\template\base.py", line 1005, in render
    return SafeString("".join([node.render_annotated(context) for node in self]))
                               ~~~~~~~~~~~~~~~~~~~~~^^^^^^^^^
  File "D:\Projects\Current Projects\NDAS - Project\NDAS\venv\Lib\site-packages\django\template\base.py", line 966, in render_annotated
    return self.render(context)
           ~~~~~~~~~~~^^^^^^^^^
  File "D:\Projects\Current Projects\NDAS - Project\NDAS\venv\Lib\site-packages\django\template\loader_tags.py", line 157, in render
    return compiled_parent._render(context)
           ~~~~~~~~~~~~~~~~~~~~~~~^^^^^^^^^
  File "D:\Projects\Current Projects\NDAS - Project\NDAS\venv\Lib\site-packages\django\template\base.py", line 167, in _render
    return self.nodelist.render(context)
           ~~~~~~~~~~~~~~~~~~~~^^^^^^^^^
  File "D:\Projects\Current Projects\NDAS - Project\NDAS\venv\Lib\site-packages\django\template\base.py", line 1005, in render
    return SafeString("".join([node.render_annotated(context) for node in self]))
                               ~~~~~~~~~~~~~~~~~~~~~^^^^^^^^^
  File "D:\Projects\Current Projects\NDAS - Project\NDAS\venv\Lib\site-packages\django\template\base.py", line 966, in render_annotated
    return self.render(context)
           ~~~~~~~~~~~^^^^^^^^^
  File "D:\Projects\Current Projects\NDAS - Project\NDAS\venv\Lib\site-packages\django\template\loader_tags.py", line 157, in render
    return compiled_parent._render(context)
           ~~~~~~~~~~~~~~~~~~~~~~~^^^^^^^^^
  File "D:\Projects\Current Projects\NDAS - Project\NDAS\venv\Lib\site-packages\django\template\base.py", line 167, in _render
    return self.nodelist.render(context)
           ~~~~~~~~~~~~~~~~~~~~^^^^^^^^^
  File "D:\Projects\Current Projects\NDAS - Project\NDAS\venv\Lib\site-packages\django\template\base.py", line 1005, in render
    return SafeString("".join([node.render_annotated(context) for node in self]))
                               ~~~~~~~~~~~~~~~~~~~~~^^^^^^^^^
  File "D:\Projects\Current Projects\NDAS - Project\NDAS\venv\Lib\site-packages\django\template\base.py", line 966, in render_annotated
    return self.render(context)
           ~~~~~~~~~~~^^^^^^^^^
  File "D:\Projects\Current Projects\NDAS - Project\NDAS\venv\Lib\site-packages\django\template\loader_tags.py", line 63, in render
    result = block.nodelist.render(context)
  File "D:\Projects\Current Projects\NDAS - Project\NDAS\venv\Lib\site-packages\django\template\base.py", line 1005, in render
    return SafeString("".join([node.render_annotated(context) for node in self]))
                               ~~~~~~~~~~~~~~~~~~~~~^^^^^^^^^
  File "D:\Projects\Current Projects\NDAS - Project\NDAS\venv\Lib\site-packages\django\template\base.py", line 966, in render_annotated
    return self.render(context)
           ~~~~~~~~~~~^^^^^^^^^
  File "D:\Projects\Current Projects\NDAS - Project\NDAS\venv\Lib\site-packages\django\template\defaulttags.py", line 322, in render
    return nodelist.render(context)
           ~~~~~~~~~~~~~~~^^^^^^^^^
  File "D:\Projects\Current Projects\NDAS - Project\NDAS\venv\Lib\site-packages\django\template\base.py", line 1005, in render
    return SafeString("".join([node.render_annotated(context) for node in self]))
                               ~~~~~~~~~~~~~~~~~~~~~^^^^^^^^^
  File "D:\Projects\Current Projects\NDAS - Project\NDAS\venv\Lib\site-packages\django\template\base.py", line 966, in render_annotated
    return self.render(context)
           ~~~~~~~~~~~^^^^^^^^^
  File "D:\Projects\Current Projects\NDAS - Project\NDAS\venv\Lib\site-packages\django\template\loader_tags.py", line 63, in render
    result = block.nodelist.render(context)
  File "D:\Projects\Current Projects\NDAS - Project\NDAS\venv\Lib\site-packages\django\template\base.py", line 1005, in render
    return SafeString("".join([node.render_annotated(context) for node in self]))
                               ~~~~~~~~~~~~~~~~~~~~~^^^^^^^^^
  File "D:\Projects\Current Projects\NDAS - Project\NDAS\venv\Lib\site-packages\django\template\base.py", line 966, in render_annotated
    return self.render(context)
           ~~~~~~~~~~~^^^^^^^^^
  File "D:\Projects\Current Projects\NDAS - Project\NDAS\venv\Lib\site-packages\django\template\defaulttags.py", line 472, in render
    url = reverse(view_name, args=args, kwargs=kwargs, current_app=current_app)
  File "D:\Projects\Current Projects\NDAS - Project\NDAS\venv\Lib\site-packages\django\urls\base.py", line 88, in reverse
    return resolver._reverse_with_prefix(view, prefix, *args, **kwargs)
           ~~~~~~~~~~~~~~~~~~~~~~~~~~~~~^^^^^^^^^^^^^^^^^^^^^^^^^^^^^^^
  File "D:\Projects\Current Projects\NDAS - Project\NDAS\venv\Lib\site-packages\django\urls\resolvers.py", line 828, in _reverse_with_prefix
    raise NoReverseMatch(msg)
django.urls.exceptions.NoReverseMatch: Reverse for 'list' not found. 'list' is not a valid view function or pattern name.
ERROR 2025-08-28 15:22:30,765 basehttp 12408 6788 "GET /video/view/4/ HTTP/1.1" 500 252486
ERROR 2025-08-28 15:22:32,139 log 12408 6788 Internal Server Error: /video/view/4/
Traceback (most recent call last):
  File "D:\Projects\Current Projects\NDAS - Project\NDAS\venv\Lib\site-packages\django\core\handlers\exception.py", line 55, in inner
    response = get_response(request)
  File "D:\Projects\Current Projects\NDAS - Project\NDAS\venv\Lib\site-packages\django\core\handlers\base.py", line 197, in _get_response
    response = wrapped_callback(request, *callback_args, **callback_kwargs)
  File "D:\Projects\Current Projects\NDAS - Project\NDAS\venv\Lib\site-packages\django\contrib\auth\decorators.py", line 23, in _wrapped_view
    return view_func(request, *args, **kwargs)
  File "D:\Projects\Current Projects\NDAS - Project\NDAS\video\views.py", line 143, in video_view
    return render(request, "video/view.html", context)
  File "D:\Projects\Current Projects\NDAS - Project\NDAS\venv\Lib\site-packages\django\shortcuts.py", line 24, in render
    content = loader.render_to_string(template_name, context, request, using=using)
  File "D:\Projects\Current Projects\NDAS - Project\NDAS\venv\Lib\site-packages\django\template\loader.py", line 62, in render_to_string
    return template.render(context, request)
           ~~~~~~~~~~~~~~~^^^^^^^^^^^^^^^^^^
  File "D:\Projects\Current Projects\NDAS - Project\NDAS\venv\Lib\site-packages\django\template\backends\django.py", line 62, in render
    return self.template.render(context)
           ~~~~~~~~~~~~~~~~~~~~^^^^^^^^^
  File "D:\Projects\Current Projects\NDAS - Project\NDAS\venv\Lib\site-packages\django\template\base.py", line 175, in render
    return self._render(context)
           ~~~~~~~~~~~~^^^^^^^^^
  File "D:\Projects\Current Projects\NDAS - Project\NDAS\venv\Lib\site-packages\django\template\base.py", line 167, in _render
    return self.nodelist.render(context)
           ~~~~~~~~~~~~~~~~~~~~^^^^^^^^^
  File "D:\Projects\Current Projects\NDAS - Project\NDAS\venv\Lib\site-packages\django\template\base.py", line 1005, in render
    return SafeString("".join([node.render_annotated(context) for node in self]))
                               ~~~~~~~~~~~~~~~~~~~~~^^^^^^^^^
  File "D:\Projects\Current Projects\NDAS - Project\NDAS\venv\Lib\site-packages\django\template\base.py", line 966, in render_annotated
    return self.render(context)
           ~~~~~~~~~~~^^^^^^^^^
  File "D:\Projects\Current Projects\NDAS - Project\NDAS\venv\Lib\site-packages\django\template\loader_tags.py", line 157, in render
    return compiled_parent._render(context)
           ~~~~~~~~~~~~~~~~~~~~~~~^^^^^^^^^
  File "D:\Projects\Current Projects\NDAS - Project\NDAS\venv\Lib\site-packages\django\template\base.py", line 167, in _render
    return self.nodelist.render(context)
           ~~~~~~~~~~~~~~~~~~~~^^^^^^^^^
  File "D:\Projects\Current Projects\NDAS - Project\NDAS\venv\Lib\site-packages\django\template\base.py", line 1005, in render
    return SafeString("".join([node.render_annotated(context) for node in self]))
                               ~~~~~~~~~~~~~~~~~~~~~^^^^^^^^^
  File "D:\Projects\Current Projects\NDAS - Project\NDAS\venv\Lib\site-packages\django\template\base.py", line 966, in render_annotated
    return self.render(context)
           ~~~~~~~~~~~^^^^^^^^^
  File "D:\Projects\Current Projects\NDAS - Project\NDAS\venv\Lib\site-packages\django\template\loader_tags.py", line 157, in render
    return compiled_parent._render(context)
           ~~~~~~~~~~~~~~~~~~~~~~~^^^^^^^^^
  File "D:\Projects\Current Projects\NDAS - Project\NDAS\venv\Lib\site-packages\django\template\base.py", line 167, in _render
    return self.nodelist.render(context)
           ~~~~~~~~~~~~~~~~~~~~^^^^^^^^^
  File "D:\Projects\Current Projects\NDAS - Project\NDAS\venv\Lib\site-packages\django\template\base.py", line 1005, in render
    return SafeString("".join([node.render_annotated(context) for node in self]))
                               ~~~~~~~~~~~~~~~~~~~~~^^^^^^^^^
  File "D:\Projects\Current Projects\NDAS - Project\NDAS\venv\Lib\site-packages\django\template\base.py", line 966, in render_annotated
    return self.render(context)
           ~~~~~~~~~~~^^^^^^^^^
  File "D:\Projects\Current Projects\NDAS - Project\NDAS\venv\Lib\site-packages\django\template\loader_tags.py", line 63, in render
    result = block.nodelist.render(context)
  File "D:\Projects\Current Projects\NDAS - Project\NDAS\venv\Lib\site-packages\django\template\base.py", line 1005, in render
    return SafeString("".join([node.render_annotated(context) for node in self]))
                               ~~~~~~~~~~~~~~~~~~~~~^^^^^^^^^
  File "D:\Projects\Current Projects\NDAS - Project\NDAS\venv\Lib\site-packages\django\template\base.py", line 966, in render_annotated
    return self.render(context)
           ~~~~~~~~~~~^^^^^^^^^
  File "D:\Projects\Current Projects\NDAS - Project\NDAS\venv\Lib\site-packages\django\template\defaulttags.py", line 322, in render
    return nodelist.render(context)
           ~~~~~~~~~~~~~~~^^^^^^^^^
  File "D:\Projects\Current Projects\NDAS - Project\NDAS\venv\Lib\site-packages\django\template\base.py", line 1005, in render
    return SafeString("".join([node.render_annotated(context) for node in self]))
                               ~~~~~~~~~~~~~~~~~~~~~^^^^^^^^^
  File "D:\Projects\Current Projects\NDAS - Project\NDAS\venv\Lib\site-packages\django\template\base.py", line 966, in render_annotated
    return self.render(context)
           ~~~~~~~~~~~^^^^^^^^^
  File "D:\Projects\Current Projects\NDAS - Project\NDAS\venv\Lib\site-packages\django\template\loader_tags.py", line 63, in render
    result = block.nodelist.render(context)
  File "D:\Projects\Current Projects\NDAS - Project\NDAS\venv\Lib\site-packages\django\template\base.py", line 1005, in render
    return SafeString("".join([node.render_annotated(context) for node in self]))
                               ~~~~~~~~~~~~~~~~~~~~~^^^^^^^^^
  File "D:\Projects\Current Projects\NDAS - Project\NDAS\venv\Lib\site-packages\django\template\base.py", line 966, in render_annotated
    return self.render(context)
           ~~~~~~~~~~~^^^^^^^^^
  File "D:\Projects\Current Projects\NDAS - Project\NDAS\venv\Lib\site-packages\django\template\defaulttags.py", line 472, in render
    url = reverse(view_name, args=args, kwargs=kwargs, current_app=current_app)
  File "D:\Projects\Current Projects\NDAS - Project\NDAS\venv\Lib\site-packages\django\urls\base.py", line 88, in reverse
    return resolver._reverse_with_prefix(view, prefix, *args, **kwargs)
           ~~~~~~~~~~~~~~~~~~~~~~~~~~~~~^^^^^^^^^^^^^^^^^^^^^^^^^^^^^^^
  File "D:\Projects\Current Projects\NDAS - Project\NDAS\venv\Lib\site-packages\django\urls\resolvers.py", line 828, in _reverse_with_prefix
    raise NoReverseMatch(msg)
django.urls.exceptions.NoReverseMatch: Reverse for 'list' not found. 'list' is not a valid view function or pattern name.
ERROR 2025-08-28 15:22:32,153 basehttp 12408 6788 "GET /video/view/4/ HTTP/1.1" 500 252486
ERROR 2025-08-28 15:22:33,113 log 12408 6788 Internal Server Error: /video/view/4/
Traceback (most recent call last):
  File "D:\Projects\Current Projects\NDAS - Project\NDAS\venv\Lib\site-packages\django\core\handlers\exception.py", line 55, in inner
    response = get_response(request)
  File "D:\Projects\Current Projects\NDAS - Project\NDAS\venv\Lib\site-packages\django\core\handlers\base.py", line 197, in _get_response
    response = wrapped_callback(request, *callback_args, **callback_kwargs)
  File "D:\Projects\Current Projects\NDAS - Project\NDAS\venv\Lib\site-packages\django\contrib\auth\decorators.py", line 23, in _wrapped_view
    return view_func(request, *args, **kwargs)
  File "D:\Projects\Current Projects\NDAS - Project\NDAS\video\views.py", line 143, in video_view
    return render(request, "video/view.html", context)
  File "D:\Projects\Current Projects\NDAS - Project\NDAS\venv\Lib\site-packages\django\shortcuts.py", line 24, in render
    content = loader.render_to_string(template_name, context, request, using=using)
  File "D:\Projects\Current Projects\NDAS - Project\NDAS\venv\Lib\site-packages\django\template\loader.py", line 62, in render_to_string
    return template.render(context, request)
           ~~~~~~~~~~~~~~~^^^^^^^^^^^^^^^^^^
  File "D:\Projects\Current Projects\NDAS - Project\NDAS\venv\Lib\site-packages\django\template\backends\django.py", line 62, in render
    return self.template.render(context)
           ~~~~~~~~~~~~~~~~~~~~^^^^^^^^^
  File "D:\Projects\Current Projects\NDAS - Project\NDAS\venv\Lib\site-packages\django\template\base.py", line 175, in render
    return self._render(context)
           ~~~~~~~~~~~~^^^^^^^^^
  File "D:\Projects\Current Projects\NDAS - Project\NDAS\venv\Lib\site-packages\django\template\base.py", line 167, in _render
    return self.nodelist.render(context)
           ~~~~~~~~~~~~~~~~~~~~^^^^^^^^^
  File "D:\Projects\Current Projects\NDAS - Project\NDAS\venv\Lib\site-packages\django\template\base.py", line 1005, in render
    return SafeString("".join([node.render_annotated(context) for node in self]))
                               ~~~~~~~~~~~~~~~~~~~~~^^^^^^^^^
  File "D:\Projects\Current Projects\NDAS - Project\NDAS\venv\Lib\site-packages\django\template\base.py", line 966, in render_annotated
    return self.render(context)
           ~~~~~~~~~~~^^^^^^^^^
  File "D:\Projects\Current Projects\NDAS - Project\NDAS\venv\Lib\site-packages\django\template\loader_tags.py", line 157, in render
    return compiled_parent._render(context)
           ~~~~~~~~~~~~~~~~~~~~~~~^^^^^^^^^
  File "D:\Projects\Current Projects\NDAS - Project\NDAS\venv\Lib\site-packages\django\template\base.py", line 167, in _render
    return self.nodelist.render(context)
           ~~~~~~~~~~~~~~~~~~~~^^^^^^^^^
  File "D:\Projects\Current Projects\NDAS - Project\NDAS\venv\Lib\site-packages\django\template\base.py", line 1005, in render
    return SafeString("".join([node.render_annotated(context) for node in self]))
                               ~~~~~~~~~~~~~~~~~~~~~^^^^^^^^^
  File "D:\Projects\Current Projects\NDAS - Project\NDAS\venv\Lib\site-packages\django\template\base.py", line 966, in render_annotated
    return self.render(context)
           ~~~~~~~~~~~^^^^^^^^^
  File "D:\Projects\Current Projects\NDAS - Project\NDAS\venv\Lib\site-packages\django\template\loader_tags.py", line 157, in render
    return compiled_parent._render(context)
           ~~~~~~~~~~~~~~~~~~~~~~~^^^^^^^^^
  File "D:\Projects\Current Projects\NDAS - Project\NDAS\venv\Lib\site-packages\django\template\base.py", line 167, in _render
    return self.nodelist.render(context)
           ~~~~~~~~~~~~~~~~~~~~^^^^^^^^^
  File "D:\Projects\Current Projects\NDAS - Project\NDAS\venv\Lib\site-packages\django\template\base.py", line 1005, in render
    return SafeString("".join([node.render_annotated(context) for node in self]))
                               ~~~~~~~~~~~~~~~~~~~~~^^^^^^^^^
  File "D:\Projects\Current Projects\NDAS - Project\NDAS\venv\Lib\site-packages\django\template\base.py", line 966, in render_annotated
    return self.render(context)
           ~~~~~~~~~~~^^^^^^^^^
  File "D:\Projects\Current Projects\NDAS - Project\NDAS\venv\Lib\site-packages\django\template\loader_tags.py", line 63, in render
    result = block.nodelist.render(context)
  File "D:\Projects\Current Projects\NDAS - Project\NDAS\venv\Lib\site-packages\django\template\base.py", line 1005, in render
    return SafeString("".join([node.render_annotated(context) for node in self]))
                               ~~~~~~~~~~~~~~~~~~~~~^^^^^^^^^
  File "D:\Projects\Current Projects\NDAS - Project\NDAS\venv\Lib\site-packages\django\template\base.py", line 966, in render_annotated
    return self.render(context)
           ~~~~~~~~~~~^^^^^^^^^
  File "D:\Projects\Current Projects\NDAS - Project\NDAS\venv\Lib\site-packages\django\template\defaulttags.py", line 322, in render
    return nodelist.render(context)
           ~~~~~~~~~~~~~~~^^^^^^^^^
  File "D:\Projects\Current Projects\NDAS - Project\NDAS\venv\Lib\site-packages\django\template\base.py", line 1005, in render
    return SafeString("".join([node.render_annotated(context) for node in self]))
                               ~~~~~~~~~~~~~~~~~~~~~^^^^^^^^^
  File "D:\Projects\Current Projects\NDAS - Project\NDAS\venv\Lib\site-packages\django\template\base.py", line 966, in render_annotated
    return self.render(context)
           ~~~~~~~~~~~^^^^^^^^^
  File "D:\Projects\Current Projects\NDAS - Project\NDAS\venv\Lib\site-packages\django\template\loader_tags.py", line 63, in render
    result = block.nodelist.render(context)
  File "D:\Projects\Current Projects\NDAS - Project\NDAS\venv\Lib\site-packages\django\template\base.py", line 1005, in render
    return SafeString("".join([node.render_annotated(context) for node in self]))
                               ~~~~~~~~~~~~~~~~~~~~~^^^^^^^^^
  File "D:\Projects\Current Projects\NDAS - Project\NDAS\venv\Lib\site-packages\django\template\base.py", line 966, in render_annotated
    return self.render(context)
           ~~~~~~~~~~~^^^^^^^^^
  File "D:\Projects\Current Projects\NDAS - Project\NDAS\venv\Lib\site-packages\django\template\defaulttags.py", line 472, in render
    url = reverse(view_name, args=args, kwargs=kwargs, current_app=current_app)
  File "D:\Projects\Current Projects\NDAS - Project\NDAS\venv\Lib\site-packages\django\urls\base.py", line 88, in reverse
    return resolver._reverse_with_prefix(view, prefix, *args, **kwargs)
           ~~~~~~~~~~~~~~~~~~~~~~~~~~~~~^^^^^^^^^^^^^^^^^^^^^^^^^^^^^^^
  File "D:\Projects\Current Projects\NDAS - Project\NDAS\venv\Lib\site-packages\django\urls\resolvers.py", line 828, in _reverse_with_prefix
    raise NoReverseMatch(msg)
django.urls.exceptions.NoReverseMatch: Reverse for 'list' not found. 'list' is not a valid view function or pattern name.
ERROR 2025-08-28 15:22:33,132 basehttp 12408 6788 "GET /video/view/4/ HTTP/1.1" 500 252486
ERROR 2025-08-28 15:24:05,395 log 12408 6788 Internal Server Error: /video/view/4/
Traceback (most recent call last):
  File "D:\Projects\Current Projects\NDAS - Project\NDAS\venv\Lib\site-packages\django\core\handlers\exception.py", line 55, in inner
    response = get_response(request)
  File "D:\Projects\Current Projects\NDAS - Project\NDAS\venv\Lib\site-packages\django\core\handlers\base.py", line 197, in _get_response
    response = wrapped_callback(request, *callback_args, **callback_kwargs)
  File "D:\Projects\Current Projects\NDAS - Project\NDAS\venv\Lib\site-packages\django\contrib\auth\decorators.py", line 23, in _wrapped_view
    return view_func(request, *args, **kwargs)
  File "D:\Projects\Current Projects\NDAS - Project\NDAS\video\views.py", line 143, in video_view
    return render(request, "video/view.html", context)
  File "D:\Projects\Current Projects\NDAS - Project\NDAS\venv\Lib\site-packages\django\shortcuts.py", line 24, in render
    content = loader.render_to_string(template_name, context, request, using=using)
  File "D:\Projects\Current Projects\NDAS - Project\NDAS\venv\Lib\site-packages\django\template\loader.py", line 62, in render_to_string
    return template.render(context, request)
           ~~~~~~~~~~~~~~~^^^^^^^^^^^^^^^^^^
  File "D:\Projects\Current Projects\NDAS - Project\NDAS\venv\Lib\site-packages\django\template\backends\django.py", line 62, in render
    return self.template.render(context)
           ~~~~~~~~~~~~~~~~~~~~^^^^^^^^^
  File "D:\Projects\Current Projects\NDAS - Project\NDAS\venv\Lib\site-packages\django\template\base.py", line 175, in render
    return self._render(context)
           ~~~~~~~~~~~~^^^^^^^^^
  File "D:\Projects\Current Projects\NDAS - Project\NDAS\venv\Lib\site-packages\django\template\base.py", line 167, in _render
    return self.nodelist.render(context)
           ~~~~~~~~~~~~~~~~~~~~^^^^^^^^^
  File "D:\Projects\Current Projects\NDAS - Project\NDAS\venv\Lib\site-packages\django\template\base.py", line 1005, in render
    return SafeString("".join([node.render_annotated(context) for node in self]))
                               ~~~~~~~~~~~~~~~~~~~~~^^^^^^^^^
  File "D:\Projects\Current Projects\NDAS - Project\NDAS\venv\Lib\site-packages\django\template\base.py", line 966, in render_annotated
    return self.render(context)
           ~~~~~~~~~~~^^^^^^^^^
  File "D:\Projects\Current Projects\NDAS - Project\NDAS\venv\Lib\site-packages\django\template\loader_tags.py", line 157, in render
    return compiled_parent._render(context)
           ~~~~~~~~~~~~~~~~~~~~~~~^^^^^^^^^
  File "D:\Projects\Current Projects\NDAS - Project\NDAS\venv\Lib\site-packages\django\template\base.py", line 167, in _render
    return self.nodelist.render(context)
           ~~~~~~~~~~~~~~~~~~~~^^^^^^^^^
  File "D:\Projects\Current Projects\NDAS - Project\NDAS\venv\Lib\site-packages\django\template\base.py", line 1005, in render
    return SafeString("".join([node.render_annotated(context) for node in self]))
                               ~~~~~~~~~~~~~~~~~~~~~^^^^^^^^^
  File "D:\Projects\Current Projects\NDAS - Project\NDAS\venv\Lib\site-packages\django\template\base.py", line 966, in render_annotated
    return self.render(context)
           ~~~~~~~~~~~^^^^^^^^^
  File "D:\Projects\Current Projects\NDAS - Project\NDAS\venv\Lib\site-packages\django\template\loader_tags.py", line 157, in render
    return compiled_parent._render(context)
           ~~~~~~~~~~~~~~~~~~~~~~~^^^^^^^^^
  File "D:\Projects\Current Projects\NDAS - Project\NDAS\venv\Lib\site-packages\django\template\base.py", line 167, in _render
    return self.nodelist.render(context)
           ~~~~~~~~~~~~~~~~~~~~^^^^^^^^^
  File "D:\Projects\Current Projects\NDAS - Project\NDAS\venv\Lib\site-packages\django\template\base.py", line 1005, in render
    return SafeString("".join([node.render_annotated(context) for node in self]))
                               ~~~~~~~~~~~~~~~~~~~~~^^^^^^^^^
  File "D:\Projects\Current Projects\NDAS - Project\NDAS\venv\Lib\site-packages\django\template\base.py", line 966, in render_annotated
    return self.render(context)
           ~~~~~~~~~~~^^^^^^^^^
  File "D:\Projects\Current Projects\NDAS - Project\NDAS\venv\Lib\site-packages\django\template\loader_tags.py", line 63, in render
    result = block.nodelist.render(context)
  File "D:\Projects\Current Projects\NDAS - Project\NDAS\venv\Lib\site-packages\django\template\base.py", line 1005, in render
    return SafeString("".join([node.render_annotated(context) for node in self]))
                               ~~~~~~~~~~~~~~~~~~~~~^^^^^^^^^
  File "D:\Projects\Current Projects\NDAS - Project\NDAS\venv\Lib\site-packages\django\template\base.py", line 966, in render_annotated
    return self.render(context)
           ~~~~~~~~~~~^^^^^^^^^
  File "D:\Projects\Current Projects\NDAS - Project\NDAS\venv\Lib\site-packages\django\template\defaulttags.py", line 322, in render
    return nodelist.render(context)
           ~~~~~~~~~~~~~~~^^^^^^^^^
  File "D:\Projects\Current Projects\NDAS - Project\NDAS\venv\Lib\site-packages\django\template\base.py", line 1005, in render
    return SafeString("".join([node.render_annotated(context) for node in self]))
                               ~~~~~~~~~~~~~~~~~~~~~^^^^^^^^^
  File "D:\Projects\Current Projects\NDAS - Project\NDAS\venv\Lib\site-packages\django\template\base.py", line 966, in render_annotated
    return self.render(context)
           ~~~~~~~~~~~^^^^^^^^^
  File "D:\Projects\Current Projects\NDAS - Project\NDAS\venv\Lib\site-packages\django\template\loader_tags.py", line 63, in render
    result = block.nodelist.render(context)
  File "D:\Projects\Current Projects\NDAS - Project\NDAS\venv\Lib\site-packages\django\template\base.py", line 1005, in render
    return SafeString("".join([node.render_annotated(context) for node in self]))
                               ~~~~~~~~~~~~~~~~~~~~~^^^^^^^^^
  File "D:\Projects\Current Projects\NDAS - Project\NDAS\venv\Lib\site-packages\django\template\base.py", line 966, in render_annotated
    return self.render(context)
           ~~~~~~~~~~~^^^^^^^^^
  File "D:\Projects\Current Projects\NDAS - Project\NDAS\venv\Lib\site-packages\django\template\defaulttags.py", line 472, in render
    url = reverse(view_name, args=args, kwargs=kwargs, current_app=current_app)
  File "D:\Projects\Current Projects\NDAS - Project\NDAS\venv\Lib\site-packages\django\urls\base.py", line 88, in reverse
    return resolver._reverse_with_prefix(view, prefix, *args, **kwargs)
           ~~~~~~~~~~~~~~~~~~~~~~~~~~~~~^^^^^^^^^^^^^^^^^^^^^^^^^^^^^^^
  File "D:\Projects\Current Projects\NDAS - Project\NDAS\venv\Lib\site-packages\django\urls\resolvers.py", line 828, in _reverse_with_prefix
    raise NoReverseMatch(msg)
django.urls.exceptions.NoReverseMatch: Reverse for 'list' not found. 'list' is not a valid view function or pattern name.
ERROR 2025-08-28 15:24:05,410 basehttp 12408 6788 "GET /video/view/4/ HTTP/1.1" 500 252486
ERROR 2025-08-28 15:24:06,912 log 12408 6788 Internal Server Error: /video/view/4/
Traceback (most recent call last):
  File "D:\Projects\Current Projects\NDAS - Project\NDAS\venv\Lib\site-packages\django\core\handlers\exception.py", line 55, in inner
    response = get_response(request)
  File "D:\Projects\Current Projects\NDAS - Project\NDAS\venv\Lib\site-packages\django\core\handlers\base.py", line 197, in _get_response
    response = wrapped_callback(request, *callback_args, **callback_kwargs)
  File "D:\Projects\Current Projects\NDAS - Project\NDAS\venv\Lib\site-packages\django\contrib\auth\decorators.py", line 23, in _wrapped_view
    return view_func(request, *args, **kwargs)
  File "D:\Projects\Current Projects\NDAS - Project\NDAS\video\views.py", line 143, in video_view
    return render(request, "video/view.html", context)
  File "D:\Projects\Current Projects\NDAS - Project\NDAS\venv\Lib\site-packages\django\shortcuts.py", line 24, in render
    content = loader.render_to_string(template_name, context, request, using=using)
  File "D:\Projects\Current Projects\NDAS - Project\NDAS\venv\Lib\site-packages\django\template\loader.py", line 62, in render_to_string
    return template.render(context, request)
           ~~~~~~~~~~~~~~~^^^^^^^^^^^^^^^^^^
  File "D:\Projects\Current Projects\NDAS - Project\NDAS\venv\Lib\site-packages\django\template\backends\django.py", line 62, in render
    return self.template.render(context)
           ~~~~~~~~~~~~~~~~~~~~^^^^^^^^^
  File "D:\Projects\Current Projects\NDAS - Project\NDAS\venv\Lib\site-packages\django\template\base.py", line 175, in render
    return self._render(context)
           ~~~~~~~~~~~~^^^^^^^^^
  File "D:\Projects\Current Projects\NDAS - Project\NDAS\venv\Lib\site-packages\django\template\base.py", line 167, in _render
    return self.nodelist.render(context)
           ~~~~~~~~~~~~~~~~~~~~^^^^^^^^^
  File "D:\Projects\Current Projects\NDAS - Project\NDAS\venv\Lib\site-packages\django\template\base.py", line 1005, in render
    return SafeString("".join([node.render_annotated(context) for node in self]))
                               ~~~~~~~~~~~~~~~~~~~~~^^^^^^^^^
  File "D:\Projects\Current Projects\NDAS - Project\NDAS\venv\Lib\site-packages\django\template\base.py", line 966, in render_annotated
    return self.render(context)
           ~~~~~~~~~~~^^^^^^^^^
  File "D:\Projects\Current Projects\NDAS - Project\NDAS\venv\Lib\site-packages\django\template\loader_tags.py", line 157, in render
    return compiled_parent._render(context)
           ~~~~~~~~~~~~~~~~~~~~~~~^^^^^^^^^
  File "D:\Projects\Current Projects\NDAS - Project\NDAS\venv\Lib\site-packages\django\template\base.py", line 167, in _render
    return self.nodelist.render(context)
           ~~~~~~~~~~~~~~~~~~~~^^^^^^^^^
  File "D:\Projects\Current Projects\NDAS - Project\NDAS\venv\Lib\site-packages\django\template\base.py", line 1005, in render
    return SafeString("".join([node.render_annotated(context) for node in self]))
                               ~~~~~~~~~~~~~~~~~~~~~^^^^^^^^^
  File "D:\Projects\Current Projects\NDAS - Project\NDAS\venv\Lib\site-packages\django\template\base.py", line 966, in render_annotated
    return self.render(context)
           ~~~~~~~~~~~^^^^^^^^^
  File "D:\Projects\Current Projects\NDAS - Project\NDAS\venv\Lib\site-packages\django\template\loader_tags.py", line 157, in render
    return compiled_parent._render(context)
           ~~~~~~~~~~~~~~~~~~~~~~~^^^^^^^^^
  File "D:\Projects\Current Projects\NDAS - Project\NDAS\venv\Lib\site-packages\django\template\base.py", line 167, in _render
    return self.nodelist.render(context)
           ~~~~~~~~~~~~~~~~~~~~^^^^^^^^^
  File "D:\Projects\Current Projects\NDAS - Project\NDAS\venv\Lib\site-packages\django\template\base.py", line 1005, in render
    return SafeString("".join([node.render_annotated(context) for node in self]))
                               ~~~~~~~~~~~~~~~~~~~~~^^^^^^^^^
  File "D:\Projects\Current Projects\NDAS - Project\NDAS\venv\Lib\site-packages\django\template\base.py", line 966, in render_annotated
    return self.render(context)
           ~~~~~~~~~~~^^^^^^^^^
  File "D:\Projects\Current Projects\NDAS - Project\NDAS\venv\Lib\site-packages\django\template\loader_tags.py", line 63, in render
    result = block.nodelist.render(context)
  File "D:\Projects\Current Projects\NDAS - Project\NDAS\venv\Lib\site-packages\django\template\base.py", line 1005, in render
    return SafeString("".join([node.render_annotated(context) for node in self]))
                               ~~~~~~~~~~~~~~~~~~~~~^^^^^^^^^
  File "D:\Projects\Current Projects\NDAS - Project\NDAS\venv\Lib\site-packages\django\template\base.py", line 966, in render_annotated
    return self.render(context)
           ~~~~~~~~~~~^^^^^^^^^
  File "D:\Projects\Current Projects\NDAS - Project\NDAS\venv\Lib\site-packages\django\template\defaulttags.py", line 322, in render
    return nodelist.render(context)
           ~~~~~~~~~~~~~~~^^^^^^^^^
  File "D:\Projects\Current Projects\NDAS - Project\NDAS\venv\Lib\site-packages\django\template\base.py", line 1005, in render
    return SafeString("".join([node.render_annotated(context) for node in self]))
                               ~~~~~~~~~~~~~~~~~~~~~^^^^^^^^^
  File "D:\Projects\Current Projects\NDAS - Project\NDAS\venv\Lib\site-packages\django\template\base.py", line 966, in render_annotated
    return self.render(context)
           ~~~~~~~~~~~^^^^^^^^^
  File "D:\Projects\Current Projects\NDAS - Project\NDAS\venv\Lib\site-packages\django\template\loader_tags.py", line 63, in render
    result = block.nodelist.render(context)
  File "D:\Projects\Current Projects\NDAS - Project\NDAS\venv\Lib\site-packages\django\template\base.py", line 1005, in render
    return SafeString("".join([node.render_annotated(context) for node in self]))
                               ~~~~~~~~~~~~~~~~~~~~~^^^^^^^^^
  File "D:\Projects\Current Projects\NDAS - Project\NDAS\venv\Lib\site-packages\django\template\base.py", line 966, in render_annotated
    return self.render(context)
           ~~~~~~~~~~~^^^^^^^^^
  File "D:\Projects\Current Projects\NDAS - Project\NDAS\venv\Lib\site-packages\django\template\defaulttags.py", line 472, in render
    url = reverse(view_name, args=args, kwargs=kwargs, current_app=current_app)
  File "D:\Projects\Current Projects\NDAS - Project\NDAS\venv\Lib\site-packages\django\urls\base.py", line 88, in reverse
    return resolver._reverse_with_prefix(view, prefix, *args, **kwargs)
           ~~~~~~~~~~~~~~~~~~~~~~~~~~~~~^^^^^^^^^^^^^^^^^^^^^^^^^^^^^^^
  File "D:\Projects\Current Projects\NDAS - Project\NDAS\venv\Lib\site-packages\django\urls\resolvers.py", line 828, in _reverse_with_prefix
    raise NoReverseMatch(msg)
django.urls.exceptions.NoReverseMatch: Reverse for 'list' not found. 'list' is not a valid view function or pattern name.
ERROR 2025-08-28 15:24:06,948 basehttp 12408 6788 "GET /video/view/4/ HTTP/1.1" 500 252486
INFO 2025-08-28 15:24:24,738 basehttp 12408 6788 "GET /video/view/4/ HTTP/1.1" 200 40654
INFO 2025-08-28 15:24:40,735 basehttp 12408 6788 "GET /video/manager/patient/4/ HTTP/1.1" 200 36182
INFO 2025-08-28 15:25:12,474 basehttp 12408 6788 "GET /patient/view/4/ HTTP/1.1" 200 104608
INFO 2025-08-28 15:31:08,863 basehttp 12408 6676 "GET /video/view/4/ HTTP/1.1" 200 40696
INFO 2025-08-28 15:34:35,160 basehttp 12408 6676 "GET /video/view/4/ HTTP/1.1" 200 41053
INFO 2025-08-28 15:36:06,464 basehttp 12408 6676 "GET /video/view/4/ HTTP/1.1" 200 41375
INFO 2025-08-28 15:36:57,330 basehttp 12408 6676 "GET /video/view/4/ HTTP/1.1" 200 41211
INFO 2025-08-28 15:37:11,737 basehttp 12408 6676 "GET /video/manager/patient/4/ HTTP/1.1" 200 36182
INFO 2025-08-28 15:38:07,045 basehttp 12408 6676 "GET /video/view/4/ HTTP/1.1" 200 41426
INFO 2025-08-28 15:38:34,578 basehttp 12408 6676 "GET /video/view/4/ HTTP/1.1" 200 41429
WARNING 2025-08-28 15:38:50,868 log 12408 6676 Method Not Allowed (GET): /video/delete/4/
WARNING 2025-08-28 15:38:50,870 basehttp 12408 6676 "GET /video/delete/4/ HTTP/1.1" 405 0
INFO 2025-08-28 15:38:59,711 basehttp 12408 6676 "GET /video/delete-confirm/4/ HTTP/1.1" 302 0
INFO 2025-08-28 15:38:59,877 basehttp 12408 6676 "GET /video/manager/ HTTP/1.1" 200 43745
INFO 2025-08-28 15:39:06,573 basehttp 12408 6676 "GET /video/edit/4/ HTTP/1.1" 200 44335
INFO 2025-08-28 15:41:33,515 basehttp 12408 19404 "GET /video/view/4/ HTTP/1.1" 200 41456
INFO 2025-08-28 15:42:41,278 basehttp 12408 19404 "GET /video/view/4/ HTTP/1.1" 200 40043
INFO 2025-08-28 15:43:07,983 basehttp 12408 19404 "GET /video/view/4/ HTTP/1.1" 200 39873
INFO 2025-08-28 15:45:10,128 basehttp 12408 19404 "GET /video/view/4/ HTTP/1.1" 200 42397
INFO 2025-08-28 15:45:50,399 basehttp 12408 19404 "GET /video/view/4/ HTTP/1.1" 200 42397
INFO 2025-08-28 15:45:50,991 basehttp 12408 19404 "GET /media/videos/2025/08/VID-20250714-WA00011.mp4 HTTP/1.1" 200 34974399
INFO 2025-08-28 15:47:09,581 basehttp 12408 19404 "GET /video/view/4/ HTTP/1.1" 200 40248
INFO 2025-08-28 15:47:10,120 basehttp 12408 19404 "GET /media/videos/2025/08/VID-20250714-WA00011.mp4 HTTP/1.1" 200 34974399
INFO 2025-08-28 15:47:57,106 basehttp 12408 19404 "GET /video/view/4/ HTTP/1.1" 200 40226
INFO 2025-08-28 15:49:03,177 basehttp 12408 19404 "GET /video/view/4/ HTTP/1.1" 200 39875
INFO 2025-08-28 15:49:28,183 basehttp 12408 19404 "GET /assessment/view/file/id/4/ HTTP/1.1" 200 37871
INFO 2025-08-28 15:49:41,026 basehttp 12408 19404 "GET /assessment/edit/file/id/4/ HTTP/1.1" 200 32808
INFO 2025-08-28 15:50:16,734 basehttp 12408 19404 "GET /video/view/4/ HTTP/1.1" 200 39671
INFO 2025-08-28 15:50:40,976 basehttp 12408 19404 "GET /video/view/4/ HTTP/1.1" 200 39671
INFO 2025-08-29 08:42:07,960 autoreload 3716 5224 Watching for file changes with StatReloader
INFO 2025-08-29 08:42:37,430 basehttp 3716 15284 "GET / HTTP/1.1" 302 0
INFO 2025-08-29 08:42:37,664 basehttp 3716 15284 "GET /users/login/?next=/ HTTP/1.1" 200 12804
INFO 2025-08-29 08:42:37,786 basehttp 3716 15284 "GET /static/dist/css/custom_css.css HTTP/1.1" 304 0
INFO 2025-08-29 08:42:37,787 basehttp 3716 8296 "GET /static/dist/css/ndas-sidebar.css HTTP/1.1" 304 0
INFO 2025-08-29 08:42:37,804 basehttp 3716 21592 "GET /static/js/videojs-failsafe.js HTTP/1.1" 304 0
INFO 2025-08-29 08:42:37,805 basehttp 3716 9876 "GET /static/js/debug.js HTTP/1.1" 304 0
INFO 2025-08-29 08:42:37,805 basehttp 3716 14060 "GET /static/js/main.js HTTP/1.1" 304 0
INFO 2025-08-29 08:42:37,806 basehttp 3716 12548 "GET /static/js/utils.js HTTP/1.1" 304 0
INFO 2025-08-29 08:42:37,949 basehttp 3716 8304 "GET /static/js/rotate.js HTTP/1.1" 304 0
INFO 2025-08-29 08:42:37,949 basehttp 3716 9688 "GET /static/js/zoomrotate.js HTTP/1.1" 304 0
WARNING 2025-08-29 08:42:38,623 log 3716 9688 Not Found: /favicon.ico
WARNING 2025-08-29 08:42:38,625 basehttp 3716 9688 "GET /favicon.ico HTTP/1.1" 404 15877
WARNING 2025-08-29 08:42:38,643 log 3716 8304 Not Found: /favicon.ico
WARNING 2025-08-29 08:42:38,645 basehttp 3716 8304 "GET /favicon.ico HTTP/1.1" 404 15877
INFO 2025-08-29 08:42:41,623 basehttp 3716 8304 "GET /media/videos/2025/08/VID-20250714-WA00011.mp4 HTTP/1.1" 200 34974399
INFO 2025-08-29 08:42:41,627 basehttp 3716 8304 - Broken pipe from ('127.0.0.1', 64495)
WARNING 2025-08-29 08:43:24,350 log 3716 1980 Not Found: /favicon.ico
WARNING 2025-08-29 08:43:24,351 basehttp 3716 1980 "GET /favicon.ico HTTP/1.1" 404 15877
INFO 2025-08-29 08:46:48,028 basehttp 3716 2360 "GET /users/login/?next=/ HTTP/1.1" 200 21999
INFO 2025-08-29 08:47:10,665 basehttp 3716 2360 "GET /users/contact-developer/ HTTP/1.1" 200 16849
INFO 2025-08-29 08:47:14,114 basehttp 3716 2360 "GET /users/reset_password/ HTTP/1.1" 200 11940
INFO 2025-08-29 08:47:30,304 basehttp 3716 2360 "GET /users/login/ HTTP/1.1" 200 21999
INFO 2025-08-29 08:48:45,688 basehttp 3716 2360 "GET /users/login/ HTTP/1.1" 200 21999
INFO 2025-08-29 08:48:46,461 basehttp 3716 2360 "GET /users/login/ HTTP/1.1" 200 21999
INFO 2025-08-29 08:48:47,382 basehttp 3716 2360 "GET /users/login/ HTTP/1.1" 200 21999
INFO 2025-08-29 08:48:48,490 basehttp 3716 2360 "GET /users/login/ HTTP/1.1" 200 21999
INFO 2025-08-29 08:48:51,337 basehttp 3716 2360 "POST /users/login/ HTTP/1.1" 302 0
INFO 2025-08-29 08:48:52,082 basehttp 3716 2360 "GET / HTTP/1.1" 200 44963
INFO 2025-08-29 08:49:11,727 basehttp 3716 2360 "GET / HTTP/1.1" 200 44639
INFO 2025-08-29 08:49:36,649 basehttp 3716 2360 "GET / HTTP/1.1" 200 49878
INFO 2025-08-29 08:49:57,980 basehttp 3716 2360 "GET / HTTP/1.1" 200 49878
INFO 2025-08-29 08:50:16,413 basehttp 3716 2360 "GET /users/logout/ HTTP/1.1" 302 0
INFO 2025-08-29 08:50:16,437 basehttp 3716 2360 "GET /users/login/ HTTP/1.1" 200 22329
INFO 2025-08-29 08:51:33,600 basehttp 3716 2360 "POST /users/login/ HTTP/1.1" 302 0
INFO 2025-08-29 08:51:33,755 basehttp 3716 2360 "GET / HTTP/1.1" 200 50202
INFO 2025-08-29 08:55:28,993 basehttp 3716 2360 "GET / HTTP/1.1" 200 49849
INFO 2025-08-29 08:55:47,448 basehttp 3716 2360 "GET /users/logout/ HTTP/1.1" 302 0
INFO 2025-08-29 08:55:47,459 basehttp 3716 2360 "GET /users/login/ HTTP/1.1" 200 22329
INFO 2025-08-29 08:56:38,152 basehttp 3716 2360 "GET /users/login/ HTTP/1.1" 200 21999
INFO 2025-08-29 08:56:40,734 basehttp 3716 2360 "POST /users/login/ HTTP/1.1" 302 0
INFO 2025-08-29 08:56:40,885 basehttp 3716 2360 "GET / HTTP/1.1" 200 51135
INFO 2025-08-29 08:57:09,943 basehttp 3716 2360 "GET /users/logout/ HTTP/1.1" 302 0
INFO 2025-08-29 08:57:09,952 basehttp 3716 2360 "GET /users/login/ HTTP/1.1" 200 22329
INFO 2025-08-29 08:58:22,880 basehttp 3716 2360 "GET /users/login/ HTTP/1.1" 200 21999
INFO 2025-08-29 08:59:39,476 basehttp 3716 2360 "GET /users/login/ HTTP/1.1" 200 23761
INFO 2025-08-29 09:00:53,824 basehttp 3716 2360 "GET /users/login/ HTTP/1.1" 200 25345
INFO 2025-08-29 09:02:57,673 basehttp 3716 2360 "POST /users/login/ HTTP/1.1" 302 0
INFO 2025-08-29 09:02:57,834 basehttp 3716 2360 "GET / HTTP/1.1" 200 51135
INFO 2025-08-29 09:03:05,184 basehttp 3716 2360 "GET /users/logout/ HTTP/1.1" 302 0
INFO 2025-08-29 09:03:05,193 basehttp 3716 2360 "GET /users/login/ HTTP/1.1" 200 25675
INFO 2025-08-29 09:24:57,391 basehttp 3716 11580 "GET /users/login/ HTTP/1.1" 200 24880
INFO 2025-08-29 09:41:28,841 basehttp 3716 15772 "GET /users/login/ HTTP/1.1" 200 23381
INFO 2025-08-29 09:41:51,553 basehttp 3716 15772 "GET /users/contact-developer/ HTTP/1.1" 200 16849
INFO 2025-08-29 09:42:19,423 basehttp 3716 15772 "GET /users/login/ HTTP/1.1" 200 23381
INFO 2025-08-29 09:42:20,524 basehttp 3716 15772 "GET /users/login/ HTTP/1.1" 200 23381
INFO 2025-08-29 09:42:23,761 basehttp 3716 15772 "POST /users/login/ HTTP/1.1" 302 0
INFO 2025-08-29 09:42:23,986 basehttp 3716 15772 "GET / HTTP/1.1" 200 51135
INFO 2025-08-29 09:42:36,864 basehttp 3716 15772 "GET /users/logout/ HTTP/1.1" 302 0
INFO 2025-08-29 09:42:36,872 basehttp 3716 5004 "GET /users/login/ HTTP/1.1" 200 23711
INFO 2025-08-29 09:42:43,548 basehttp 3716 5004 "GET /users/reset_password/ HTTP/1.1" 200 11940
INFO 2025-08-29 09:49:03,655 basehttp 3716 16192 "GET /users/reset_password/ HTTP/1.1" 200 20301
INFO 2025-08-29 09:49:12,547 basehttp 3716 16192 "GET /users/contact-developer/ HTTP/1.1" 200 16849
INFO 2025-08-29 09:51:10,858 basehttp 3716 16192 "GET /users/reset_password/ HTTP/1.1" 200 20301
INFO 2025-08-29 09:51:12,376 basehttp 3716 16192 "GET /users/reset_password/ HTTP/1.1" 200 20301
INFO 2025-08-29 09:51:15,856 basehttp 3716 16192 "POST /users/reset_password/ HTTP/1.1" 302 0
INFO 2025-08-29 09:51:15,869 basehttp 3716 16192 "GET /users/reset_password_sent/ HTTP/1.1" 200 18068
INFO 2025-08-29 09:51:21,166 basehttp 3716 16192 "GET /users/login/ HTTP/1.1" 200 23381
INFO 2025-08-29 09:51:24,784 basehttp 3716 16192 "POST /users/login/ HTTP/1.1" 302 0
INFO 2025-08-29 09:51:25,001 basehttp 3716 16192 "GET / HTTP/1.1" 200 51135
INFO 2025-08-29 09:51:37,977 basehttp 3716 16192 "GET /manager/patient/ HTTP/1.1" 200 70557
INFO 2025-08-29 09:51:38,023 basehttp 3716 16192 "GET /static/css/manager.css HTTP/1.1" 304 0
INFO 2025-08-29 09:51:38,029 basehttp 3716 14956 "GET /static/js/manager.js HTTP/1.1" 304 0
ERROR 2025-08-29 09:51:45,052 log 3716 14956 Internal Server Error: /manager/patient/normal
Traceback (most recent call last):
  File "D:\Projects\Current Projects\NDAS - Project\NDAS\venv\Lib\site-packages\django\core\handlers\exception.py", line 55, in inner
    response = get_response(request)
  File "D:\Projects\Current Projects\NDAS - Project\NDAS\venv\Lib\site-packages\django\core\handlers\base.py", line 197, in _get_response
    response = wrapped_callback(request, *callback_args, **callback_kwargs)
  File "D:\Projects\Current Projects\NDAS - Project\NDAS\venv\Lib\site-packages\django\contrib\auth\decorators.py", line 23, in _wrapped_view
    return view_func(request, *args, **kwargs)
  File "D:\Projects\Current Projects\NDAS - Project\NDAS\patients\views.py", line 172, in patient_manager_diagnosis_normal
    patients_list = getPatientList(PtStatus.DX_NORMAL).order_by("-id")
                    ~~~~~~~~~~~~~~^^^^^^^^^^^^^^^^^^^^
  File "D:\Projects\Current Projects\NDAS - Project\NDAS\ndas\custom_codes\custom_methods.py", line 251, in getPatientList
    return var_ptl.exclude(Q(gmassessment__diagnosis_conclusion='ABNORMAL') and Q(hineassessment__score__lt = 73) and Q(developmentalassessment__is_dx_normal=False)).exclude(videos__isnull=True).distinct()
           ~~~~~~~~~~~~~~~^^^^^^^^^^^^^^^^^^^^^^^^^^^^^^^^^^^^^^^^^^^^^^^^^^^^^^^^^^^^^^^^^^^^^^^^^^^^^^^^^^^^^^^^^^^^^^^^^^^^^^^^^^^^^^^^^^^^^^^^^^^^^^^^^^^^^^^^^^^
  File "D:\Projects\Current Projects\NDAS - Project\NDAS\venv\Lib\site-packages\django\db\models\query.py", line 1429, in exclude
    return self._filter_or_exclude(True, args, kwargs)
           ~~~~~~~~~~~~~~~~~~~~~~~^^^^^^^^^^^^^^^^^^^^
  File "D:\Projects\Current Projects\NDAS - Project\NDAS\venv\Lib\site-packages\django\db\models\query.py", line 1439, in _filter_or_exclude
    clone._filter_or_exclude_inplace(negate, args, kwargs)
    ~~~~~~~~~~~~~~~~~~~~~~~~~~~~~~~~^^^^^^^^^^^^^^^^^^^^^^
  File "D:\Projects\Current Projects\NDAS - Project\NDAS\venv\Lib\site-packages\django\db\models\query.py", line 1444, in _filter_or_exclude_inplace
    self._query.add_q(~Q(*args, **kwargs))
    ~~~~~~~~~~~~~~~~~^^^^^^^^^^^^^^^^^^^^^
  File "D:\Projects\Current Projects\NDAS - Project\NDAS\venv\Lib\site-packages\django\db\models\sql\query.py", line 1532, in add_q
    clause, _ = self._add_q(q_object, self.used_aliases)
                ~~~~~~~~~~~^^^^^^^^^^^^^^^^^^^^^^^^^^^^^
  File "D:\Projects\Current Projects\NDAS - Project\NDAS\venv\Lib\site-packages\django\db\models\sql\query.py", line 1562, in _add_q
    child_clause, needed_inner = self.build_filter(
                                 ~~~~~~~~~~~~~~~~~^
        child,
        ^^^^^^
    ...<5 lines>...
        check_filterable=check_filterable,
        ^^^^^^^^^^^^^^^^^^^^^^^^^^^^^^^^^^
    )
    ^
  File "D:\Projects\Current Projects\NDAS - Project\NDAS\venv\Lib\site-packages\django\db\models\sql\query.py", line 1388, in build_filter
    return self._add_q(
           ~~~~~~~~~~~^
        filter_expr,
        ^^^^^^^^^^^^
    ...<5 lines>...
        check_filterable=check_filterable,
        ^^^^^^^^^^^^^^^^^^^^^^^^^^^^^^^^^^
    )
    ^
  File "D:\Projects\Current Projects\NDAS - Project\NDAS\venv\Lib\site-packages\django\db\models\sql\query.py", line 1562, in _add_q
    child_clause, needed_inner = self.build_filter(
                                 ~~~~~~~~~~~~~~~~~^
        child,
        ^^^^^^
    ...<5 lines>...
        check_filterable=check_filterable,
        ^^^^^^^^^^^^^^^^^^^^^^^^^^^^^^^^^^
    )
    ^
  File "D:\Projects\Current Projects\NDAS - Project\NDAS\venv\Lib\site-packages\django\db\models\sql\query.py", line 1407, in build_filter
    lookups, parts, reffed_expression = self.solve_lookup_type(arg)
                                        ~~~~~~~~~~~~~~~~~~~~~~^^^^^
  File "D:\Projects\Current Projects\NDAS - Project\NDAS\venv\Lib\site-packages\django\db\models\sql\query.py", line 1217, in solve_lookup_type
    _, field, _, lookup_parts = self.names_to_path(lookup_splitted, self.get_meta())
                                ~~~~~~~~~~~~~~~~~~^^^^^^^^^^^^^^^^^^^^^^^^^^^^^^^^^^
  File "D:\Projects\Current Projects\NDAS - Project\NDAS\venv\Lib\site-packages\django\db\models\sql\query.py", line 1709, in names_to_path
    raise FieldError(
    ...<2 lines>...
    )
django.core.exceptions.FieldError: Cannot resolve keyword 'developmentalassessment' into field. Choices are: added_by, added_by_id, address, antenatal_hx, apgar_1, apgar_10, apgar_5, attachments, baby_name, bht, birth_weight, cdicrecord, created_at, developmental_assessments, disk_no, do_admission, do_discharge, dob_tob, gender, gmassessment, hine_assessments, id, indecation_for_gma, intranatal_hx, last_edit_by, last_edit_by_id, length, mo_delivery, moh_area, mother_name, nnc_no, ofc, other_relavent_details, pc_no, phm_area, pin, pog_days, pog_wks, postnatal_hx, problems, ptc_no, resuscitated, resustn_note, tp_lan, tp_mobile, updated_at, videos
ERROR 2025-08-29 09:51:45,074 basehttp 3716 14956 "GET /manager/patient/normal HTTP/1.1" 500 150345
INFO 2025-08-29 10:09:30,022 basehttp 3716 5148 "GET /manager/patient/ HTTP/1.1" 200 70557
INFO 2025-08-29 10:09:31,223 basehttp 3716 5148 "GET / HTTP/1.1" 200 50811
INFO 2025-08-29 10:09:34,794 basehttp 3716 5148 "GET /manager/assessment/ HTTP/1.1" 200 41763
INFO 2025-08-29 10:09:37,701 basehttp 3716 5148 "GET /hine/manager/ HTTP/1.1" 200 38160
INFO 2025-08-29 10:09:38,575 basehttp 3716 5148 "GET /da/manager/ HTTP/1.1" 200 38176
INFO 2025-08-29 10:09:40,252 basehttp 3716 5148 "GET /manager/assessment/ HTTP/1.1" 200 41763
INFO 2025-08-29 10:10:49,548 basehttp 3716 5148 "GET /video/manager/ HTTP/1.1" 200 54344
INFO 2025-08-29 10:10:57,920 basehttp 3716 5148 "GET /attachment/manager/ HTTP/1.1" 200 65227
INFO 2025-08-29 10:11:09,930 basehttp 3716 5148 "GET /manager/bookmarks/ HTTP/1.1" 200 38155
INFO 2025-08-29 10:11:12,792 basehttp 3716 5148 "GET /attachment/manager/ HTTP/1.1" 200 65227
INFO 2025-08-29 10:11:32,024 basehttp 3716 5148 "GET /patient/view/4/ HTTP/1.1" 200 115541
INFO 2025-08-29 10:12:20,561 basehttp 3716 5148 "GET /patient/edit/4/ HTTP/1.1" 200 73212
INFO 2025-08-29 10:12:38,283 basehttp 3716 2000 "GET /patient/add/ HTTP/1.1" 200 64394
INFO 2025-08-29 10:18:12,146 basehttp 3716 11516 "GET /patient/add/ HTTP/1.1" 200 64394
INFO 2025-08-29 10:18:13,742 basehttp 3716 11516 "GET /manager/patient/ HTTP/1.1" 200 70557
INFO 2025-08-29 10:18:15,924 basehttp 3716 11516 "GET /patient/edit/4/ HTTP/1.1" 200 73178
INFO 2025-08-29 10:18:48,102 basehttp 3716 11516 "GET /patient/edit/4/ HTTP/1.1" 200 73168
INFO 2025-08-29 10:18:58,787 basehttp 3716 11516 "GET /manager/patient/ HTTP/1.1" 200 70557
INFO 2025-08-29 10:19:15,887 basehttp 3716 11516 "GET /patient/delete/confirm/2/ HTTP/1.1" 200 39497
WARNING 2025-08-29 10:19:25,692 views 3716 11516 Invalid password attempt for patient deletion by user: rasikakulasinghe for patient ID: 2
INFO 2025-08-29 10:19:25,695 basehttp 3716 11516 "POST /patient/delete/2/ HTTP/1.1" 200 39843
INFO 2025-08-29 10:19:34,551 basehttp 3716 11516 "GET /manager/patient/ HTTP/1.1" 200 70557
INFO 2025-08-29 10:22:30,153 basehttp 3716 11516 "GET /manager/patient/ HTTP/1.1" 200 70351
INFO 2025-08-29 10:22:31,953 basehttp 3716 11516 "GET /manager/patient/ HTTP/1.1" 200 70351
INFO 2025-08-29 10:22:34,296 basehttp 3716 11516 "GET /manager/patient/ HTTP/1.1" 200 70351
INFO 2025-08-29 10:22:36,082 basehttp 3716 11516 "GET /patient/edit/4/ HTTP/1.1" 200 73168
INFO 2025-08-29 10:22:41,428 basehttp 3716 11516 "GET /patient/delete/confirm/2/ HTTP/1.1" 200 39497
INFO 2025-08-29 10:23:28,663 basehttp 3716 11516 "GET /manager/patient/new HTTP/1.1" 200 54783
INFO 2025-08-29 10:23:42,179 basehttp 3716 11516 "GET /video/manager/ HTTP/1.1" 200 54344
INFO 2025-08-29 10:23:45,769 basehttp 3716 11516 "GET /manager/patient/ HTTP/1.1" 200 70351
INFO 2025-08-29 10:24:02,336 basehttp 3716 11516 "GET /patient/view/4/ HTTP/1.1" 200 115541
INFO 2025-08-29 10:24:15,393 basehttp 3716 11516 "GET /video/add/4/ HTTP/1.1" 200 54419
INFO 2025-08-29 10:24:36,174 basehttp 3716 11516 "POST /video/add/4/ HTTP/1.1" 200 148
INFO 2025-08-29 10:24:43,524 basehttp 3716 11516 "GET /video/view/5/ HTTP/1.1" 200 50363
INFO 2025-08-29 10:24:44,050 basehttp 3716 11516 "GET /media/videos/2025/08/VID-20250714-WA00011_rIbxeMP.mp4 HTTP/1.1" 200 34974399
INFO 2025-08-29 10:24:44,192 basehttp 3716 11516 "GET /media/videos/2025/08/VID-20250714-WA00011_rIbxeMP.mp4 HTTP/1.1" 304 0
INFO 2025-08-29 10:24:53,497 basehttp 3716 11516 "GET /assessment/add/4/5/ HTTP/1.1" 200 58271
INFO 2025-08-29 10:25:14,660 basehttp 3716 11516 "POST /assessment/add/4/5/ HTTP/1.1" 200 117
INFO 2025-08-29 10:25:16,410 basehttp 3716 11516 "GET /assessment/view/2/ HTTP/1.1" 200 48566
INFO 2025-08-29 10:25:31,585 basehttp 3716 11516 "GET /assessment/add/4/5/ HTTP/1.1" 302 0
INFO 2025-08-29 10:25:31,722 basehttp 3716 11516 "GET /assessment/view/2/ HTTP/1.1" 200 48580
INFO 2025-08-29 10:25:38,271 basehttp 3716 11516 "GET /assessment/add/4/5/ HTTP/1.1" 302 0
INFO 2025-08-29 10:25:38,405 basehttp 3716 11516 "GET /assessment/view/2/ HTTP/1.1" 200 48580
INFO 2025-08-29 10:25:47,063 basehttp 3716 11516 "GET /video/view/5/ HTTP/1.1" 200 50372
INFO 2025-08-29 10:25:51,988 basehttp 3716 11516 "GET /assessment/view/file/id/5/ HTTP/1.1" 200 48244
INFO 2025-08-29 10:26:18,590 basehttp 3716 11516 "GET /manager/assessment/ HTTP/1.1" 200 44339
INFO 2025-08-29 10:27:55,914 basehttp 3716 11516 "GET /manager/assessment/ HTTP/1.1" 200 44339
INFO 2025-08-29 10:29:15,067 basehttp 3716 11516 "GET /assessment/delete/confirm/2/ HTTP/1.1" 200 39543
INFO 2025-08-29 10:33:12,897 basehttp 3716 11516 "GET /manager/patient/ HTTP/1.1" 200 70351
INFO 2025-08-29 10:33:14,579 basehttp 3716 11516 "GET /patient/view/4/ HTTP/1.1" 200 118688
INFO 2025-08-29 10:33:19,091 basehttp 3716 11516 "GET /attachment/add/4/ HTTP/1.1" 200 53771
INFO 2025-08-29 10:33:32,349 basehttp 3716 11516 "GET /attachment/add/4/ HTTP/1.1" 200 53771
INFO 2025-08-29 10:33:39,736 basehttp 3716 11516 "GET /attachment/add/4/ HTTP/1.1" 200 53771
INFO 2025-08-29 10:34:04,634 basehttp 3716 11516 "GET /video/view/5/ HTTP/1.1" 200 50372
INFO 2025-08-29 10:34:04,799 basehttp 3716 11516 "GET /media/videos/2025/08/VID-20250714-WA00011_rIbxeMP.mp4 HTTP/1.1" 304 0
INFO 2025-08-29 10:34:10,825 basehttp 3716 11516 "GET /assessment/view/file/id/5/ HTTP/1.1" 200 48244
INFO 2025-08-29 10:34:17,189 basehttp 3716 11516 "GET /assessment/view/file/id/5/ HTTP/1.1" 200 48244
INFO 2025-08-29 10:34:21,543 basehttp 3716 11516 "GET /assessment/edit/2/ HTTP/1.1" 200 49958
INFO 2025-08-29 10:34:42,055 basehttp 3716 11516 "GET /video/manager/ HTTP/1.1" 200 57154
INFO 2025-08-29 10:34:48,605 basehttp 3716 11516 "GET /assessment/add/3/1/ HTTP/1.1" 200 58202
INFO 2025-08-29 10:38:28,421 basehttp 3716 11516 "GET /assessment/add/3/1/ HTTP/1.1" 200 62161
INFO 2025-08-29 10:38:36,886 basehttp 3716 11516 "GET / HTTP/1.1" 200 50811
INFO 2025-08-29 10:38:39,379 basehttp 3716 11516 "GET /assessment/add/3/1/ HTTP/1.1" 200 62161
INFO 2025-08-29 10:39:40,208 basehttp 3716 11516 "GET /manager/patient/ HTTP/1.1" 200 70351
INFO 2025-08-29 10:39:42,584 basehttp 3716 11516 "GET /video/manager/ HTTP/1.1" 200 57154
INFO 2025-08-29 10:39:45,617 basehttp 3716 11516 "GET /video/view/3/ HTTP/1.1" 200 50360
INFO 2025-08-29 10:39:46,168 basehttp 3716 11516 "GET /media/videos/2025/08/asfsad/asfsad_xzcvx_original_20250826_154744.mp4 HTTP/1.1" 200 34974399
INFO 2025-08-29 10:42:50,124 basehttp 3716 18644 "GET /video/manager/ HTTP/1.1" 200 57154
INFO 2025-08-29 10:43:01,035 basehttp 3716 18644 "GET /assessment/add/3/3/ HTTP/1.1" 200 61424
INFO 2025-08-29 10:44:47,940 basehttp 3716 18644 "GET /manager/assessment/ HTTP/1.1" 200 44339
INFO 2025-08-29 10:44:52,568 basehttp 3716 18644 "GET /assessment/view/2/ HTTP/1.1" 200 48244
INFO 2025-08-29 10:45:06,969 basehttp 3716 18644 "GET /assessment/edit/2/ HTTP/1.1" 200 55225
INFO 2025-08-29 10:52:08,193 basehttp 3716 2284 "GET /assessment/edit/2/ HTTP/1.1" 200 52608
INFO 2025-08-29 10:52:11,453 basehttp 3716 2284 "GET /assessment/edit/2/ HTTP/1.1" 200 52608
INFO 2025-08-29 12:44:09,026 basehttp 3716 10056 "GET /assessment/edit/2/ HTTP/1.1" 302 0
INFO 2025-08-29 12:44:09,411 basehttp 3716 10056 "GET /users/login/?next=/assessment/edit/2/ HTTP/1.1" 200 23381
INFO 2025-08-29 12:44:16,513 basehttp 3716 10056 "POST /users/login/ HTTP/1.1" 302 0
INFO 2025-08-29 12:44:16,759 basehttp 3716 10056 "GET / HTTP/1.1" 200 51135
INFO 2025-08-29 12:44:36,303 basehttp 3716 10056 "GET /assessment/add/3/1/ HTTP/1.1" 200 62006
INFO 2025-08-29 12:45:06,593 basehttp 3716 10056 "POST /assessment/add/3/1/ HTTP/1.1" 200 117
INFO 2025-08-29 12:45:08,282 basehttp 3716 10056 "GET /assessment/view/3/ HTTP/1.1" 200 48913
INFO 2025-08-29 12:46:22,698 basehttp 3716 10056 "GET /manager/assessment/patient/3/ HTTP/1.1" 200 41795
INFO 2025-08-29 12:46:25,379 basehttp 3716 10056 "GET /assessment/view/3/ HTTP/1.1" 200 48591
INFO 2025-08-29 12:46:29,005 basehttp 3716 10056 "GET /assessment/edit/3/ HTTP/1.1" 200 55500
INFO 2025-08-29 12:50:41,509 basehttp 3716 10056 "GET /assessment/edit/3/ HTTP/1.1" 200 56547
INFO 2025-08-29 12:50:44,650 basehttp 3716 10056 "GET /assessment/edit/3/ HTTP/1.1" 200 56547
INFO 2025-08-29 13:35:38,149 basehttp 3716 8912 "GET /assessment/edit/3/ HTTP/1.1" 200 56547
INFO 2025-08-29 13:35:40,018 basehttp 3716 8912 "GET /assessment/edit/3/ HTTP/1.1" 200 56547
INFO 2025-08-29 13:35:43,676 basehttp 3716 8912 "POST /assessment/edit/3/ HTTP/1.1" 302 0
INFO 2025-08-29 13:35:43,854 basehttp 3716 8912 "GET /assessment/view/3/ HTTP/1.1" 200 50645
INFO 2025-08-29 13:36:10,910 basehttp 3716 8912 "GET /video/view/1/ HTTP/1.1" 200 50408
INFO 2025-08-29 13:36:11,728 basehttp 3716 8912 "GET /media/videos/2025/08/asfsad/asfsad_dsafdsfds_original_20250826_132535.mp4 HTTP/1.1" 200 34974399
INFO 2025-08-29 13:39:26,774 basehttp 3716 8912 "GET / HTTP/1.1" 200 50464
INFO 2025-08-29 13:39:32,085 basehttp 3716 8912 "GET /hine/manager/ HTTP/1.1" 200 38160
INFO 2025-08-29 13:39:38,346 basehttp 3716 8912 "GET /manager/patient/ HTTP/1.1" 200 70351
INFO 2025-08-29 13:39:51,284 basehttp 3716 8912 "GET /patient/view/4/ HTTP/1.1" 200 118688
INFO 2025-08-29 13:44:05,375 basehttp 3716 13108 "GET /patient/view/4/ HTTP/1.1" 200 119000
INFO 2025-08-29 13:45:06,379 basehttp 3716 13108 "GET /patient/view/4/ HTTP/1.1" 200 119023
INFO 2025-08-29 13:48:35,342 basehttp 3716 13108 "GET /patient/view/4/ HTTP/1.1" 200 119003
INFO 2025-08-29 13:48:53,969 basehttp 3716 13108 "GET /da/add/4/ HTTP/1.1" 200 44002
INFO 2025-08-29 13:49:05,776 basehttp 3716 13108 "GET /hine/add/4/ HTTP/1.1" 200 40347
INFO 2025-08-29 13:49:12,455 basehttp 3716 13108 "GET /cdic/add/4/ HTTP/1.1" 200 43595
INFO 2025-08-29 13:57:30,237 basehttp 3716 14084 "GET /manager/patient/ HTTP/1.1" 200 70351
INFO 2025-08-29 13:57:30,412 basehttp 3716 14084 "GET /static/css/manager.css HTTP/1.1" 304 0
INFO 2025-08-29 13:57:30,418 basehttp 3716 20032 "GET /static/js/manager.js HTTP/1.1" 304 0
INFO 2025-08-29 13:57:33,540 basehttp 3716 20032 "GET /patient/view/4/ HTTP/1.1" 200 119003
INFO 2025-08-29 13:57:37,749 basehttp 3716 20032 "GET /bookmarks/add/4/Patient/ HTTP/1.1" 200 39596
INFO 2025-08-29 13:57:40,285 basehttp 3716 20032 "GET /bookmarks/add/4/Patient/ HTTP/1.1" 200 39596
INFO 2025-08-29 13:57:41,773 basehttp 3716 20032 "GET /bookmarks/add/4/Patient/ HTTP/1.1" 200 39596
INFO 2025-08-29 14:01:24,827 basehttp 3716 20032 "GET /bookmarks/add/4/Patient/ HTTP/1.1" 200 45631
INFO 2025-08-29 14:01:40,925 basehttp 3716 20032 "GET /hine/add/4/ HTTP/1.1" 200 43669
INFO 2025-08-29 14:01:56,044 basehttp 3716 20032 "GET /patient/view/4/ HTTP/1.1" 200 119003
INFO 2025-08-29 14:02:01,100 basehttp 3716 20032 "GET /cdic/add/4/ HTTP/1.1" 200 51598
INFO 2025-08-29 14:02:29,426 basehttp 3716 20032 "GET /patient/view/4/ HTTP/1.1" 200 119003
INFO 2025-08-29 14:03:14,477 basehttp 3716 20032 "GET /users/logout/ HTTP/1.1" 302 0
INFO 2025-08-29 14:03:14,492 basehttp 3716 20032 "GET /users/login/ HTTP/1.1" 200 23711
INFO 2025-08-29 14:03:33,422 basehttp 3716 20032 "GET /users/contact-developer/ HTTP/1.1" 200 16849
INFO 2025-08-29 14:04:21,142 autoreload 3716 5224 D:\Projects\Current Projects\NDAS - Project\NDAS\patients\views.py changed, reloading.
INFO 2025-08-29 14:04:24,829 autoreload 10888 19192 Watching for file changes with StatReloader
INFO 2025-08-29 14:04:34,669 autoreload 10888 19192 D:\Projects\Current Projects\NDAS - Project\NDAS\patients\views.py changed, reloading.
INFO 2025-08-29 14:04:35,415 autoreload 19336 4760 Watching for file changes with StatReloader
INFO 2025-08-29 14:04:56,510 autoreload 19336 4760 D:\Projects\Current Projects\NDAS - Project\NDAS\patients\views.py changed, reloading.
INFO 2025-08-29 14:04:57,292 autoreload 19092 14532 Watching for file changes with StatReloader
INFO 2025-08-29 14:05:14,139 autoreload 19092 14532 D:\Projects\Current Projects\NDAS - Project\NDAS\patients\views.py changed, reloading.
INFO 2025-08-29 14:05:14,921 autoreload 7072 8148 Watching for file changes with StatReloader
INFO 2025-08-29 14:05:28,737 autoreload 7072 8148 D:\Projects\Current Projects\NDAS - Project\NDAS\patients\views.py changed, reloading.
INFO 2025-08-29 14:05:29,492 autoreload 22268 20192 Watching for file changes with StatReloader
INFO 2025-08-29 14:09:27,994 basehttp 22268 8124 "POST /users/login/ HTTP/1.1" 302 0
INFO 2025-08-29 14:09:28,282 basehttp 22268 8124 "GET / HTTP/1.1" 200 50788
INFO 2025-08-29 14:09:30,358 basehttp 22268 8124 "GET /manager/patient/ HTTP/1.1" 200 70351
INFO 2025-08-29 14:09:32,406 basehttp 22268 8124 "GET /patient/view/4/ HTTP/1.1" 200 119003
INFO 2025-08-29 14:09:38,870 basehttp 22268 8124 "GET /hine/add/4/ HTTP/1.1" 200 43669
ERROR 2025-08-29 14:10:10,610 log 22268 8124 Internal Server Error: /hine/add/4/
Traceback (most recent call last):
  File "D:\Projects\Current Projects\NDAS - Project\NDAS\venv\Lib\site-packages\django\core\handlers\exception.py", line 55, in inner
    response = get_response(request)
  File "D:\Projects\Current Projects\NDAS - Project\NDAS\venv\Lib\site-packages\django\core\handlers\base.py", line 197, in _get_response
    response = wrapped_callback(request, *callback_args, **callback_kwargs)
  File "D:\Projects\Current Projects\NDAS - Project\NDAS\venv\Lib\site-packages\django\contrib\auth\decorators.py", line 23, in _wrapped_view
    return view_func(request, *args, **kwargs)
  File "D:\Projects\Current Projects\NDAS - Project\NDAS\patients\views.py", line 1689, in hine_assessment_add
    if hine_form_data.is_valid():
       ~~~~~~~~~~~~~~~~~~~~~~~^^
  File "D:\Projects\Current Projects\NDAS - Project\NDAS\venv\Lib\site-packages\django\forms\forms.py", line 205, in is_valid
    return self.is_bound and not self.errors
                                 ^^^^^^^^^^^
  File "D:\Projects\Current Projects\NDAS - Project\NDAS\venv\Lib\site-packages\django\forms\forms.py", line 200, in errors
    self.full_clean()
    ~~~~~~~~~~~~~~~^^
  File "D:\Projects\Current Projects\NDAS - Project\NDAS\venv\Lib\site-packages\django\forms\forms.py", line 439, in full_clean
    self._post_clean()
    ~~~~~~~~~~~~~~~~^^
  File "D:\Projects\Current Projects\NDAS - Project\NDAS\venv\Lib\site-packages\django\forms\models.py", line 492, in _post_clean
    self.instance.full_clean(exclude=exclude, validate_unique=False)
    ~~~~~~~~~~~~~~~~~~~~~~~~^^^^^^^^^^^^^^^^^^^^^^^^^^^^^^^^^^^^^^^^
  File "D:\Projects\Current Projects\NDAS - Project\NDAS\venv\Lib\site-packages\django\db\models\base.py", line 1452, in full_clean
    self.clean()
    ~~~~~~~~~~^^
  File "D:\Projects\Current Projects\NDAS - Project\NDAS\patients\models.py", line 2136, in clean
    and self.patient
        ^^^^^^^^^^^^
  File "D:\Projects\Current Projects\NDAS - Project\NDAS\venv\Lib\site-packages\django\db\models\fields\related_descriptors.py", line 217, in __get__
    raise self.RelatedObjectDoesNotExist(
        "%s has no %s." % (self.field.model.__name__, self.field.name)
    )
patients.models.HINEAssessment.patient.RelatedObjectDoesNotExist: HINEAssessment has no patient.. Did you mean: 'patient_id'?
ERROR 2025-08-29 14:10:10,627 basehttp 22268 8124 "POST /hine/add/4/ HTTP/1.1" 500 122212
ERROR 2025-08-29 14:11:22,922 log 22268 8124 Internal Server Error: /hine/add/4/
Traceback (most recent call last):
  File "D:\Projects\Current Projects\NDAS - Project\NDAS\venv\Lib\site-packages\django\core\handlers\exception.py", line 55, in inner
    response = get_response(request)
  File "D:\Projects\Current Projects\NDAS - Project\NDAS\venv\Lib\site-packages\django\core\handlers\base.py", line 197, in _get_response
    response = wrapped_callback(request, *callback_args, **callback_kwargs)
  File "D:\Projects\Current Projects\NDAS - Project\NDAS\venv\Lib\site-packages\django\contrib\auth\decorators.py", line 23, in _wrapped_view
    return view_func(request, *args, **kwargs)
  File "D:\Projects\Current Projects\NDAS - Project\NDAS\patients\views.py", line 1689, in hine_assessment_add
    if hine_form_data.is_valid():
       ~~~~~~~~~~~~~~~~~~~~~~~^^
  File "D:\Projects\Current Projects\NDAS - Project\NDAS\venv\Lib\site-packages\django\forms\forms.py", line 205, in is_valid
    return self.is_bound and not self.errors
                                 ^^^^^^^^^^^
  File "D:\Projects\Current Projects\NDAS - Project\NDAS\venv\Lib\site-packages\django\forms\forms.py", line 200, in errors
    self.full_clean()
    ~~~~~~~~~~~~~~~^^
  File "D:\Projects\Current Projects\NDAS - Project\NDAS\venv\Lib\site-packages\django\forms\forms.py", line 439, in full_clean
    self._post_clean()
    ~~~~~~~~~~~~~~~~^^
  File "D:\Projects\Current Projects\NDAS - Project\NDAS\venv\Lib\site-packages\django\forms\models.py", line 492, in _post_clean
    self.instance.full_clean(exclude=exclude, validate_unique=False)
    ~~~~~~~~~~~~~~~~~~~~~~~~^^^^^^^^^^^^^^^^^^^^^^^^^^^^^^^^^^^^^^^^
  File "D:\Projects\Current Projects\NDAS - Project\NDAS\venv\Lib\site-packages\django\db\models\base.py", line 1452, in full_clean
    self.clean()
    ~~~~~~~~~~^^
  File "D:\Projects\Current Projects\NDAS - Project\NDAS\patients\models.py", line 2136, in clean
    and self.patient
        ^^^^^^^^^^^^
  File "D:\Projects\Current Projects\NDAS - Project\NDAS\venv\Lib\site-packages\django\db\models\fields\related_descriptors.py", line 217, in __get__
    raise self.RelatedObjectDoesNotExist(
        "%s has no %s." % (self.field.model.__name__, self.field.name)
    )
patients.models.HINEAssessment.patient.RelatedObjectDoesNotExist: HINEAssessment has no patient.. Did you mean: 'patient_id'?
ERROR 2025-08-29 14:11:22,931 basehttp 22268 8124 "POST /hine/add/4/ HTTP/1.1" 500 122212
ERROR 2025-08-29 14:15:50,348 log 22268 5104 Internal Server Error: /hine/manager/
Traceback (most recent call last):
  File "D:\Projects\Current Projects\NDAS - Project\NDAS\venv\Lib\site-packages\django\core\handlers\exception.py", line 55, in inner
    response = get_response(request)
  File "D:\Projects\Current Projects\NDAS - Project\NDAS\venv\Lib\site-packages\django\core\handlers\base.py", line 197, in _get_response
    response = wrapped_callback(request, *callback_args, **callback_kwargs)
  File "D:\Projects\Current Projects\NDAS - Project\NDAS\venv\Lib\site-packages\django\contrib\auth\decorators.py", line 23, in _wrapped_view
    return view_func(request, *args, **kwargs)
  File "D:\Projects\Current Projects\NDAS - Project\NDAS\patients\views.py", line 1761, in hine_assessment_manager
    return render(
        request,
        "hine/manager.html",
        {"patient": "", "hine_record_list": hine_record_list},
    )
  File "D:\Projects\Current Projects\NDAS - Project\NDAS\venv\Lib\site-packages\django\shortcuts.py", line 24, in render
    content = loader.render_to_string(template_name, context, request, using=using)
  File "D:\Projects\Current Projects\NDAS - Project\NDAS\venv\Lib\site-packages\django\template\loader.py", line 62, in render_to_string
    return template.render(context, request)
           ~~~~~~~~~~~~~~~^^^^^^^^^^^^^^^^^^
  File "D:\Projects\Current Projects\NDAS - Project\NDAS\venv\Lib\site-packages\django\template\backends\django.py", line 62, in render
    return self.template.render(context)
           ~~~~~~~~~~~~~~~~~~~~^^^^^^^^^
  File "D:\Projects\Current Projects\NDAS - Project\NDAS\venv\Lib\site-packages\django\template\base.py", line 175, in render
    return self._render(context)
           ~~~~~~~~~~~~^^^^^^^^^
  File "D:\Projects\Current Projects\NDAS - Project\NDAS\venv\Lib\site-packages\django\template\base.py", line 167, in _render
    return self.nodelist.render(context)
           ~~~~~~~~~~~~~~~~~~~~^^^^^^^^^
  File "D:\Projects\Current Projects\NDAS - Project\NDAS\venv\Lib\site-packages\django\template\base.py", line 1005, in render
    return SafeString("".join([node.render_annotated(context) for node in self]))
                               ~~~~~~~~~~~~~~~~~~~~~^^^^^^^^^
  File "D:\Projects\Current Projects\NDAS - Project\NDAS\venv\Lib\site-packages\django\template\base.py", line 966, in render_annotated
    return self.render(context)
           ~~~~~~~~~~~^^^^^^^^^
  File "D:\Projects\Current Projects\NDAS - Project\NDAS\venv\Lib\site-packages\django\template\loader_tags.py", line 157, in render
    return compiled_parent._render(context)
           ~~~~~~~~~~~~~~~~~~~~~~~^^^^^^^^^
  File "D:\Projects\Current Projects\NDAS - Project\NDAS\venv\Lib\site-packages\django\template\base.py", line 167, in _render
    return self.nodelist.render(context)
           ~~~~~~~~~~~~~~~~~~~~^^^^^^^^^
  File "D:\Projects\Current Projects\NDAS - Project\NDAS\venv\Lib\site-packages\django\template\base.py", line 1005, in render
    return SafeString("".join([node.render_annotated(context) for node in self]))
                               ~~~~~~~~~~~~~~~~~~~~~^^^^^^^^^
  File "D:\Projects\Current Projects\NDAS - Project\NDAS\venv\Lib\site-packages\django\template\base.py", line 966, in render_annotated
    return self.render(context)
           ~~~~~~~~~~~^^^^^^^^^
  File "D:\Projects\Current Projects\NDAS - Project\NDAS\venv\Lib\site-packages\django\template\loader_tags.py", line 157, in render
    return compiled_parent._render(context)
           ~~~~~~~~~~~~~~~~~~~~~~~^^^^^^^^^
  File "D:\Projects\Current Projects\NDAS - Project\NDAS\venv\Lib\site-packages\django\template\base.py", line 167, in _render
    return self.nodelist.render(context)
           ~~~~~~~~~~~~~~~~~~~~^^^^^^^^^
  File "D:\Projects\Current Projects\NDAS - Project\NDAS\venv\Lib\site-packages\django\template\base.py", line 1005, in render
    return SafeString("".join([node.render_annotated(context) for node in self]))
                               ~~~~~~~~~~~~~~~~~~~~~^^^^^^^^^
  File "D:\Projects\Current Projects\NDAS - Project\NDAS\venv\Lib\site-packages\django\template\base.py", line 966, in render_annotated
    return self.render(context)
           ~~~~~~~~~~~^^^^^^^^^
  File "D:\Projects\Current Projects\NDAS - Project\NDAS\venv\Lib\site-packages\django\template\loader_tags.py", line 63, in render
    result = block.nodelist.render(context)
  File "D:\Projects\Current Projects\NDAS - Project\NDAS\venv\Lib\site-packages\django\template\base.py", line 1005, in render
    return SafeString("".join([node.render_annotated(context) for node in self]))
                               ~~~~~~~~~~~~~~~~~~~~~^^^^^^^^^
  File "D:\Projects\Current Projects\NDAS - Project\NDAS\venv\Lib\site-packages\django\template\base.py", line 966, in render_annotated
    return self.render(context)
           ~~~~~~~~~~~^^^^^^^^^
  File "D:\Projects\Current Projects\NDAS - Project\NDAS\venv\Lib\site-packages\django\template\defaulttags.py", line 322, in render
    return nodelist.render(context)
           ~~~~~~~~~~~~~~~^^^^^^^^^
  File "D:\Projects\Current Projects\NDAS - Project\NDAS\venv\Lib\site-packages\django\template\base.py", line 1005, in render
    return SafeString("".join([node.render_annotated(context) for node in self]))
                               ~~~~~~~~~~~~~~~~~~~~~^^^^^^^^^
  File "D:\Projects\Current Projects\NDAS - Project\NDAS\venv\Lib\site-packages\django\template\base.py", line 966, in render_annotated
    return self.render(context)
           ~~~~~~~~~~~^^^^^^^^^
  File "D:\Projects\Current Projects\NDAS - Project\NDAS\venv\Lib\site-packages\django\template\loader_tags.py", line 63, in render
    result = block.nodelist.render(context)
  File "D:\Projects\Current Projects\NDAS - Project\NDAS\venv\Lib\site-packages\django\template\base.py", line 1005, in render
    return SafeString("".join([node.render_annotated(context) for node in self]))
                               ~~~~~~~~~~~~~~~~~~~~~^^^^^^^^^
  File "D:\Projects\Current Projects\NDAS - Project\NDAS\venv\Lib\site-packages\django\template\base.py", line 966, in render_annotated
    return self.render(context)
           ~~~~~~~~~~~^^^^^^^^^
  File "D:\Projects\Current Projects\NDAS - Project\NDAS\venv\Lib\site-packages\django\template\defaulttags.py", line 322, in render
    return nodelist.render(context)
           ~~~~~~~~~~~~~~~^^^^^^^^^
  File "D:\Projects\Current Projects\NDAS - Project\NDAS\venv\Lib\site-packages\django\template\base.py", line 1005, in render
    return SafeString("".join([node.render_annotated(context) for node in self]))
                               ~~~~~~~~~~~~~~~~~~~~~^^^^^^^^^
  File "D:\Projects\Current Projects\NDAS - Project\NDAS\venv\Lib\site-packages\django\template\base.py", line 966, in render_annotated
    return self.render(context)
           ~~~~~~~~~~~^^^^^^^^^
  File "D:\Projects\Current Projects\NDAS - Project\NDAS\venv\Lib\site-packages\django\template\defaulttags.py", line 472, in render
    url = reverse(view_name, args=args, kwargs=kwargs, current_app=current_app)
  File "D:\Projects\Current Projects\NDAS - Project\NDAS\venv\Lib\site-packages\django\urls\base.py", line 88, in reverse
    return resolver._reverse_with_prefix(view, prefix, *args, **kwargs)
           ~~~~~~~~~~~~~~~~~~~~~~~~~~~~~^^^^^^^^^^^^^^^^^^^^^^^^^^^^^^^
  File "D:\Projects\Current Projects\NDAS - Project\NDAS\venv\Lib\site-packages\django\urls\resolvers.py", line 828, in _reverse_with_prefix
    raise NoReverseMatch(msg)
django.urls.exceptions.NoReverseMatch: Reverse for 'patient-manager' not found. 'patient-manager' is not a valid view function or pattern name.
ERROR 2025-08-29 14:15:50,372 basehttp 22268 5104 "GET /hine/manager/ HTTP/1.1" 500 234026
ERROR 2025-08-29 14:15:56,194 log 22268 5104 Internal Server Error: /hine/manager/
Traceback (most recent call last):
  File "D:\Projects\Current Projects\NDAS - Project\NDAS\venv\Lib\site-packages\django\core\handlers\exception.py", line 55, in inner
    response = get_response(request)
  File "D:\Projects\Current Projects\NDAS - Project\NDAS\venv\Lib\site-packages\django\core\handlers\base.py", line 197, in _get_response
    response = wrapped_callback(request, *callback_args, **callback_kwargs)
  File "D:\Projects\Current Projects\NDAS - Project\NDAS\venv\Lib\site-packages\django\contrib\auth\decorators.py", line 23, in _wrapped_view
    return view_func(request, *args, **kwargs)
  File "D:\Projects\Current Projects\NDAS - Project\NDAS\patients\views.py", line 1761, in hine_assessment_manager
    return render(
        request,
        "hine/manager.html",
        {"patient": "", "hine_record_list": hine_record_list},
    )
  File "D:\Projects\Current Projects\NDAS - Project\NDAS\venv\Lib\site-packages\django\shortcuts.py", line 24, in render
    content = loader.render_to_string(template_name, context, request, using=using)
  File "D:\Projects\Current Projects\NDAS - Project\NDAS\venv\Lib\site-packages\django\template\loader.py", line 62, in render_to_string
    return template.render(context, request)
           ~~~~~~~~~~~~~~~^^^^^^^^^^^^^^^^^^
  File "D:\Projects\Current Projects\NDAS - Project\NDAS\venv\Lib\site-packages\django\template\backends\django.py", line 62, in render
    return self.template.render(context)
           ~~~~~~~~~~~~~~~~~~~~^^^^^^^^^
  File "D:\Projects\Current Projects\NDAS - Project\NDAS\venv\Lib\site-packages\django\template\base.py", line 175, in render
    return self._render(context)
           ~~~~~~~~~~~~^^^^^^^^^
  File "D:\Projects\Current Projects\NDAS - Project\NDAS\venv\Lib\site-packages\django\template\base.py", line 167, in _render
    return self.nodelist.render(context)
           ~~~~~~~~~~~~~~~~~~~~^^^^^^^^^
  File "D:\Projects\Current Projects\NDAS - Project\NDAS\venv\Lib\site-packages\django\template\base.py", line 1005, in render
    return SafeString("".join([node.render_annotated(context) for node in self]))
                               ~~~~~~~~~~~~~~~~~~~~~^^^^^^^^^
  File "D:\Projects\Current Projects\NDAS - Project\NDAS\venv\Lib\site-packages\django\template\base.py", line 966, in render_annotated
    return self.render(context)
           ~~~~~~~~~~~^^^^^^^^^
  File "D:\Projects\Current Projects\NDAS - Project\NDAS\venv\Lib\site-packages\django\template\loader_tags.py", line 157, in render
    return compiled_parent._render(context)
           ~~~~~~~~~~~~~~~~~~~~~~~^^^^^^^^^
  File "D:\Projects\Current Projects\NDAS - Project\NDAS\venv\Lib\site-packages\django\template\base.py", line 167, in _render
    return self.nodelist.render(context)
           ~~~~~~~~~~~~~~~~~~~~^^^^^^^^^
  File "D:\Projects\Current Projects\NDAS - Project\NDAS\venv\Lib\site-packages\django\template\base.py", line 1005, in render
    return SafeString("".join([node.render_annotated(context) for node in self]))
                               ~~~~~~~~~~~~~~~~~~~~~^^^^^^^^^
  File "D:\Projects\Current Projects\NDAS - Project\NDAS\venv\Lib\site-packages\django\template\base.py", line 966, in render_annotated
    return self.render(context)
           ~~~~~~~~~~~^^^^^^^^^
  File "D:\Projects\Current Projects\NDAS - Project\NDAS\venv\Lib\site-packages\django\template\loader_tags.py", line 157, in render
    return compiled_parent._render(context)
           ~~~~~~~~~~~~~~~~~~~~~~~^^^^^^^^^
  File "D:\Projects\Current Projects\NDAS - Project\NDAS\venv\Lib\site-packages\django\template\base.py", line 167, in _render
    return self.nodelist.render(context)
           ~~~~~~~~~~~~~~~~~~~~^^^^^^^^^
  File "D:\Projects\Current Projects\NDAS - Project\NDAS\venv\Lib\site-packages\django\template\base.py", line 1005, in render
    return SafeString("".join([node.render_annotated(context) for node in self]))
                               ~~~~~~~~~~~~~~~~~~~~~^^^^^^^^^
  File "D:\Projects\Current Projects\NDAS - Project\NDAS\venv\Lib\site-packages\django\template\base.py", line 966, in render_annotated
    return self.render(context)
           ~~~~~~~~~~~^^^^^^^^^
  File "D:\Projects\Current Projects\NDAS - Project\NDAS\venv\Lib\site-packages\django\template\loader_tags.py", line 63, in render
    result = block.nodelist.render(context)
  File "D:\Projects\Current Projects\NDAS - Project\NDAS\venv\Lib\site-packages\django\template\base.py", line 1005, in render
    return SafeString("".join([node.render_annotated(context) for node in self]))
                               ~~~~~~~~~~~~~~~~~~~~~^^^^^^^^^
  File "D:\Projects\Current Projects\NDAS - Project\NDAS\venv\Lib\site-packages\django\template\base.py", line 966, in render_annotated
    return self.render(context)
           ~~~~~~~~~~~^^^^^^^^^
  File "D:\Projects\Current Projects\NDAS - Project\NDAS\venv\Lib\site-packages\django\template\defaulttags.py", line 322, in render
    return nodelist.render(context)
           ~~~~~~~~~~~~~~~^^^^^^^^^
  File "D:\Projects\Current Projects\NDAS - Project\NDAS\venv\Lib\site-packages\django\template\base.py", line 1005, in render
    return SafeString("".join([node.render_annotated(context) for node in self]))
                               ~~~~~~~~~~~~~~~~~~~~~^^^^^^^^^
  File "D:\Projects\Current Projects\NDAS - Project\NDAS\venv\Lib\site-packages\django\template\base.py", line 966, in render_annotated
    return self.render(context)
           ~~~~~~~~~~~^^^^^^^^^
  File "D:\Projects\Current Projects\NDAS - Project\NDAS\venv\Lib\site-packages\django\template\loader_tags.py", line 63, in render
    result = block.nodelist.render(context)
  File "D:\Projects\Current Projects\NDAS - Project\NDAS\venv\Lib\site-packages\django\template\base.py", line 1005, in render
    return SafeString("".join([node.render_annotated(context) for node in self]))
                               ~~~~~~~~~~~~~~~~~~~~~^^^^^^^^^
  File "D:\Projects\Current Projects\NDAS - Project\NDAS\venv\Lib\site-packages\django\template\base.py", line 966, in render_annotated
    return self.render(context)
           ~~~~~~~~~~~^^^^^^^^^
  File "D:\Projects\Current Projects\NDAS - Project\NDAS\venv\Lib\site-packages\django\template\defaulttags.py", line 322, in render
    return nodelist.render(context)
           ~~~~~~~~~~~~~~~^^^^^^^^^
  File "D:\Projects\Current Projects\NDAS - Project\NDAS\venv\Lib\site-packages\django\template\base.py", line 1005, in render
    return SafeString("".join([node.render_annotated(context) for node in self]))
                               ~~~~~~~~~~~~~~~~~~~~~^^^^^^^^^
  File "D:\Projects\Current Projects\NDAS - Project\NDAS\venv\Lib\site-packages\django\template\base.py", line 966, in render_annotated
    return self.render(context)
           ~~~~~~~~~~~^^^^^^^^^
  File "D:\Projects\Current Projects\NDAS - Project\NDAS\venv\Lib\site-packages\django\template\defaulttags.py", line 472, in render
    url = reverse(view_name, args=args, kwargs=kwargs, current_app=current_app)
  File "D:\Projects\Current Projects\NDAS - Project\NDAS\venv\Lib\site-packages\django\urls\base.py", line 88, in reverse
    return resolver._reverse_with_prefix(view, prefix, *args, **kwargs)
           ~~~~~~~~~~~~~~~~~~~~~~~~~~~~~^^^^^^^^^^^^^^^^^^^^^^^^^^^^^^^
  File "D:\Projects\Current Projects\NDAS - Project\NDAS\venv\Lib\site-packages\django\urls\resolvers.py", line 828, in _reverse_with_prefix
    raise NoReverseMatch(msg)
django.urls.exceptions.NoReverseMatch: Reverse for 'patient-manager' not found. 'patient-manager' is not a valid view function or pattern name.
ERROR 2025-08-29 14:15:56,209 basehttp 22268 5104 "GET /hine/manager/ HTTP/1.1" 500 234163
INFO 2025-08-29 14:16:04,773 basehttp 22268 5104 "GET /hine/add/4/ HTTP/1.1" 200 43669
ERROR 2025-08-29 14:16:26,887 log 22268 5104 Internal Server Error: /hine/add/4/
Traceback (most recent call last):
  File "D:\Projects\Current Projects\NDAS - Project\NDAS\venv\Lib\site-packages\django\core\handlers\exception.py", line 55, in inner
    response = get_response(request)
  File "D:\Projects\Current Projects\NDAS - Project\NDAS\venv\Lib\site-packages\django\core\handlers\base.py", line 197, in _get_response
    response = wrapped_callback(request, *callback_args, **callback_kwargs)
  File "D:\Projects\Current Projects\NDAS - Project\NDAS\venv\Lib\site-packages\django\contrib\auth\decorators.py", line 23, in _wrapped_view
    return view_func(request, *args, **kwargs)
  File "D:\Projects\Current Projects\NDAS - Project\NDAS\patients\views.py", line 1689, in hine_assessment_add
    if hine_form_data.is_valid():
       ~~~~~~~~~~~~~~~~~~~~~~~^^
  File "D:\Projects\Current Projects\NDAS - Project\NDAS\venv\Lib\site-packages\django\forms\forms.py", line 205, in is_valid
    return self.is_bound and not self.errors
                                 ^^^^^^^^^^^
  File "D:\Projects\Current Projects\NDAS - Project\NDAS\venv\Lib\site-packages\django\forms\forms.py", line 200, in errors
    self.full_clean()
    ~~~~~~~~~~~~~~~^^
  File "D:\Projects\Current Projects\NDAS - Project\NDAS\venv\Lib\site-packages\django\forms\forms.py", line 439, in full_clean
    self._post_clean()
    ~~~~~~~~~~~~~~~~^^
  File "D:\Projects\Current Projects\NDAS - Project\NDAS\venv\Lib\site-packages\django\forms\models.py", line 492, in _post_clean
    self.instance.full_clean(exclude=exclude, validate_unique=False)
    ~~~~~~~~~~~~~~~~~~~~~~~~^^^^^^^^^^^^^^^^^^^^^^^^^^^^^^^^^^^^^^^^
  File "D:\Projects\Current Projects\NDAS - Project\NDAS\venv\Lib\site-packages\django\db\models\base.py", line 1452, in full_clean
    self.clean()
    ~~~~~~~~~~^^
  File "D:\Projects\Current Projects\NDAS - Project\NDAS\patients\models.py", line 2136, in clean
    and self.patient
        ^^^^^^^^^^^^
  File "D:\Projects\Current Projects\NDAS - Project\NDAS\venv\Lib\site-packages\django\db\models\fields\related_descriptors.py", line 217, in __get__
    raise self.RelatedObjectDoesNotExist(
        "%s has no %s." % (self.field.model.__name__, self.field.name)
    )
patients.models.HINEAssessment.patient.RelatedObjectDoesNotExist: HINEAssessment has no patient.. Did you mean: 'patient_id'?
ERROR 2025-08-29 14:16:26,896 basehttp 22268 5104 "POST /hine/add/4/ HTTP/1.1" 500 122220
INFO 2025-08-29 14:18:28,158 basehttp 22268 5104 "GET /hine/add/4/ HTTP/1.1" 200 43669
INFO 2025-08-29 14:18:30,179 basehttp 22268 5104 "GET /manager/assessment/ HTTP/1.1" 200 46933
ERROR 2025-08-29 14:18:33,711 log 22268 5104 Internal Server Error: /hine/manager/
Traceback (most recent call last):
  File "D:\Projects\Current Projects\NDAS - Project\NDAS\venv\Lib\site-packages\django\core\handlers\exception.py", line 55, in inner
    response = get_response(request)
  File "D:\Projects\Current Projects\NDAS - Project\NDAS\venv\Lib\site-packages\django\core\handlers\base.py", line 197, in _get_response
    response = wrapped_callback(request, *callback_args, **callback_kwargs)
  File "D:\Projects\Current Projects\NDAS - Project\NDAS\venv\Lib\site-packages\django\contrib\auth\decorators.py", line 23, in _wrapped_view
    return view_func(request, *args, **kwargs)
  File "D:\Projects\Current Projects\NDAS - Project\NDAS\patients\views.py", line 1761, in hine_assessment_manager
    return render(
        request,
        "hine/manager.html",
        {"patient": "", "hine_record_list": hine_record_list},
    )
  File "D:\Projects\Current Projects\NDAS - Project\NDAS\venv\Lib\site-packages\django\shortcuts.py", line 24, in render
    content = loader.render_to_string(template_name, context, request, using=using)
  File "D:\Projects\Current Projects\NDAS - Project\NDAS\venv\Lib\site-packages\django\template\loader.py", line 62, in render_to_string
    return template.render(context, request)
           ~~~~~~~~~~~~~~~^^^^^^^^^^^^^^^^^^
  File "D:\Projects\Current Projects\NDAS - Project\NDAS\venv\Lib\site-packages\django\template\backends\django.py", line 62, in render
    return self.template.render(context)
           ~~~~~~~~~~~~~~~~~~~~^^^^^^^^^
  File "D:\Projects\Current Projects\NDAS - Project\NDAS\venv\Lib\site-packages\django\template\base.py", line 175, in render
    return self._render(context)
           ~~~~~~~~~~~~^^^^^^^^^
  File "D:\Projects\Current Projects\NDAS - Project\NDAS\venv\Lib\site-packages\django\template\base.py", line 167, in _render
    return self.nodelist.render(context)
           ~~~~~~~~~~~~~~~~~~~~^^^^^^^^^
  File "D:\Projects\Current Projects\NDAS - Project\NDAS\venv\Lib\site-packages\django\template\base.py", line 1005, in render
    return SafeString("".join([node.render_annotated(context) for node in self]))
                               ~~~~~~~~~~~~~~~~~~~~~^^^^^^^^^
  File "D:\Projects\Current Projects\NDAS - Project\NDAS\venv\Lib\site-packages\django\template\base.py", line 966, in render_annotated
    return self.render(context)
           ~~~~~~~~~~~^^^^^^^^^
  File "D:\Projects\Current Projects\NDAS - Project\NDAS\venv\Lib\site-packages\django\template\loader_tags.py", line 157, in render
    return compiled_parent._render(context)
           ~~~~~~~~~~~~~~~~~~~~~~~^^^^^^^^^
  File "D:\Projects\Current Projects\NDAS - Project\NDAS\venv\Lib\site-packages\django\template\base.py", line 167, in _render
    return self.nodelist.render(context)
           ~~~~~~~~~~~~~~~~~~~~^^^^^^^^^
  File "D:\Projects\Current Projects\NDAS - Project\NDAS\venv\Lib\site-packages\django\template\base.py", line 1005, in render
    return SafeString("".join([node.render_annotated(context) for node in self]))
                               ~~~~~~~~~~~~~~~~~~~~~^^^^^^^^^
  File "D:\Projects\Current Projects\NDAS - Project\NDAS\venv\Lib\site-packages\django\template\base.py", line 966, in render_annotated
    return self.render(context)
           ~~~~~~~~~~~^^^^^^^^^
  File "D:\Projects\Current Projects\NDAS - Project\NDAS\venv\Lib\site-packages\django\template\loader_tags.py", line 157, in render
    return compiled_parent._render(context)
           ~~~~~~~~~~~~~~~~~~~~~~~^^^^^^^^^
  File "D:\Projects\Current Projects\NDAS - Project\NDAS\venv\Lib\site-packages\django\template\base.py", line 167, in _render
    return self.nodelist.render(context)
           ~~~~~~~~~~~~~~~~~~~~^^^^^^^^^
  File "D:\Projects\Current Projects\NDAS - Project\NDAS\venv\Lib\site-packages\django\template\base.py", line 1005, in render
    return SafeString("".join([node.render_annotated(context) for node in self]))
                               ~~~~~~~~~~~~~~~~~~~~~^^^^^^^^^
  File "D:\Projects\Current Projects\NDAS - Project\NDAS\venv\Lib\site-packages\django\template\base.py", line 966, in render_annotated
    return self.render(context)
           ~~~~~~~~~~~^^^^^^^^^
  File "D:\Projects\Current Projects\NDAS - Project\NDAS\venv\Lib\site-packages\django\template\loader_tags.py", line 63, in render
    result = block.nodelist.render(context)
  File "D:\Projects\Current Projects\NDAS - Project\NDAS\venv\Lib\site-packages\django\template\base.py", line 1005, in render
    return SafeString("".join([node.render_annotated(context) for node in self]))
                               ~~~~~~~~~~~~~~~~~~~~~^^^^^^^^^
  File "D:\Projects\Current Projects\NDAS - Project\NDAS\venv\Lib\site-packages\django\template\base.py", line 966, in render_annotated
    return self.render(context)
           ~~~~~~~~~~~^^^^^^^^^
  File "D:\Projects\Current Projects\NDAS - Project\NDAS\venv\Lib\site-packages\django\template\defaulttags.py", line 322, in render
    return nodelist.render(context)
           ~~~~~~~~~~~~~~~^^^^^^^^^
  File "D:\Projects\Current Projects\NDAS - Project\NDAS\venv\Lib\site-packages\django\template\base.py", line 1005, in render
    return SafeString("".join([node.render_annotated(context) for node in self]))
                               ~~~~~~~~~~~~~~~~~~~~~^^^^^^^^^
  File "D:\Projects\Current Projects\NDAS - Project\NDAS\venv\Lib\site-packages\django\template\base.py", line 966, in render_annotated
    return self.render(context)
           ~~~~~~~~~~~^^^^^^^^^
  File "D:\Projects\Current Projects\NDAS - Project\NDAS\venv\Lib\site-packages\django\template\loader_tags.py", line 63, in render
    result = block.nodelist.render(context)
  File "D:\Projects\Current Projects\NDAS - Project\NDAS\venv\Lib\site-packages\django\template\base.py", line 1005, in render
    return SafeString("".join([node.render_annotated(context) for node in self]))
                               ~~~~~~~~~~~~~~~~~~~~~^^^^^^^^^
  File "D:\Projects\Current Projects\NDAS - Project\NDAS\venv\Lib\site-packages\django\template\base.py", line 966, in render_annotated
    return self.render(context)
           ~~~~~~~~~~~^^^^^^^^^
  File "D:\Projects\Current Projects\NDAS - Project\NDAS\venv\Lib\site-packages\django\template\defaulttags.py", line 322, in render
    return nodelist.render(context)
           ~~~~~~~~~~~~~~~^^^^^^^^^
  File "D:\Projects\Current Projects\NDAS - Project\NDAS\venv\Lib\site-packages\django\template\base.py", line 1005, in render
    return SafeString("".join([node.render_annotated(context) for node in self]))
                               ~~~~~~~~~~~~~~~~~~~~~^^^^^^^^^
  File "D:\Projects\Current Projects\NDAS - Project\NDAS\venv\Lib\site-packages\django\template\base.py", line 966, in render_annotated
    return self.render(context)
           ~~~~~~~~~~~^^^^^^^^^
  File "D:\Projects\Current Projects\NDAS - Project\NDAS\venv\Lib\site-packages\django\template\defaulttags.py", line 472, in render
    url = reverse(view_name, args=args, kwargs=kwargs, current_app=current_app)
  File "D:\Projects\Current Projects\NDAS - Project\NDAS\venv\Lib\site-packages\django\urls\base.py", line 88, in reverse
    return resolver._reverse_with_prefix(view, prefix, *args, **kwargs)
           ~~~~~~~~~~~~~~~~~~~~~~~~~~~~~^^^^^^^^^^^^^^^^^^^^^^^^^^^^^^^
  File "D:\Projects\Current Projects\NDAS - Project\NDAS\venv\Lib\site-packages\django\urls\resolvers.py", line 828, in _reverse_with_prefix
    raise NoReverseMatch(msg)
django.urls.exceptions.NoReverseMatch: Reverse for 'patient-manager' not found. 'patient-manager' is not a valid view function or pattern name.
ERROR 2025-08-29 14:18:33,727 basehttp 22268 5104 "GET /hine/manager/ HTTP/1.1" 500 234034
INFO 2025-08-29 14:18:37,325 basehttp 22268 5104 "GET /da/manager/ HTTP/1.1" 200 38176
INFO 2025-08-29 14:18:40,241 basehttp 22268 5104 "GET /cdic/manager/ HTTP/1.1" 200 38152
ERROR 2025-08-29 14:18:42,394 log 22268 5104 Internal Server Error: /hine/manager/
Traceback (most recent call last):
  File "D:\Projects\Current Projects\NDAS - Project\NDAS\venv\Lib\site-packages\django\core\handlers\exception.py", line 55, in inner
    response = get_response(request)
  File "D:\Projects\Current Projects\NDAS - Project\NDAS\venv\Lib\site-packages\django\core\handlers\base.py", line 197, in _get_response
    response = wrapped_callback(request, *callback_args, **callback_kwargs)
  File "D:\Projects\Current Projects\NDAS - Project\NDAS\venv\Lib\site-packages\django\contrib\auth\decorators.py", line 23, in _wrapped_view
    return view_func(request, *args, **kwargs)
  File "D:\Projects\Current Projects\NDAS - Project\NDAS\patients\views.py", line 1761, in hine_assessment_manager
    return render(
        request,
        "hine/manager.html",
        {"patient": "", "hine_record_list": hine_record_list},
    )
  File "D:\Projects\Current Projects\NDAS - Project\NDAS\venv\Lib\site-packages\django\shortcuts.py", line 24, in render
    content = loader.render_to_string(template_name, context, request, using=using)
  File "D:\Projects\Current Projects\NDAS - Project\NDAS\venv\Lib\site-packages\django\template\loader.py", line 62, in render_to_string
    return template.render(context, request)
           ~~~~~~~~~~~~~~~^^^^^^^^^^^^^^^^^^
  File "D:\Projects\Current Projects\NDAS - Project\NDAS\venv\Lib\site-packages\django\template\backends\django.py", line 62, in render
    return self.template.render(context)
           ~~~~~~~~~~~~~~~~~~~~^^^^^^^^^
  File "D:\Projects\Current Projects\NDAS - Project\NDAS\venv\Lib\site-packages\django\template\base.py", line 175, in render
    return self._render(context)
           ~~~~~~~~~~~~^^^^^^^^^
  File "D:\Projects\Current Projects\NDAS - Project\NDAS\venv\Lib\site-packages\django\template\base.py", line 167, in _render
    return self.nodelist.render(context)
           ~~~~~~~~~~~~~~~~~~~~^^^^^^^^^
  File "D:\Projects\Current Projects\NDAS - Project\NDAS\venv\Lib\site-packages\django\template\base.py", line 1005, in render
    return SafeString("".join([node.render_annotated(context) for node in self]))
                               ~~~~~~~~~~~~~~~~~~~~~^^^^^^^^^
  File "D:\Projects\Current Projects\NDAS - Project\NDAS\venv\Lib\site-packages\django\template\base.py", line 966, in render_annotated
    return self.render(context)
           ~~~~~~~~~~~^^^^^^^^^
  File "D:\Projects\Current Projects\NDAS - Project\NDAS\venv\Lib\site-packages\django\template\loader_tags.py", line 157, in render
    return compiled_parent._render(context)
           ~~~~~~~~~~~~~~~~~~~~~~~^^^^^^^^^
  File "D:\Projects\Current Projects\NDAS - Project\NDAS\venv\Lib\site-packages\django\template\base.py", line 167, in _render
    return self.nodelist.render(context)
           ~~~~~~~~~~~~~~~~~~~~^^^^^^^^^
  File "D:\Projects\Current Projects\NDAS - Project\NDAS\venv\Lib\site-packages\django\template\base.py", line 1005, in render
    return SafeString("".join([node.render_annotated(context) for node in self]))
                               ~~~~~~~~~~~~~~~~~~~~~^^^^^^^^^
  File "D:\Projects\Current Projects\NDAS - Project\NDAS\venv\Lib\site-packages\django\template\base.py", line 966, in render_annotated
    return self.render(context)
           ~~~~~~~~~~~^^^^^^^^^
  File "D:\Projects\Current Projects\NDAS - Project\NDAS\venv\Lib\site-packages\django\template\loader_tags.py", line 157, in render
    return compiled_parent._render(context)
           ~~~~~~~~~~~~~~~~~~~~~~~^^^^^^^^^
  File "D:\Projects\Current Projects\NDAS - Project\NDAS\venv\Lib\site-packages\django\template\base.py", line 167, in _render
    return self.nodelist.render(context)
           ~~~~~~~~~~~~~~~~~~~~^^^^^^^^^
  File "D:\Projects\Current Projects\NDAS - Project\NDAS\venv\Lib\site-packages\django\template\base.py", line 1005, in render
    return SafeString("".join([node.render_annotated(context) for node in self]))
                               ~~~~~~~~~~~~~~~~~~~~~^^^^^^^^^
  File "D:\Projects\Current Projects\NDAS - Project\NDAS\venv\Lib\site-packages\django\template\base.py", line 966, in render_annotated
    return self.render(context)
           ~~~~~~~~~~~^^^^^^^^^
  File "D:\Projects\Current Projects\NDAS - Project\NDAS\venv\Lib\site-packages\django\template\loader_tags.py", line 63, in render
    result = block.nodelist.render(context)
  File "D:\Projects\Current Projects\NDAS - Project\NDAS\venv\Lib\site-packages\django\template\base.py", line 1005, in render
    return SafeString("".join([node.render_annotated(context) for node in self]))
                               ~~~~~~~~~~~~~~~~~~~~~^^^^^^^^^
  File "D:\Projects\Current Projects\NDAS - Project\NDAS\venv\Lib\site-packages\django\template\base.py", line 966, in render_annotated
    return self.render(context)
           ~~~~~~~~~~~^^^^^^^^^
  File "D:\Projects\Current Projects\NDAS - Project\NDAS\venv\Lib\site-packages\django\template\defaulttags.py", line 322, in render
    return nodelist.render(context)
           ~~~~~~~~~~~~~~~^^^^^^^^^
  File "D:\Projects\Current Projects\NDAS - Project\NDAS\venv\Lib\site-packages\django\template\base.py", line 1005, in render
    return SafeString("".join([node.render_annotated(context) for node in self]))
                               ~~~~~~~~~~~~~~~~~~~~~^^^^^^^^^
  File "D:\Projects\Current Projects\NDAS - Project\NDAS\venv\Lib\site-packages\django\template\base.py", line 966, in render_annotated
    return self.render(context)
           ~~~~~~~~~~~^^^^^^^^^
  File "D:\Projects\Current Projects\NDAS - Project\NDAS\venv\Lib\site-packages\django\template\loader_tags.py", line 63, in render
    result = block.nodelist.render(context)
  File "D:\Projects\Current Projects\NDAS - Project\NDAS\venv\Lib\site-packages\django\template\base.py", line 1005, in render
    return SafeString("".join([node.render_annotated(context) for node in self]))
                               ~~~~~~~~~~~~~~~~~~~~~^^^^^^^^^
  File "D:\Projects\Current Projects\NDAS - Project\NDAS\venv\Lib\site-packages\django\template\base.py", line 966, in render_annotated
    return self.render(context)
           ~~~~~~~~~~~^^^^^^^^^
  File "D:\Projects\Current Projects\NDAS - Project\NDAS\venv\Lib\site-packages\django\template\defaulttags.py", line 322, in render
    return nodelist.render(context)
           ~~~~~~~~~~~~~~~^^^^^^^^^
  File "D:\Projects\Current Projects\NDAS - Project\NDAS\venv\Lib\site-packages\django\template\base.py", line 1005, in render
    return SafeString("".join([node.render_annotated(context) for node in self]))
                               ~~~~~~~~~~~~~~~~~~~~~^^^^^^^^^
  File "D:\Projects\Current Projects\NDAS - Project\NDAS\venv\Lib\site-packages\django\template\base.py", line 966, in render_annotated
    return self.render(context)
           ~~~~~~~~~~~^^^^^^^^^
  File "D:\Projects\Current Projects\NDAS - Project\NDAS\venv\Lib\site-packages\django\template\defaulttags.py", line 472, in render
    url = reverse(view_name, args=args, kwargs=kwargs, current_app=current_app)
  File "D:\Projects\Current Projects\NDAS - Project\NDAS\venv\Lib\site-packages\django\urls\base.py", line 88, in reverse
    return resolver._reverse_with_prefix(view, prefix, *args, **kwargs)
           ~~~~~~~~~~~~~~~~~~~~~~~~~~~~~^^^^^^^^^^^^^^^^^^^^^^^^^^^^^^^
  File "D:\Projects\Current Projects\NDAS - Project\NDAS\venv\Lib\site-packages\django\urls\resolvers.py", line 828, in _reverse_with_prefix
    raise NoReverseMatch(msg)
django.urls.exceptions.NoReverseMatch: Reverse for 'patient-manager' not found. 'patient-manager' is not a valid view function or pattern name.
ERROR 2025-08-29 14:18:42,415 basehttp 22268 5104 "GET /hine/manager/ HTTP/1.1" 500 234028
INFO 2025-08-29 14:29:24,621 basehttp 22268 7024 "GET /cdic/add/4/ HTTP/1.1" 200 51598
INFO 2025-08-29 14:29:26,384 basehttp 22268 7024 "GET /manager/assessment/ HTTP/1.1" 200 46933
ERROR 2025-08-29 14:29:28,446 log 22268 7024 Internal Server Error: /hine/manager/
Traceback (most recent call last):
  File "D:\Projects\Current Projects\NDAS - Project\NDAS\venv\Lib\site-packages\django\core\handlers\exception.py", line 55, in inner
    response = get_response(request)
  File "D:\Projects\Current Projects\NDAS - Project\NDAS\venv\Lib\site-packages\django\core\handlers\base.py", line 197, in _get_response
    response = wrapped_callback(request, *callback_args, **callback_kwargs)
  File "D:\Projects\Current Projects\NDAS - Project\NDAS\venv\Lib\site-packages\django\contrib\auth\decorators.py", line 23, in _wrapped_view
    return view_func(request, *args, **kwargs)
  File "D:\Projects\Current Projects\NDAS - Project\NDAS\patients\views.py", line 1761, in hine_assessment_manager
    return render(
        request,
        "hine/manager.html",
        {"patient": "", "hine_record_list": hine_record_list},
    )
  File "D:\Projects\Current Projects\NDAS - Project\NDAS\venv\Lib\site-packages\django\shortcuts.py", line 24, in render
    content = loader.render_to_string(template_name, context, request, using=using)
  File "D:\Projects\Current Projects\NDAS - Project\NDAS\venv\Lib\site-packages\django\template\loader.py", line 62, in render_to_string
    return template.render(context, request)
           ~~~~~~~~~~~~~~~^^^^^^^^^^^^^^^^^^
  File "D:\Projects\Current Projects\NDAS - Project\NDAS\venv\Lib\site-packages\django\template\backends\django.py", line 62, in render
    return self.template.render(context)
           ~~~~~~~~~~~~~~~~~~~~^^^^^^^^^
  File "D:\Projects\Current Projects\NDAS - Project\NDAS\venv\Lib\site-packages\django\template\base.py", line 175, in render
    return self._render(context)
           ~~~~~~~~~~~~^^^^^^^^^
  File "D:\Projects\Current Projects\NDAS - Project\NDAS\venv\Lib\site-packages\django\template\base.py", line 167, in _render
    return self.nodelist.render(context)
           ~~~~~~~~~~~~~~~~~~~~^^^^^^^^^
  File "D:\Projects\Current Projects\NDAS - Project\NDAS\venv\Lib\site-packages\django\template\base.py", line 1005, in render
    return SafeString("".join([node.render_annotated(context) for node in self]))
                               ~~~~~~~~~~~~~~~~~~~~~^^^^^^^^^
  File "D:\Projects\Current Projects\NDAS - Project\NDAS\venv\Lib\site-packages\django\template\base.py", line 966, in render_annotated
    return self.render(context)
           ~~~~~~~~~~~^^^^^^^^^
  File "D:\Projects\Current Projects\NDAS - Project\NDAS\venv\Lib\site-packages\django\template\loader_tags.py", line 157, in render
    return compiled_parent._render(context)
           ~~~~~~~~~~~~~~~~~~~~~~~^^^^^^^^^
  File "D:\Projects\Current Projects\NDAS - Project\NDAS\venv\Lib\site-packages\django\template\base.py", line 167, in _render
    return self.nodelist.render(context)
           ~~~~~~~~~~~~~~~~~~~~^^^^^^^^^
  File "D:\Projects\Current Projects\NDAS - Project\NDAS\venv\Lib\site-packages\django\template\base.py", line 1005, in render
    return SafeString("".join([node.render_annotated(context) for node in self]))
                               ~~~~~~~~~~~~~~~~~~~~~^^^^^^^^^
  File "D:\Projects\Current Projects\NDAS - Project\NDAS\venv\Lib\site-packages\django\template\base.py", line 966, in render_annotated
    return self.render(context)
           ~~~~~~~~~~~^^^^^^^^^
  File "D:\Projects\Current Projects\NDAS - Project\NDAS\venv\Lib\site-packages\django\template\loader_tags.py", line 157, in render
    return compiled_parent._render(context)
           ~~~~~~~~~~~~~~~~~~~~~~~^^^^^^^^^
  File "D:\Projects\Current Projects\NDAS - Project\NDAS\venv\Lib\site-packages\django\template\base.py", line 167, in _render
    return self.nodelist.render(context)
           ~~~~~~~~~~~~~~~~~~~~^^^^^^^^^
  File "D:\Projects\Current Projects\NDAS - Project\NDAS\venv\Lib\site-packages\django\template\base.py", line 1005, in render
    return SafeString("".join([node.render_annotated(context) for node in self]))
                               ~~~~~~~~~~~~~~~~~~~~~^^^^^^^^^
  File "D:\Projects\Current Projects\NDAS - Project\NDAS\venv\Lib\site-packages\django\template\base.py", line 966, in render_annotated
    return self.render(context)
           ~~~~~~~~~~~^^^^^^^^^
  File "D:\Projects\Current Projects\NDAS - Project\NDAS\venv\Lib\site-packages\django\template\loader_tags.py", line 63, in render
    result = block.nodelist.render(context)
  File "D:\Projects\Current Projects\NDAS - Project\NDAS\venv\Lib\site-packages\django\template\base.py", line 1005, in render
    return SafeString("".join([node.render_annotated(context) for node in self]))
                               ~~~~~~~~~~~~~~~~~~~~~^^^^^^^^^
  File "D:\Projects\Current Projects\NDAS - Project\NDAS\venv\Lib\site-packages\django\template\base.py", line 966, in render_annotated
    return self.render(context)
           ~~~~~~~~~~~^^^^^^^^^
  File "D:\Projects\Current Projects\NDAS - Project\NDAS\venv\Lib\site-packages\django\template\defaulttags.py", line 322, in render
    return nodelist.render(context)
           ~~~~~~~~~~~~~~~^^^^^^^^^
  File "D:\Projects\Current Projects\NDAS - Project\NDAS\venv\Lib\site-packages\django\template\base.py", line 1005, in render
    return SafeString("".join([node.render_annotated(context) for node in self]))
                               ~~~~~~~~~~~~~~~~~~~~~^^^^^^^^^
  File "D:\Projects\Current Projects\NDAS - Project\NDAS\venv\Lib\site-packages\django\template\base.py", line 966, in render_annotated
    return self.render(context)
           ~~~~~~~~~~~^^^^^^^^^
  File "D:\Projects\Current Projects\NDAS - Project\NDAS\venv\Lib\site-packages\django\template\loader_tags.py", line 63, in render
    result = block.nodelist.render(context)
  File "D:\Projects\Current Projects\NDAS - Project\NDAS\venv\Lib\site-packages\django\template\base.py", line 1005, in render
    return SafeString("".join([node.render_annotated(context) for node in self]))
                               ~~~~~~~~~~~~~~~~~~~~~^^^^^^^^^
  File "D:\Projects\Current Projects\NDAS - Project\NDAS\venv\Lib\site-packages\django\template\base.py", line 966, in render_annotated
    return self.render(context)
           ~~~~~~~~~~~^^^^^^^^^
  File "D:\Projects\Current Projects\NDAS - Project\NDAS\venv\Lib\site-packages\django\template\defaulttags.py", line 322, in render
    return nodelist.render(context)
           ~~~~~~~~~~~~~~~^^^^^^^^^
  File "D:\Projects\Current Projects\NDAS - Project\NDAS\venv\Lib\site-packages\django\template\base.py", line 1005, in render
    return SafeString("".join([node.render_annotated(context) for node in self]))
                               ~~~~~~~~~~~~~~~~~~~~~^^^^^^^^^
  File "D:\Projects\Current Projects\NDAS - Project\NDAS\venv\Lib\site-packages\django\template\base.py", line 966, in render_annotated
    return self.render(context)
           ~~~~~~~~~~~^^^^^^^^^
  File "D:\Projects\Current Projects\NDAS - Project\NDAS\venv\Lib\site-packages\django\template\defaulttags.py", line 472, in render
    url = reverse(view_name, args=args, kwargs=kwargs, current_app=current_app)
  File "D:\Projects\Current Projects\NDAS - Project\NDAS\venv\Lib\site-packages\django\urls\base.py", line 88, in reverse
    return resolver._reverse_with_prefix(view, prefix, *args, **kwargs)
           ~~~~~~~~~~~~~~~~~~~~~~~~~~~~~^^^^^^^^^^^^^^^^^^^^^^^^^^^^^^^
  File "D:\Projects\Current Projects\NDAS - Project\NDAS\venv\Lib\site-packages\django\urls\resolvers.py", line 828, in _reverse_with_prefix
    raise NoReverseMatch(msg)
django.urls.exceptions.NoReverseMatch: Reverse for 'patient-manager' not found. 'patient-manager' is not a valid view function or pattern name.
ERROR 2025-08-29 14:29:28,474 basehttp 22268 7024 "GET /hine/manager/ HTTP/1.1" 500 234034
INFO 2025-08-29 14:30:38,290 basehttp 22268 7024 "GET /admin/ HTTP/1.1" 200 10512
INFO 2025-08-29 14:30:38,395 basehttp 22268 7024 "GET /static/admin/css/base.css HTTP/1.1" 304 0
INFO 2025-08-29 14:30:38,406 basehttp 22268 18936 "GET /static/admin/css/nav_sidebar.css HTTP/1.1" 304 0
INFO 2025-08-29 14:30:38,407 basehttp 22268 2896 "GET /static/admin/css/dark_mode.css HTTP/1.1" 304 0
INFO 2025-08-29 14:30:38,407 basehttp 22268 7172 "GET /static/admin/css/responsive.css HTTP/1.1" 304 0
INFO 2025-08-29 14:30:38,410 basehttp 22268 7024 "GET /static/admin/css/fonts.css HTTP/1.1" 304 0
INFO 2025-08-29 14:30:38,415 basehttp 22268 12456 "GET /static/admin/js/nav_sidebar.js HTTP/1.1" 304 0
INFO 2025-08-29 14:30:38,451 basehttp 22268 3152 "GET /static/admin/css/dashboard.css HTTP/1.1" 200 380
INFO 2025-08-29 14:30:38,492 basehttp 22268 7024 "GET /static/admin/img/icon-addlink.svg HTTP/1.1" 304 0
INFO 2025-08-29 14:30:38,497 basehttp 22268 3152 "GET /static/admin/img/icon-changelink.svg HTTP/1.1" 200 380
INFO 2025-08-29 14:30:38,498 basehttp 22268 12456 "GET /static/admin/img/icon-viewlink.svg HTTP/1.1" 200 581
INFO 2025-08-29 14:30:38,516 basehttp 22268 18936 "GET /static/admin/fonts/Roboto-Regular-webfont.woff HTTP/1.1" 304 0
INFO 2025-08-29 14:30:38,516 basehttp 22268 7172 "GET /static/admin/fonts/Roboto-Bold-webfont.woff HTTP/1.1" 304 0
INFO 2025-08-29 14:30:38,516 basehttp 22268 2896 "GET /static/admin/fonts/Roboto-Light-webfont.woff HTTP/1.1" 304 0
INFO 2025-08-29 14:30:41,318 basehttp 22268 2896 "GET /admin/patients/hineassessment/ HTTP/1.1" 200 9954
INFO 2025-08-29 14:30:41,359 basehttp 22268 12456 "GET /static/admin/js/jquery.init.js HTTP/1.1" 304 0
INFO 2025-08-29 14:30:41,359 basehttp 22268 7024 "GET /static/admin/js/admin/RelatedObjectLookups.js HTTP/1.1" 304 0
INFO 2025-08-29 14:30:41,360 basehttp 22268 2896 "GET /static/admin/css/changelists.css HTTP/1.1" 304 0
INFO 2025-08-29 14:30:41,360 basehttp 22268 18936 "GET /static/admin/js/vendor/jquery/jquery.js HTTP/1.1" 304 0
INFO 2025-08-29 14:30:41,362 basehttp 22268 3152 "GET /static/admin/js/core.js HTTP/1.1" 304 0
INFO 2025-08-29 14:30:41,376 basehttp 22268 12456 "GET /static/admin/js/urlify.js HTTP/1.1" 304 0
INFO 2025-08-29 14:30:41,377 basehttp 22268 2896 "GET /static/admin/js/prepopulate.js HTTP/1.1" 304 0
INFO 2025-08-29 14:30:41,382 basehttp 22268 18936 "GET /static/admin/js/vendor/xregexp/xregexp.js HTTP/1.1" 304 0
INFO 2025-08-29 14:30:41,386 basehttp 22268 7024 "GET /static/admin/js/actions.js HTTP/1.1" 304 0
INFO 2025-08-29 14:30:41,414 basehttp 22268 7024 "GET /static/admin/js/filters.js HTTP/1.1" 304 0
INFO 2025-08-29 14:30:41,539 basehttp 22268 7172 "GET /admin/jsi18n/ HTTP/1.1" 200 3343
INFO 2025-08-29 14:30:41,597 basehttp 22268 7172 "GET /static/admin/img/tooltag-add.svg HTTP/1.1" 304 0
INFO 2025-08-29 14:30:43,174 basehttp 22268 7172 "GET /admin/patients/hineassessment/add/ HTTP/1.1" 200 16993
INFO 2025-08-29 14:30:43,215 basehttp 22268 12456 "GET /static/admin/js/prepopulate_init.js HTTP/1.1" 200 586
INFO 2025-08-29 14:30:43,222 basehttp 22268 7024 "GET /static/admin/js/calendar.js HTTP/1.1" 200 8466
INFO 2025-08-29 14:30:43,233 basehttp 22268 7172 "GET /static/admin/css/forms.css HTTP/1.1" 200 8944
INFO 2025-08-29 14:30:43,245 basehttp 22268 2896 "GET /static/admin/js/admin/DateTimeShortcuts.js HTTP/1.1" 200 19379
INFO 2025-08-29 14:30:43,291 basehttp 22268 7172 "GET /static/admin/css/widgets.css HTTP/1.1" 200 11297
INFO 2025-08-29 14:30:43,300 basehttp 22268 7172 "GET /static/admin/img/icon-deletelink.svg HTTP/1.1" 200 392
INFO 2025-08-29 14:30:43,308 basehttp 22268 7172 "GET /static/admin/js/change_form.js HTTP/1.1" 200 606
INFO 2025-08-29 14:30:43,377 basehttp 22268 18936 "GET /admin/jsi18n/ HTTP/1.1" 200 3343
INFO 2025-08-29 14:30:43,457 basehttp 22268 7172 "GET /static/admin/img/icon-clock.svg HTTP/1.1" 200 677
INFO 2025-08-29 14:30:43,458 basehttp 22268 18936 "GET /static/admin/img/icon-calendar.svg HTTP/1.1" 200 1086
INFO 2025-08-29 14:31:08,192 basehttp 22268 18936 "POST /admin/patients/hineassessment/add/ HTTP/1.1" 302 0
INFO 2025-08-29 14:31:08,425 basehttp 22268 18936 "GET /admin/patients/hineassessment/ HTTP/1.1" 200 13111
INFO 2025-08-29 14:31:08,600 basehttp 22268 18936 "GET /admin/jsi18n/ HTTP/1.1" 200 3343
INFO 2025-08-29 14:31:08,620 basehttp 22268 18936 "GET /static/admin/img/icon-yes.svg HTTP/1.1" 200 436
INFO 2025-08-29 14:31:46,445 basehttp 22268 18936 "GET /hine/manager/ HTTP/1.1" 200 52431
INFO 2025-08-29 14:32:00,888 basehttp 22268 18936 "GET /manager/patient/ HTTP/1.1" 200 70351
ERROR 2025-08-29 14:32:38,559 log 22268 18936 Internal Server Error: /da/manager/
Traceback (most recent call last):
  File "D:\Projects\Current Projects\NDAS - Project\NDAS\venv\Lib\site-packages\django\core\handlers\exception.py", line 55, in inner
    response = get_response(request)
  File "D:\Projects\Current Projects\NDAS - Project\NDAS\venv\Lib\site-packages\django\core\handlers\base.py", line 197, in _get_response
    response = wrapped_callback(request, *callback_args, **callback_kwargs)
  File "D:\Projects\Current Projects\NDAS - Project\NDAS\venv\Lib\site-packages\django\contrib\auth\decorators.py", line 23, in _wrapped_view
    return view_func(request, *args, **kwargs)
  File "D:\Projects\Current Projects\NDAS - Project\NDAS\patients\views.py", line 1905, in da_assessment_manager
    return render(
        request,
        "develop_assemnt/manager.html",
        {"patient": "", "da_record_list": da_record_list},
    )
  File "D:\Projects\Current Projects\NDAS - Project\NDAS\venv\Lib\site-packages\django\shortcuts.py", line 24, in render
    content = loader.render_to_string(template_name, context, request, using=using)
  File "D:\Projects\Current Projects\NDAS - Project\NDAS\venv\Lib\site-packages\django\template\loader.py", line 61, in render_to_string
    template = get_template(template_name, using=using)
  File "D:\Projects\Current Projects\NDAS - Project\NDAS\venv\Lib\site-packages\django\template\loader.py", line 15, in get_template
    return engine.get_template(template_name)
           ~~~~~~~~~~~~~~~~~~~^^^^^^^^^^^^^^^
  File "D:\Projects\Current Projects\NDAS - Project\NDAS\venv\Lib\site-packages\django\template\backends\django.py", line 34, in get_template
    return Template(self.engine.get_template(template_name), self)
                    ~~~~~~~~~~~~~~~~~~~~~~~~^^^^^^^^^^^^^^^
  File "D:\Projects\Current Projects\NDAS - Project\NDAS\venv\Lib\site-packages\django\template\engine.py", line 175, in get_template
    template, origin = self.find_template(template_name)
                       ~~~~~~~~~~~~~~~~~~^^^^^^^^^^^^^^^
  File "D:\Projects\Current Projects\NDAS - Project\NDAS\venv\Lib\site-packages\django\template\engine.py", line 157, in find_template
    template = loader.get_template(name, skip=skip)
  File "D:\Projects\Current Projects\NDAS - Project\NDAS\venv\Lib\site-packages\django\template\loaders\cached.py", line 57, in get_template
    template = super().get_template(template_name, skip)
  File "D:\Projects\Current Projects\NDAS - Project\NDAS\venv\Lib\site-packages\django\template\loaders\base.py", line 28, in get_template
    return Template(
        contents,
    ...<2 lines>...
        self.engine,
    )
  File "D:\Projects\Current Projects\NDAS - Project\NDAS\venv\Lib\site-packages\django\template\base.py", line 154, in __init__
    self.nodelist = self.compile_nodelist()
                    ~~~~~~~~~~~~~~~~~~~~~^^
  File "D:\Projects\Current Projects\NDAS - Project\NDAS\venv\Lib\site-packages\django\template\base.py", line 200, in compile_nodelist
    return parser.parse()
           ~~~~~~~~~~~~^^
  File "D:\Projects\Current Projects\NDAS - Project\NDAS\venv\Lib\site-packages\django\template\base.py", line 513, in parse
    raise self.error(token, e)
  File "D:\Projects\Current Projects\NDAS - Project\NDAS\venv\Lib\site-packages\django\template\base.py", line 511, in parse
    compiled_result = compile_func(self, token)
  File "D:\Projects\Current Projects\NDAS - Project\NDAS\venv\Lib\site-packages\django\template\loader_tags.py", line 293, in do_extends
    nodelist = parser.parse()
  File "D:\Projects\Current Projects\NDAS - Project\NDAS\venv\Lib\site-packages\django\template\base.py", line 513, in parse
    raise self.error(token, e)
  File "D:\Projects\Current Projects\NDAS - Project\NDAS\venv\Lib\site-packages\django\template\base.py", line 511, in parse
    compiled_result = compile_func(self, token)
  File "D:\Projects\Current Projects\NDAS - Project\NDAS\venv\Lib\site-packages\django\template\loader_tags.py", line 232, in do_block
    nodelist = parser.parse(("endblock",))
  File "D:\Projects\Current Projects\NDAS - Project\NDAS\venv\Lib\site-packages\django\template\base.py", line 513, in parse
    raise self.error(token, e)
  File "D:\Projects\Current Projects\NDAS - Project\NDAS\venv\Lib\site-packages\django\template\base.py", line 511, in parse
    compiled_result = compile_func(self, token)
  File "D:\Projects\Current Projects\NDAS - Project\NDAS\venv\Lib\site-packages\django\template\defaulttags.py", line 954, in do_if
    nodelist = parser.parse(("elif", "else", "endif"))
  File "D:\Projects\Current Projects\NDAS - Project\NDAS\venv\Lib\site-packages\django\template\base.py", line 513, in parse
    raise self.error(token, e)
  File "D:\Projects\Current Projects\NDAS - Project\NDAS\venv\Lib\site-packages\django\template\base.py", line 511, in parse
    compiled_result = compile_func(self, token)
  File "D:\Projects\Current Projects\NDAS - Project\NDAS\venv\Lib\site-packages\django\template\defaulttags.py", line 854, in do_for
    nodelist_loop = parser.parse(
        (
    ...<2 lines>...
        )
    )
  File "D:\Projects\Current Projects\NDAS - Project\NDAS\venv\Lib\site-packages\django\template\base.py", line 513, in parse
    raise self.error(token, e)
  File "D:\Projects\Current Projects\NDAS - Project\NDAS\venv\Lib\site-packages\django\template\base.py", line 511, in parse
    compiled_result = compile_func(self, token)
  File "D:\Projects\Current Projects\NDAS - Project\NDAS\venv\Lib\site-packages\django\template\defaulttags.py", line 1492, in do_with
    nodelist = parser.parse(("endwith",))
  File "D:\Projects\Current Projects\NDAS - Project\NDAS\venv\Lib\site-packages\django\template\base.py", line 513, in parse
    raise self.error(token, e)
  File "D:\Projects\Current Projects\NDAS - Project\NDAS\venv\Lib\site-packages\django\template\base.py", line 511, in parse
    compiled_result = compile_func(self, token)
  File "D:\Projects\Current Projects\NDAS - Project\NDAS\venv\Lib\site-packages\django\template\defaulttags.py", line 962, in do_if
    nodelist = parser.parse(("elif", "else", "endif"))
  File "D:\Projects\Current Projects\NDAS - Project\NDAS\venv\Lib\site-packages\django\template\base.py", line 484, in parse
    raise self.error(token, e)
  File "D:\Projects\Current Projects\NDAS - Project\NDAS\venv\Lib\site-packages\django\template\base.py", line 482, in parse
    filter_expression = self.compile_filter(token.contents)
  File "D:\Projects\Current Projects\NDAS - Project\NDAS\venv\Lib\site-packages\django\template\base.py", line 600, in compile_filter
    return FilterExpression(token, self)
  File "D:\Projects\Current Projects\NDAS - Project\NDAS\venv\Lib\site-packages\django\template\base.py", line 698, in __init__
    filter_func = parser.find_filter(filter_name)
  File "D:\Projects\Current Projects\NDAS - Project\NDAS\venv\Lib\site-packages\django\template\base.py", line 606, in find_filter
    raise TemplateSyntaxError("Invalid filter: '%s'" % filter_name)
django.template.exceptions.TemplateSyntaxError: Invalid filter: 'div'
ERROR 2025-08-29 14:32:38,588 basehttp 22268 18936 "GET /da/manager/ HTTP/1.1" 500 436155
INFO 2025-08-29 14:32:41,891 basehttp 22268 18936 "GET /cdic/manager/ HTTP/1.1" 200 50730
INFO 2025-08-29 14:33:07,443 basehttp 22268 18936 "GET /cdic/manager/?search_patient=&date_range=today&follow_up_status=pending&created_by= HTTP/1.1" 200 50768
INFO 2025-08-29 14:33:16,643 basehttp 22268 18936 "GET /cdic/manager/ HTTP/1.1" 200 50730
ERROR 2025-08-29 14:33:24,358 log 22268 18936 Internal Server Error: /da/manager/
Traceback (most recent call last):
  File "D:\Projects\Current Projects\NDAS - Project\NDAS\venv\Lib\site-packages\django\core\handlers\exception.py", line 55, in inner
    response = get_response(request)
  File "D:\Projects\Current Projects\NDAS - Project\NDAS\venv\Lib\site-packages\django\core\handlers\base.py", line 197, in _get_response
    response = wrapped_callback(request, *callback_args, **callback_kwargs)
  File "D:\Projects\Current Projects\NDAS - Project\NDAS\venv\Lib\site-packages\django\contrib\auth\decorators.py", line 23, in _wrapped_view
    return view_func(request, *args, **kwargs)
  File "D:\Projects\Current Projects\NDAS - Project\NDAS\patients\views.py", line 1905, in da_assessment_manager
    return render(
        request,
        "develop_assemnt/manager.html",
        {"patient": "", "da_record_list": da_record_list},
    )
  File "D:\Projects\Current Projects\NDAS - Project\NDAS\venv\Lib\site-packages\django\shortcuts.py", line 24, in render
    content = loader.render_to_string(template_name, context, request, using=using)
  File "D:\Projects\Current Projects\NDAS - Project\NDAS\venv\Lib\site-packages\django\template\loader.py", line 61, in render_to_string
    template = get_template(template_name, using=using)
  File "D:\Projects\Current Projects\NDAS - Project\NDAS\venv\Lib\site-packages\django\template\loader.py", line 15, in get_template
    return engine.get_template(template_name)
           ~~~~~~~~~~~~~~~~~~~^^^^^^^^^^^^^^^
  File "D:\Projects\Current Projects\NDAS - Project\NDAS\venv\Lib\site-packages\django\template\backends\django.py", line 34, in get_template
    return Template(self.engine.get_template(template_name), self)
                    ~~~~~~~~~~~~~~~~~~~~~~~~^^^^^^^^^^^^^^^
  File "D:\Projects\Current Projects\NDAS - Project\NDAS\venv\Lib\site-packages\django\template\engine.py", line 175, in get_template
    template, origin = self.find_template(template_name)
                       ~~~~~~~~~~~~~~~~~~^^^^^^^^^^^^^^^
  File "D:\Projects\Current Projects\NDAS - Project\NDAS\venv\Lib\site-packages\django\template\engine.py", line 157, in find_template
    template = loader.get_template(name, skip=skip)
  File "D:\Projects\Current Projects\NDAS - Project\NDAS\venv\Lib\site-packages\django\template\loaders\cached.py", line 57, in get_template
    template = super().get_template(template_name, skip)
  File "D:\Projects\Current Projects\NDAS - Project\NDAS\venv\Lib\site-packages\django\template\loaders\base.py", line 28, in get_template
    return Template(
        contents,
    ...<2 lines>...
        self.engine,
    )
  File "D:\Projects\Current Projects\NDAS - Project\NDAS\venv\Lib\site-packages\django\template\base.py", line 154, in __init__
    self.nodelist = self.compile_nodelist()
                    ~~~~~~~~~~~~~~~~~~~~~^^
  File "D:\Projects\Current Projects\NDAS - Project\NDAS\venv\Lib\site-packages\django\template\base.py", line 200, in compile_nodelist
    return parser.parse()
           ~~~~~~~~~~~~^^
  File "D:\Projects\Current Projects\NDAS - Project\NDAS\venv\Lib\site-packages\django\template\base.py", line 513, in parse
    raise self.error(token, e)
  File "D:\Projects\Current Projects\NDAS - Project\NDAS\venv\Lib\site-packages\django\template\base.py", line 511, in parse
    compiled_result = compile_func(self, token)
  File "D:\Projects\Current Projects\NDAS - Project\NDAS\venv\Lib\site-packages\django\template\loader_tags.py", line 293, in do_extends
    nodelist = parser.parse()
  File "D:\Projects\Current Projects\NDAS - Project\NDAS\venv\Lib\site-packages\django\template\base.py", line 513, in parse
    raise self.error(token, e)
  File "D:\Projects\Current Projects\NDAS - Project\NDAS\venv\Lib\site-packages\django\template\base.py", line 511, in parse
    compiled_result = compile_func(self, token)
  File "D:\Projects\Current Projects\NDAS - Project\NDAS\venv\Lib\site-packages\django\template\loader_tags.py", line 232, in do_block
    nodelist = parser.parse(("endblock",))
  File "D:\Projects\Current Projects\NDAS - Project\NDAS\venv\Lib\site-packages\django\template\base.py", line 513, in parse
    raise self.error(token, e)
  File "D:\Projects\Current Projects\NDAS - Project\NDAS\venv\Lib\site-packages\django\template\base.py", line 511, in parse
    compiled_result = compile_func(self, token)
  File "D:\Projects\Current Projects\NDAS - Project\NDAS\venv\Lib\site-packages\django\template\defaulttags.py", line 954, in do_if
    nodelist = parser.parse(("elif", "else", "endif"))
  File "D:\Projects\Current Projects\NDAS - Project\NDAS\venv\Lib\site-packages\django\template\base.py", line 513, in parse
    raise self.error(token, e)
  File "D:\Projects\Current Projects\NDAS - Project\NDAS\venv\Lib\site-packages\django\template\base.py", line 511, in parse
    compiled_result = compile_func(self, token)
  File "D:\Projects\Current Projects\NDAS - Project\NDAS\venv\Lib\site-packages\django\template\defaulttags.py", line 854, in do_for
    nodelist_loop = parser.parse(
        (
    ...<2 lines>...
        )
    )
  File "D:\Projects\Current Projects\NDAS - Project\NDAS\venv\Lib\site-packages\django\template\base.py", line 513, in parse
    raise self.error(token, e)
  File "D:\Projects\Current Projects\NDAS - Project\NDAS\venv\Lib\site-packages\django\template\base.py", line 511, in parse
    compiled_result = compile_func(self, token)
  File "D:\Projects\Current Projects\NDAS - Project\NDAS\venv\Lib\site-packages\django\template\defaulttags.py", line 1492, in do_with
    nodelist = parser.parse(("endwith",))
  File "D:\Projects\Current Projects\NDAS - Project\NDAS\venv\Lib\site-packages\django\template\base.py", line 513, in parse
    raise self.error(token, e)
  File "D:\Projects\Current Projects\NDAS - Project\NDAS\venv\Lib\site-packages\django\template\base.py", line 511, in parse
    compiled_result = compile_func(self, token)
  File "D:\Projects\Current Projects\NDAS - Project\NDAS\venv\Lib\site-packages\django\template\defaulttags.py", line 962, in do_if
    nodelist = parser.parse(("elif", "else", "endif"))
  File "D:\Projects\Current Projects\NDAS - Project\NDAS\venv\Lib\site-packages\django\template\base.py", line 484, in parse
    raise self.error(token, e)
  File "D:\Projects\Current Projects\NDAS - Project\NDAS\venv\Lib\site-packages\django\template\base.py", line 482, in parse
    filter_expression = self.compile_filter(token.contents)
  File "D:\Projects\Current Projects\NDAS - Project\NDAS\venv\Lib\site-packages\django\template\base.py", line 600, in compile_filter
    return FilterExpression(token, self)
  File "D:\Projects\Current Projects\NDAS - Project\NDAS\venv\Lib\site-packages\django\template\base.py", line 698, in __init__
    filter_func = parser.find_filter(filter_name)
  File "D:\Projects\Current Projects\NDAS - Project\NDAS\venv\Lib\site-packages\django\template\base.py", line 606, in find_filter
    raise TemplateSyntaxError("Invalid filter: '%s'" % filter_name)
django.template.exceptions.TemplateSyntaxError: Invalid filter: 'div'
ERROR 2025-08-29 14:33:24,396 basehttp 22268 18936 "GET /da/manager/ HTTP/1.1" 500 436155
INFO 2025-08-29 14:35:47,901 autoreload 22268 20192 D:\Projects\Current Projects\NDAS - Project\NDAS\patients\views.py changed, reloading.
INFO 2025-08-29 14:35:51,172 autoreload 18480 14000 Watching for file changes with StatReloader
INFO 2025-08-29 14:36:21,134 autoreload 18480 14000 D:\Projects\Current Projects\NDAS - Project\NDAS\patients\views.py changed, reloading.
INFO 2025-08-29 14:36:21,909 autoreload 6560 17692 Watching for file changes with StatReloader
INFO 2025-08-29 14:36:32,841 autoreload 6560 17692 D:\Projects\Current Projects\NDAS - Project\NDAS\patients\views.py changed, reloading.
INFO 2025-08-29 14:36:33,599 autoreload 16036 13188 Watching for file changes with StatReloader
INFO 2025-08-29 14:40:58,227 basehttp 16036 16196 "GET /da/manager/ HTTP/1.1" 302 0
INFO 2025-08-29 14:40:59,046 basehttp 16036 16196 "GET /users/login/?next=/da/manager/ HTTP/1.1" 200 23381
INFO 2025-08-29 14:41:01,841 basehttp 16036 16196 "POST /users/login/ HTTP/1.1" 302 0
INFO 2025-08-29 14:41:02,055 basehttp 16036 16196 "GET / HTTP/1.1" 200 50865
INFO 2025-08-29 14:41:06,383 basehttp 16036 16196 "GET /manager/assessment/ HTTP/1.1" 200 46933
INFO 2025-08-29 14:41:08,221 basehttp 16036 16196 "GET /hine/manager/ HTTP/1.1" 200 52431
ERROR 2025-08-29 14:41:14,770 log 16036 16196 Internal Server Error: /da/manager/
Traceback (most recent call last):
  File "D:\Projects\Current Projects\NDAS - Project\NDAS\patients\views.py", line 2352, in da_assessment_manager
    'normal': var_da_list.filter(isNormal=True).count(),
              ~~~~~~~~~~~~~~~~~~^^^^^^^^^^^^^^^
  File "D:\Projects\Current Projects\NDAS - Project\NDAS\venv\Lib\site-packages\django\db\models\query.py", line 1421, in filter
    return self._filter_or_exclude(False, args, kwargs)
           ~~~~~~~~~~~~~~~~~~~~~~~^^^^^^^^^^^^^^^^^^^^^
  File "D:\Projects\Current Projects\NDAS - Project\NDAS\venv\Lib\site-packages\django\db\models\query.py", line 1439, in _filter_or_exclude
    clone._filter_or_exclude_inplace(negate, args, kwargs)
    ~~~~~~~~~~~~~~~~~~~~~~~~~~~~~~~~^^^^^^^^^^^^^^^^^^^^^^
  File "D:\Projects\Current Projects\NDAS - Project\NDAS\venv\Lib\site-packages\django\db\models\query.py", line 1446, in _filter_or_exclude_inplace
    self._query.add_q(Q(*args, **kwargs))
    ~~~~~~~~~~~~~~~~~^^^^^^^^^^^^^^^^^^^^
  File "D:\Projects\Current Projects\NDAS - Project\NDAS\venv\Lib\site-packages\django\db\models\sql\query.py", line 1532, in add_q
    clause, _ = self._add_q(q_object, self.used_aliases)
                ~~~~~~~~~~~^^^^^^^^^^^^^^^^^^^^^^^^^^^^^
  File "D:\Projects\Current Projects\NDAS - Project\NDAS\venv\Lib\site-packages\django\db\models\sql\query.py", line 1562, in _add_q
    child_clause, needed_inner = self.build_filter(
                                 ~~~~~~~~~~~~~~~~~^
        child,
        ^^^^^^
    ...<5 lines>...
        check_filterable=check_filterable,
        ^^^^^^^^^^^^^^^^^^^^^^^^^^^^^^^^^^
    )
    ^
  File "D:\Projects\Current Projects\NDAS - Project\NDAS\venv\Lib\site-packages\django\db\models\sql\query.py", line 1407, in build_filter
    lookups, parts, reffed_expression = self.solve_lookup_type(arg)
                                        ~~~~~~~~~~~~~~~~~~~~~~^^^^^
  File "D:\Projects\Current Projects\NDAS - Project\NDAS\venv\Lib\site-packages\django\db\models\sql\query.py", line 1217, in solve_lookup_type
    _, field, _, lookup_parts = self.names_to_path(lookup_splitted, self.get_meta())
                                ~~~~~~~~~~~~~~~~~~^^^^^^^^^^^^^^^^^^^^^^^^^^^^^^^^^^
  File "D:\Projects\Current Projects\NDAS - Project\NDAS\venv\Lib\site-packages\django\db\models\sql\query.py", line 1709, in names_to_path
    raise FieldError(
    ...<2 lines>...
    )
django.core.exceptions.FieldError: Cannot resolve keyword 'isNormal' into field. Choices are: added_by, added_by_id, assessment_done_by, comment, created_at, date_of_assessment, fmv_age_from, fmv_age_to, fmv_details, gm_age_from, gm_age_to, gm_details, hsl_age_from, hsl_age_to, hsl_details, id, is_dx_normal, last_edit_by, last_edit_by_id, patient, patient_id, seb_age_from, seb_age_to, seb_details, updated_at

During handling of the above exception, another exception occurred:

Traceback (most recent call last):
  File "D:\Projects\Current Projects\NDAS - Project\NDAS\venv\Lib\site-packages\django\core\handlers\exception.py", line 55, in inner
    response = get_response(request)
  File "D:\Projects\Current Projects\NDAS - Project\NDAS\venv\Lib\site-packages\django\core\handlers\base.py", line 197, in _get_response
    response = wrapped_callback(request, *callback_args, **callback_kwargs)
  File "D:\Projects\Current Projects\NDAS - Project\NDAS\venv\Lib\site-packages\django\contrib\auth\decorators.py", line 23, in _wrapped_view
    return view_func(request, *args, **kwargs)
  File "D:\Projects\Current Projects\NDAS - Project\NDAS\patients\views.py", line 2374, in da_assessment_manager
    return render(request, "develop_assemnt/manager.html", {
        "patient": None,
        "da_record_list": None,
        "da_stats": {'total': 0, 'normal': 0, 'delayed': 0, 'this_month': 0},
    })
  File "D:\Projects\Current Projects\NDAS - Project\NDAS\venv\Lib\site-packages\django\shortcuts.py", line 24, in render
    content = loader.render_to_string(template_name, context, request, using=using)
  File "D:\Projects\Current Projects\NDAS - Project\NDAS\venv\Lib\site-packages\django\template\loader.py", line 61, in render_to_string
    template = get_template(template_name, using=using)
  File "D:\Projects\Current Projects\NDAS - Project\NDAS\venv\Lib\site-packages\django\template\loader.py", line 15, in get_template
    return engine.get_template(template_name)
           ~~~~~~~~~~~~~~~~~~~^^^^^^^^^^^^^^^
  File "D:\Projects\Current Projects\NDAS - Project\NDAS\venv\Lib\site-packages\django\template\backends\django.py", line 34, in get_template
    return Template(self.engine.get_template(template_name), self)
                    ~~~~~~~~~~~~~~~~~~~~~~~~^^^^^^^^^^^^^^^
  File "D:\Projects\Current Projects\NDAS - Project\NDAS\venv\Lib\site-packages\django\template\engine.py", line 175, in get_template
    template, origin = self.find_template(template_name)
                       ~~~~~~~~~~~~~~~~~~^^^^^^^^^^^^^^^
  File "D:\Projects\Current Projects\NDAS - Project\NDAS\venv\Lib\site-packages\django\template\engine.py", line 157, in find_template
    template = loader.get_template(name, skip=skip)
  File "D:\Projects\Current Projects\NDAS - Project\NDAS\venv\Lib\site-packages\django\template\loaders\cached.py", line 57, in get_template
    template = super().get_template(template_name, skip)
  File "D:\Projects\Current Projects\NDAS - Project\NDAS\venv\Lib\site-packages\django\template\loaders\base.py", line 28, in get_template
    return Template(
        contents,
    ...<2 lines>...
        self.engine,
    )
  File "D:\Projects\Current Projects\NDAS - Project\NDAS\venv\Lib\site-packages\django\template\base.py", line 154, in __init__
    self.nodelist = self.compile_nodelist()
                    ~~~~~~~~~~~~~~~~~~~~~^^
  File "D:\Projects\Current Projects\NDAS - Project\NDAS\venv\Lib\site-packages\django\template\base.py", line 200, in compile_nodelist
    return parser.parse()
           ~~~~~~~~~~~~^^
  File "D:\Projects\Current Projects\NDAS - Project\NDAS\venv\Lib\site-packages\django\template\base.py", line 513, in parse
    raise self.error(token, e)
  File "D:\Projects\Current Projects\NDAS - Project\NDAS\venv\Lib\site-packages\django\template\base.py", line 511, in parse
    compiled_result = compile_func(self, token)
  File "D:\Projects\Current Projects\NDAS - Project\NDAS\venv\Lib\site-packages\django\template\loader_tags.py", line 293, in do_extends
    nodelist = parser.parse()
  File "D:\Projects\Current Projects\NDAS - Project\NDAS\venv\Lib\site-packages\django\template\base.py", line 513, in parse
    raise self.error(token, e)
  File "D:\Projects\Current Projects\NDAS - Project\NDAS\venv\Lib\site-packages\django\template\base.py", line 511, in parse
    compiled_result = compile_func(self, token)
  File "D:\Projects\Current Projects\NDAS - Project\NDAS\venv\Lib\site-packages\django\template\loader_tags.py", line 232, in do_block
    nodelist = parser.parse(("endblock",))
  File "D:\Projects\Current Projects\NDAS - Project\NDAS\venv\Lib\site-packages\django\template\base.py", line 513, in parse
    raise self.error(token, e)
  File "D:\Projects\Current Projects\NDAS - Project\NDAS\venv\Lib\site-packages\django\template\base.py", line 511, in parse
    compiled_result = compile_func(self, token)
  File "D:\Projects\Current Projects\NDAS - Project\NDAS\venv\Lib\site-packages\django\template\defaulttags.py", line 954, in do_if
    nodelist = parser.parse(("elif", "else", "endif"))
  File "D:\Projects\Current Projects\NDAS - Project\NDAS\venv\Lib\site-packages\django\template\base.py", line 513, in parse
    raise self.error(token, e)
  File "D:\Projects\Current Projects\NDAS - Project\NDAS\venv\Lib\site-packages\django\template\base.py", line 511, in parse
    compiled_result = compile_func(self, token)
  File "D:\Projects\Current Projects\NDAS - Project\NDAS\venv\Lib\site-packages\django\template\defaulttags.py", line 854, in do_for
    nodelist_loop = parser.parse(
        (
    ...<2 lines>...
        )
    )
  File "D:\Projects\Current Projects\NDAS - Project\NDAS\venv\Lib\site-packages\django\template\base.py", line 513, in parse
    raise self.error(token, e)
  File "D:\Projects\Current Projects\NDAS - Project\NDAS\venv\Lib\site-packages\django\template\base.py", line 511, in parse
    compiled_result = compile_func(self, token)
  File "D:\Projects\Current Projects\NDAS - Project\NDAS\venv\Lib\site-packages\django\template\defaulttags.py", line 1492, in do_with
    nodelist = parser.parse(("endwith",))
  File "D:\Projects\Current Projects\NDAS - Project\NDAS\venv\Lib\site-packages\django\template\base.py", line 513, in parse
    raise self.error(token, e)
  File "D:\Projects\Current Projects\NDAS - Project\NDAS\venv\Lib\site-packages\django\template\base.py", line 511, in parse
    compiled_result = compile_func(self, token)
  File "D:\Projects\Current Projects\NDAS - Project\NDAS\venv\Lib\site-packages\django\template\defaulttags.py", line 962, in do_if
    nodelist = parser.parse(("elif", "else", "endif"))
  File "D:\Projects\Current Projects\NDAS - Project\NDAS\venv\Lib\site-packages\django\template\base.py", line 484, in parse
    raise self.error(token, e)
  File "D:\Projects\Current Projects\NDAS - Project\NDAS\venv\Lib\site-packages\django\template\base.py", line 482, in parse
    filter_expression = self.compile_filter(token.contents)
  File "D:\Projects\Current Projects\NDAS - Project\NDAS\venv\Lib\site-packages\django\template\base.py", line 600, in compile_filter
    return FilterExpression(token, self)
  File "D:\Projects\Current Projects\NDAS - Project\NDAS\venv\Lib\site-packages\django\template\base.py", line 698, in __init__
    filter_func = parser.find_filter(filter_name)
  File "D:\Projects\Current Projects\NDAS - Project\NDAS\venv\Lib\site-packages\django\template\base.py", line 606, in find_filter
    raise TemplateSyntaxError("Invalid filter: '%s'" % filter_name)
django.template.exceptions.TemplateSyntaxError: Invalid filter: 'div'
ERROR 2025-08-29 14:41:14,804 basehttp 16036 16196 "GET /da/manager/ HTTP/1.1" 500 481344
INFO 2025-08-29 14:41:20,145 basehttp 16036 16196 "GET /hine/manager/ HTTP/1.1" 200 53157
INFO 2025-08-29 14:41:26,035 basehttp 16036 16196 "GET /cdic/manager/ HTTP/1.1" 200 51151
ERROR 2025-08-29 14:41:31,620 log 16036 16196 Internal Server Error: /da/manager/
Traceback (most recent call last):
  File "D:\Projects\Current Projects\NDAS - Project\NDAS\patients\views.py", line 2352, in da_assessment_manager
    'normal': var_da_list.filter(isNormal=True).count(),
              ~~~~~~~~~~~~~~~~~~^^^^^^^^^^^^^^^
  File "D:\Projects\Current Projects\NDAS - Project\NDAS\venv\Lib\site-packages\django\db\models\query.py", line 1421, in filter
    return self._filter_or_exclude(False, args, kwargs)
           ~~~~~~~~~~~~~~~~~~~~~~~^^^^^^^^^^^^^^^^^^^^^
  File "D:\Projects\Current Projects\NDAS - Project\NDAS\venv\Lib\site-packages\django\db\models\query.py", line 1439, in _filter_or_exclude
    clone._filter_or_exclude_inplace(negate, args, kwargs)
    ~~~~~~~~~~~~~~~~~~~~~~~~~~~~~~~~^^^^^^^^^^^^^^^^^^^^^^
  File "D:\Projects\Current Projects\NDAS - Project\NDAS\venv\Lib\site-packages\django\db\models\query.py", line 1446, in _filter_or_exclude_inplace
    self._query.add_q(Q(*args, **kwargs))
    ~~~~~~~~~~~~~~~~~^^^^^^^^^^^^^^^^^^^^
  File "D:\Projects\Current Projects\NDAS - Project\NDAS\venv\Lib\site-packages\django\db\models\sql\query.py", line 1532, in add_q
    clause, _ = self._add_q(q_object, self.used_aliases)
                ~~~~~~~~~~~^^^^^^^^^^^^^^^^^^^^^^^^^^^^^
  File "D:\Projects\Current Projects\NDAS - Project\NDAS\venv\Lib\site-packages\django\db\models\sql\query.py", line 1562, in _add_q
    child_clause, needed_inner = self.build_filter(
                                 ~~~~~~~~~~~~~~~~~^
        child,
        ^^^^^^
    ...<5 lines>...
        check_filterable=check_filterable,
        ^^^^^^^^^^^^^^^^^^^^^^^^^^^^^^^^^^
    )
    ^
  File "D:\Projects\Current Projects\NDAS - Project\NDAS\venv\Lib\site-packages\django\db\models\sql\query.py", line 1407, in build_filter
    lookups, parts, reffed_expression = self.solve_lookup_type(arg)
                                        ~~~~~~~~~~~~~~~~~~~~~~^^^^^
  File "D:\Projects\Current Projects\NDAS - Project\NDAS\venv\Lib\site-packages\django\db\models\sql\query.py", line 1217, in solve_lookup_type
    _, field, _, lookup_parts = self.names_to_path(lookup_splitted, self.get_meta())
                                ~~~~~~~~~~~~~~~~~~^^^^^^^^^^^^^^^^^^^^^^^^^^^^^^^^^^
  File "D:\Projects\Current Projects\NDAS - Project\NDAS\venv\Lib\site-packages\django\db\models\sql\query.py", line 1709, in names_to_path
    raise FieldError(
    ...<2 lines>...
    )
django.core.exceptions.FieldError: Cannot resolve keyword 'isNormal' into field. Choices are: added_by, added_by_id, assessment_done_by, comment, created_at, date_of_assessment, fmv_age_from, fmv_age_to, fmv_details, gm_age_from, gm_age_to, gm_details, hsl_age_from, hsl_age_to, hsl_details, id, is_dx_normal, last_edit_by, last_edit_by_id, patient, patient_id, seb_age_from, seb_age_to, seb_details, updated_at

During handling of the above exception, another exception occurred:

Traceback (most recent call last):
  File "D:\Projects\Current Projects\NDAS - Project\NDAS\venv\Lib\site-packages\django\core\handlers\exception.py", line 55, in inner
    response = get_response(request)
  File "D:\Projects\Current Projects\NDAS - Project\NDAS\venv\Lib\site-packages\django\core\handlers\base.py", line 197, in _get_response
    response = wrapped_callback(request, *callback_args, **callback_kwargs)
  File "D:\Projects\Current Projects\NDAS - Project\NDAS\venv\Lib\site-packages\django\contrib\auth\decorators.py", line 23, in _wrapped_view
    return view_func(request, *args, **kwargs)
  File "D:\Projects\Current Projects\NDAS - Project\NDAS\patients\views.py", line 2374, in da_assessment_manager
    return render(request, "develop_assemnt/manager.html", {
        "patient": None,
        "da_record_list": None,
        "da_stats": {'total': 0, 'normal': 0, 'delayed': 0, 'this_month': 0},
    })
  File "D:\Projects\Current Projects\NDAS - Project\NDAS\venv\Lib\site-packages\django\shortcuts.py", line 24, in render
    content = loader.render_to_string(template_name, context, request, using=using)
  File "D:\Projects\Current Projects\NDAS - Project\NDAS\venv\Lib\site-packages\django\template\loader.py", line 61, in render_to_string
    template = get_template(template_name, using=using)
  File "D:\Projects\Current Projects\NDAS - Project\NDAS\venv\Lib\site-packages\django\template\loader.py", line 15, in get_template
    return engine.get_template(template_name)
           ~~~~~~~~~~~~~~~~~~~^^^^^^^^^^^^^^^
  File "D:\Projects\Current Projects\NDAS - Project\NDAS\venv\Lib\site-packages\django\template\backends\django.py", line 34, in get_template
    return Template(self.engine.get_template(template_name), self)
                    ~~~~~~~~~~~~~~~~~~~~~~~~^^^^^^^^^^^^^^^
  File "D:\Projects\Current Projects\NDAS - Project\NDAS\venv\Lib\site-packages\django\template\engine.py", line 175, in get_template
    template, origin = self.find_template(template_name)
                       ~~~~~~~~~~~~~~~~~~^^^^^^^^^^^^^^^
  File "D:\Projects\Current Projects\NDAS - Project\NDAS\venv\Lib\site-packages\django\template\engine.py", line 157, in find_template
    template = loader.get_template(name, skip=skip)
  File "D:\Projects\Current Projects\NDAS - Project\NDAS\venv\Lib\site-packages\django\template\loaders\cached.py", line 57, in get_template
    template = super().get_template(template_name, skip)
  File "D:\Projects\Current Projects\NDAS - Project\NDAS\venv\Lib\site-packages\django\template\loaders\base.py", line 28, in get_template
    return Template(
        contents,
    ...<2 lines>...
        self.engine,
    )
  File "D:\Projects\Current Projects\NDAS - Project\NDAS\venv\Lib\site-packages\django\template\base.py", line 154, in __init__
    self.nodelist = self.compile_nodelist()
                    ~~~~~~~~~~~~~~~~~~~~~^^
  File "D:\Projects\Current Projects\NDAS - Project\NDAS\venv\Lib\site-packages\django\template\base.py", line 200, in compile_nodelist
    return parser.parse()
           ~~~~~~~~~~~~^^
  File "D:\Projects\Current Projects\NDAS - Project\NDAS\venv\Lib\site-packages\django\template\base.py", line 513, in parse
    raise self.error(token, e)
  File "D:\Projects\Current Projects\NDAS - Project\NDAS\venv\Lib\site-packages\django\template\base.py", line 511, in parse
    compiled_result = compile_func(self, token)
  File "D:\Projects\Current Projects\NDAS - Project\NDAS\venv\Lib\site-packages\django\template\loader_tags.py", line 293, in do_extends
    nodelist = parser.parse()
  File "D:\Projects\Current Projects\NDAS - Project\NDAS\venv\Lib\site-packages\django\template\base.py", line 513, in parse
    raise self.error(token, e)
  File "D:\Projects\Current Projects\NDAS - Project\NDAS\venv\Lib\site-packages\django\template\base.py", line 511, in parse
    compiled_result = compile_func(self, token)
  File "D:\Projects\Current Projects\NDAS - Project\NDAS\venv\Lib\site-packages\django\template\loader_tags.py", line 232, in do_block
    nodelist = parser.parse(("endblock",))
  File "D:\Projects\Current Projects\NDAS - Project\NDAS\venv\Lib\site-packages\django\template\base.py", line 513, in parse
    raise self.error(token, e)
  File "D:\Projects\Current Projects\NDAS - Project\NDAS\venv\Lib\site-packages\django\template\base.py", line 511, in parse
    compiled_result = compile_func(self, token)
  File "D:\Projects\Current Projects\NDAS - Project\NDAS\venv\Lib\site-packages\django\template\defaulttags.py", line 954, in do_if
    nodelist = parser.parse(("elif", "else", "endif"))
  File "D:\Projects\Current Projects\NDAS - Project\NDAS\venv\Lib\site-packages\django\template\base.py", line 513, in parse
    raise self.error(token, e)
  File "D:\Projects\Current Projects\NDAS - Project\NDAS\venv\Lib\site-packages\django\template\base.py", line 511, in parse
    compiled_result = compile_func(self, token)
  File "D:\Projects\Current Projects\NDAS - Project\NDAS\venv\Lib\site-packages\django\template\defaulttags.py", line 854, in do_for
    nodelist_loop = parser.parse(
        (
    ...<2 lines>...
        )
    )
  File "D:\Projects\Current Projects\NDAS - Project\NDAS\venv\Lib\site-packages\django\template\base.py", line 513, in parse
    raise self.error(token, e)
  File "D:\Projects\Current Projects\NDAS - Project\NDAS\venv\Lib\site-packages\django\template\base.py", line 511, in parse
    compiled_result = compile_func(self, token)
  File "D:\Projects\Current Projects\NDAS - Project\NDAS\venv\Lib\site-packages\django\template\defaulttags.py", line 1492, in do_with
    nodelist = parser.parse(("endwith",))
  File "D:\Projects\Current Projects\NDAS - Project\NDAS\venv\Lib\site-packages\django\template\base.py", line 513, in parse
    raise self.error(token, e)
  File "D:\Projects\Current Projects\NDAS - Project\NDAS\venv\Lib\site-packages\django\template\base.py", line 511, in parse
    compiled_result = compile_func(self, token)
  File "D:\Projects\Current Projects\NDAS - Project\NDAS\venv\Lib\site-packages\django\template\defaulttags.py", line 962, in do_if
    nodelist = parser.parse(("elif", "else", "endif"))
  File "D:\Projects\Current Projects\NDAS - Project\NDAS\venv\Lib\site-packages\django\template\base.py", line 484, in parse
    raise self.error(token, e)
  File "D:\Projects\Current Projects\NDAS - Project\NDAS\venv\Lib\site-packages\django\template\base.py", line 482, in parse
    filter_expression = self.compile_filter(token.contents)
  File "D:\Projects\Current Projects\NDAS - Project\NDAS\venv\Lib\site-packages\django\template\base.py", line 600, in compile_filter
    return FilterExpression(token, self)
  File "D:\Projects\Current Projects\NDAS - Project\NDAS\venv\Lib\site-packages\django\template\base.py", line 698, in __init__
    filter_func = parser.find_filter(filter_name)
  File "D:\Projects\Current Projects\NDAS - Project\NDAS\venv\Lib\site-packages\django\template\base.py", line 606, in find_filter
    raise TemplateSyntaxError("Invalid filter: '%s'" % filter_name)
django.template.exceptions.TemplateSyntaxError: Invalid filter: 'div'
ERROR 2025-08-29 14:41:31,643 basehttp 16036 16196 "GET /da/manager/ HTTP/1.1" 500 481344
INFO 2025-08-29 14:42:53,808 basehttp 16036 8448 "GET /da/manager/ HTTP/1.1" 200 53966
INFO 2025-08-29 14:43:34,844 autoreload 16036 13188 D:\Projects\Current Projects\NDAS - Project\NDAS\patients\views.py changed, reloading.
INFO 2025-08-29 14:43:35,670 autoreload 7928 16320 Watching for file changes with StatReloader
INFO 2025-08-29 14:43:42,323 autoreload 7928 16320 D:\Projects\Current Projects\NDAS - Project\NDAS\patients\views.py changed, reloading.
INFO 2025-08-29 14:43:43,114 autoreload 11848 948 Watching for file changes with StatReloader
INFO 2025-08-29 14:44:07,643 basehttp 11848 13564 "GET /da/manager/ HTTP/1.1" 302 0
INFO 2025-08-29 14:44:07,661 basehttp 11848 13564 "GET /users/login/?next=/da/manager/ HTTP/1.1" 200 23381
INFO 2025-08-29 14:44:09,962 basehttp 11848 13564 "POST /users/login/ HTTP/1.1" 302 0
INFO 2025-08-29 14:44:10,156 basehttp 11848 13564 "GET / HTTP/1.1" 200 50865
INFO 2025-08-29 14:44:13,347 basehttp 11848 13564 "GET /da/manager/ HTTP/1.1" 200 52943
INFO 2025-08-29 14:46:34,721 autoreload 11848 948 D:\Projects\Current Projects\NDAS - Project\NDAS\patients\views.py changed, reloading.
INFO 2025-08-29 14:46:36,237 autoreload 9276 18680 Watching for file changes with StatReloader
INFO 2025-08-29 14:46:50,060 autoreload 9276 18680 D:\Projects\Current Projects\NDAS - Project\NDAS\patients\views.py changed, reloading.
INFO 2025-08-29 14:46:50,858 autoreload 8836 12864 Watching for file changes with StatReloader
INFO 2025-08-29 14:47:54,168 basehttp 8836 18028 "GET /da/manager/ HTTP/1.1" 302 0
INFO 2025-08-29 14:47:54,187 basehttp 8836 18028 "GET /users/login/?next=/da/manager/ HTTP/1.1" 200 23381
INFO 2025-08-29 14:47:56,848 basehttp 8836 18028 "POST /users/login/ HTTP/1.1" 302 0
INFO 2025-08-29 14:47:57,043 basehttp 8836 18028 "GET / HTTP/1.1" 200 50865
INFO 2025-08-29 14:48:01,863 basehttp 8836 18028 "GET /da/manager/ HTTP/1.1" 200 52853
INFO 2025-08-29 14:48:19,857 basehttp 8836 18028 "GET / HTTP/1.1" 200 50541
INFO 2025-08-29 14:49:46,626 autoreload 8836 12864 D:\Projects\Current Projects\NDAS - Project\NDAS\patients\views.py changed, reloading.
INFO 2025-08-29 14:49:47,436 autoreload 14620 19896 Watching for file changes with StatReloader
INFO 2025-08-29 14:50:14,571 autoreload 14620 19896 D:\Projects\Current Projects\NDAS - Project\NDAS\patients\views.py changed, reloading.
INFO 2025-08-29 14:50:15,361 autoreload 2456 336 Watching for file changes with StatReloader
INFO 2025-08-29 14:50:53,026 basehttp 2456 13904 "GET /da/manager/ HTTP/1.1" 302 0
INFO 2025-08-29 14:50:53,042 basehttp 2456 13904 "GET /users/login/?next=/da/manager/ HTTP/1.1" 200 23381
INFO 2025-08-29 14:50:55,173 basehttp 2456 13904 "POST /users/login/ HTTP/1.1" 302 0
INFO 2025-08-29 14:50:55,360 basehttp 2456 13904 "GET / HTTP/1.1" 200 50865
INFO 2025-08-29 14:50:58,273 basehttp 2456 13904 "GET /da/manager/ HTTP/1.1" 200 52424
INFO 2025-08-29 14:51:03,029 basehttp 2456 13904 "GET /cdic/manager/ HTTP/1.1" 200 51151
INFO 2025-08-29 14:54:13,781 basehttp 2456 13904 "GET /cdic/manager/ HTTP/1.1" 200 51151
INFO 2025-08-29 14:54:17,167 basehttp 2456 13904 "GET /cdic/manager/ HTTP/1.1" 200 51151
INFO 2025-08-29 14:59:35,786 autoreload 2456 336 D:\Projects\Current Projects\NDAS - Project\NDAS\patients\views.py changed, reloading.
INFO 2025-08-29 14:59:38,324 autoreload 4396 19940 Watching for file changes with StatReloader
INFO 2025-08-29 15:01:14,702 basehttp 4396 10748 "GET /cdic/manager/ HTTP/1.1" 302 0
INFO 2025-08-29 15:01:15,215 basehttp 4396 10748 "GET /users/login/?next=/cdic/manager/ HTTP/1.1" 200 23381
INFO 2025-08-29 15:01:15,287 basehttp 4396 10748 "GET /static/dist/css/custom_css.css HTTP/1.1" 304 0
INFO 2025-08-29 15:01:18,117 basehttp 4396 10748 "POST /users/login/ HTTP/1.1" 302 0
INFO 2025-08-29 15:01:18,434 basehttp 4396 10748 "GET / HTTP/1.1" 200 50865
INFO 2025-08-29 15:01:21,073 basehttp 4396 10748 "GET /manager/assessment/ HTTP/1.1" 200 46933
INFO 2025-08-29 15:01:23,182 basehttp 4396 10748 "GET /da/manager/ HTTP/1.1" 200 52424
INFO 2025-08-29 15:01:26,504 basehttp 4396 10748 "GET /cdic/manager/ HTTP/1.1" 200 50978
INFO 2025-08-29 15:01:55,504 autoreload 4396 19940 D:\Projects\Current Projects\NDAS - Project\NDAS\patients\views.py changed, reloading.
INFO 2025-08-29 15:01:56,680 autoreload 18480 3172 Watching for file changes with StatReloader
INFO 2025-08-29 15:02:17,713 basehttp 18480 13892 "GET /cdic/manager/ HTTP/1.1" 302 0
INFO 2025-08-29 15:02:17,729 basehttp 18480 13892 "GET /users/login/?next=/cdic/manager/ HTTP/1.1" 200 23381
INFO 2025-08-29 15:02:23,481 basehttp 18480 13892 "POST /users/login/ HTTP/1.1" 302 0
INFO 2025-08-29 15:02:23,656 basehttp 18480 13892 "GET / HTTP/1.1" 200 50865
INFO 2025-08-29 15:04:15,185 basehttp 18480 13892 "GET /manager/patient/ HTTP/1.1" 200 70351
INFO 2025-08-29 15:04:20,237 basehttp 18480 13892 "GET /manager/assessment/ HTTP/1.1" 200 46933
INFO 2025-08-29 15:04:23,536 basehttp 18480 13892 "GET /hine/manager/ HTTP/1.1" 200 52431
INFO 2025-08-29 15:04:34,354 basehttp 18480 13892 "GET /da/manager/ HTTP/1.1" 200 52424
INFO 2025-08-29 15:04:42,990 basehttp 18480 13892 "GET /cdic/manager/ HTTP/1.1" 200 51151
INFO 2025-08-29 15:05:46,323 basehttp 18480 13892 "GET /cdic/manager/ HTTP/1.1" 200 51152
INFO 2025-08-29 15:06:02,261 basehttp 18480 13892 "GET /da/manager/ HTTP/1.1" 200 52424
INFO 2025-08-29 15:06:05,394 basehttp 18480 13892 "GET /hine/manager/ HTTP/1.1" 200 52431
INFO 2025-08-29 15:06:08,198 basehttp 18480 13892 "GET /da/manager/ HTTP/1.1" 200 52424
INFO 2025-08-29 15:06:10,463 basehttp 18480 13892 "GET /hine/manager/ HTTP/1.1" 200 52431
INFO 2025-08-29 15:06:15,423 basehttp 18480 13892 "GET /manager/assessment/ HTTP/1.1" 200 46933
INFO 2025-08-29 15:06:21,421 basehttp 18480 13892 "GET /hine/manager/ HTTP/1.1" 200 52431
INFO 2025-08-29 15:06:32,193 basehttp 18480 13892 "GET /hine/view/1/ HTTP/1.1" 200 44222
INFO 2025-08-29 15:06:43,646 basehttp 18480 13892 "GET /hine/edit/1/ HTTP/1.1" 200 43966
INFO 2025-08-29 15:07:17,072 basehttp 18480 13892 "GET /cdic/manager/ HTTP/1.1" 200 51151
INFO 2025-08-29 15:08:15,088 basehttp 18480 13892 "GET /attachment/manager/ HTTP/1.1" 200 65227
INFO 2025-08-29 15:08:25,038 basehttp 18480 13892 "GET /da/manager/ HTTP/1.1" 200 52424
INFO 2025-08-29 15:08:27,167 basehttp 18480 13892 "GET /cdic/manager/ HTTP/1.1" 200 51151
INFO 2025-08-29 15:08:29,540 basehttp 18480 13892 "GET /da/manager/ HTTP/1.1" 200 52424
INFO 2025-08-29 15:08:30,713 basehttp 18480 13892 "GET /hine/manager/ HTTP/1.1" 200 52431
INFO 2025-08-29 15:08:33,925 basehttp 18480 13892 "GET /manager/assessment/ HTTP/1.1" 200 46933
INFO 2025-08-29 15:09:19,627 basehttp 18480 13892 "GET /manager/assessment/ HTTP/1.1" 200 46932
INFO 2025-08-29 15:26:03,994 basehttp 18480 2220 "GET /manager/assessment/ HTTP/1.1" 200 46932
INFO 2025-08-29 15:26:05,347 basehttp 18480 2220 "GET /hine/manager/ HTTP/1.1" 200 52431
INFO 2025-08-29 15:26:16,261 basehttp 18480 2220 "GET /da/manager/ HTTP/1.1" 200 52424
INFO 2025-08-29 15:26:19,764 basehttp 18480 2220 "GET /cdic/manager/ HTTP/1.1" 200 51151
INFO 2025-08-29 15:31:51,196 basehttp 18480 11580 "GET /cdic/manager/ HTTP/1.1" 200 51116
INFO 2025-08-29 15:32:18,357 basehttp 18480 11580 "GET /cdic/manager/ HTTP/1.1" 200 51081
INFO 2025-08-29 15:32:19,339 basehttp 18480 11580 "GET /cdic/manager/ HTTP/1.1" 200 51081
INFO 2025-08-29 15:32:20,508 basehttp 18480 11580 "GET /cdic/manager/ HTTP/1.1" 200 51081
INFO 2025-08-29 15:33:01,357 basehttp 18480 11580 "GET /cdic/manager/ HTTP/1.1" 200 51151
INFO 2025-08-29 15:33:08,194 basehttp 18480 11580 "GET /cdic/manager/ HTTP/1.1" 200 51151
INFO 2025-09-16 19:32:07,749 autoreload 24152 1644 Watching for file changes with StatReloader
INFO 2025-09-16 19:36:00,546 basehttp 24152 23168 "GET / HTTP/1.1" 302 0
INFO 2025-09-16 19:36:00,707 basehttp 24152 23168 "GET /users/login/?next=/ HTTP/1.1" 200 23381
INFO 2025-09-16 19:36:00,928 basehttp 24152 15900 "GET /static/js/main.js HTTP/1.1" 304 0
INFO 2025-09-16 19:36:00,928 basehttp 24152 14924 "GET /static/js/videojs-failsafe.js HTTP/1.1" 304 0
INFO 2025-09-16 19:36:00,929 basehttp 24152 6792 "GET /static/js/debug.js HTTP/1.1" 304 0
INFO 2025-09-16 19:36:00,929 basehttp 24152 21368 "GET /static/js/utils.js HTTP/1.1" 304 0
INFO 2025-09-16 19:36:00,937 basehttp 24152 23168 "GET /static/dist/css/ndas-sidebar.css HTTP/1.1" 304 0
INFO 2025-09-16 19:36:00,938 basehttp 24152 16540 "GET /static/dist/css/custom_css.css HTTP/1.1" 304 0
INFO 2025-09-16 19:36:00,954 basehttp 24152 23168 "GET /static/js/rotate.js HTTP/1.1" 304 0
INFO 2025-09-16 19:36:00,954 basehttp 24152 16540 "GET /static/js/zoomrotate.js HTTP/1.1" 304 0
WARNING 2025-09-16 19:36:02,024 log 24152 16540 Not Found: /favicon.ico
WARNING 2025-09-16 19:36:02,025 basehttp 24152 16540 "GET /favicon.ico HTTP/1.1" 404 15877
INFO 2025-09-16 19:36:08,201 basehttp 24152 16540 "POST /users/login/ HTTP/1.1" 302 0
INFO 2025-09-16 19:36:08,589 basehttp 24152 16540 "GET / HTTP/1.1" 200 50865
INFO 2025-09-16 19:36:26,827 basehttp 24152 22872 "GET / HTTP/1.1" 200 50541
INFO 2025-09-16 19:36:27,929 basehttp 24152 22872 "GET /patient/add/ HTTP/1.1" 200 64394
INFO 2025-09-16 19:36:42,366 basehttp 24152 13572 "GET /manager/patient/ HTTP/1.1" 200 70351
INFO 2025-09-16 19:36:42,417 basehttp 24152 19228 "GET /static/js/manager.js HTTP/1.1" 304 0
INFO 2025-09-16 19:36:42,422 basehttp 24152 13572 "GET /static/css/manager.css HTTP/1.1" 304 0
INFO 2025-09-16 19:37:12,227 basehttp 24152 11820 "GET /manager/patient/new HTTP/1.1" 200 54783
ERROR 2025-09-16 19:37:15,444 log 24152 11820 Internal Server Error: /manager/patient/normal
Traceback (most recent call last):
  File "D:\Projects\Current Projects\NDAS - Project\NDAS\venv\Lib\site-packages\django\core\handlers\exception.py", line 55, in inner
    response = get_response(request)
  File "D:\Projects\Current Projects\NDAS - Project\NDAS\venv\Lib\site-packages\django\core\handlers\base.py", line 197, in _get_response
    response = wrapped_callback(request, *callback_args, **callback_kwargs)
  File "D:\Projects\Current Projects\NDAS - Project\NDAS\venv\Lib\site-packages\django\contrib\auth\decorators.py", line 23, in _wrapped_view
    return view_func(request, *args, **kwargs)
  File "D:\Projects\Current Projects\NDAS - Project\NDAS\patients\views.py", line 175, in patient_manager_diagnosis_normal
    patients_list = getPatientList(PtStatus.DX_NORMAL).order_by("-id")
                    ~~~~~~~~~~~~~~^^^^^^^^^^^^^^^^^^^^
  File "D:\Projects\Current Projects\NDAS - Project\NDAS\ndas\custom_codes\custom_methods.py", line 251, in getPatientList
    return var_ptl.exclude(Q(gmassessment__diagnosis_conclusion='ABNORMAL') and Q(hineassessment__score__lt = 73) and Q(developmentalassessment__is_dx_normal=False)).exclude(videos__isnull=True).distinct()
           ~~~~~~~~~~~~~~~^^^^^^^^^^^^^^^^^^^^^^^^^^^^^^^^^^^^^^^^^^^^^^^^^^^^^^^^^^^^^^^^^^^^^^^^^^^^^^^^^^^^^^^^^^^^^^^^^^^^^^^^^^^^^^^^^^^^^^^^^^^^^^^^^^^^^^^^^^^
  File "D:\Projects\Current Projects\NDAS - Project\NDAS\venv\Lib\site-packages\django\db\models\query.py", line 1429, in exclude
    return self._filter_or_exclude(True, args, kwargs)
           ~~~~~~~~~~~~~~~~~~~~~~~^^^^^^^^^^^^^^^^^^^^
  File "D:\Projects\Current Projects\NDAS - Project\NDAS\venv\Lib\site-packages\django\db\models\query.py", line 1439, in _filter_or_exclude
    clone._filter_or_exclude_inplace(negate, args, kwargs)
    ~~~~~~~~~~~~~~~~~~~~~~~~~~~~~~~~^^^^^^^^^^^^^^^^^^^^^^
  File "D:\Projects\Current Projects\NDAS - Project\NDAS\venv\Lib\site-packages\django\db\models\query.py", line 1444, in _filter_or_exclude_inplace
    self._query.add_q(~Q(*args, **kwargs))
    ~~~~~~~~~~~~~~~~~^^^^^^^^^^^^^^^^^^^^^
  File "D:\Projects\Current Projects\NDAS - Project\NDAS\venv\Lib\site-packages\django\db\models\sql\query.py", line 1532, in add_q
    clause, _ = self._add_q(q_object, self.used_aliases)
                ~~~~~~~~~~~^^^^^^^^^^^^^^^^^^^^^^^^^^^^^
  File "D:\Projects\Current Projects\NDAS - Project\NDAS\venv\Lib\site-packages\django\db\models\sql\query.py", line 1562, in _add_q
    child_clause, needed_inner = self.build_filter(
                                 ~~~~~~~~~~~~~~~~~^
        child,
        ^^^^^^
    ...<5 lines>...
        check_filterable=check_filterable,
        ^^^^^^^^^^^^^^^^^^^^^^^^^^^^^^^^^^
    )
    ^
  File "D:\Projects\Current Projects\NDAS - Project\NDAS\venv\Lib\site-packages\django\db\models\sql\query.py", line 1388, in build_filter
    return self._add_q(
           ~~~~~~~~~~~^
        filter_expr,
        ^^^^^^^^^^^^
    ...<5 lines>...
        check_filterable=check_filterable,
        ^^^^^^^^^^^^^^^^^^^^^^^^^^^^^^^^^^
    )
    ^
  File "D:\Projects\Current Projects\NDAS - Project\NDAS\venv\Lib\site-packages\django\db\models\sql\query.py", line 1562, in _add_q
    child_clause, needed_inner = self.build_filter(
                                 ~~~~~~~~~~~~~~~~~^
        child,
        ^^^^^^
    ...<5 lines>...
        check_filterable=check_filterable,
        ^^^^^^^^^^^^^^^^^^^^^^^^^^^^^^^^^^
    )
    ^
  File "D:\Projects\Current Projects\NDAS - Project\NDAS\venv\Lib\site-packages\django\db\models\sql\query.py", line 1407, in build_filter
    lookups, parts, reffed_expression = self.solve_lookup_type(arg)
                                        ~~~~~~~~~~~~~~~~~~~~~~^^^^^
  File "D:\Projects\Current Projects\NDAS - Project\NDAS\venv\Lib\site-packages\django\db\models\sql\query.py", line 1217, in solve_lookup_type
    _, field, _, lookup_parts = self.names_to_path(lookup_splitted, self.get_meta())
                                ~~~~~~~~~~~~~~~~~~^^^^^^^^^^^^^^^^^^^^^^^^^^^^^^^^^^
  File "D:\Projects\Current Projects\NDAS - Project\NDAS\venv\Lib\site-packages\django\db\models\sql\query.py", line 1709, in names_to_path
    raise FieldError(
    ...<2 lines>...
    )
django.core.exceptions.FieldError: Cannot resolve keyword 'developmentalassessment' into field. Choices are: added_by, added_by_id, address, antenatal_hx, apgar_1, apgar_10, apgar_5, attachments, baby_name, bht, birth_weight, cdicrecord, created_at, developmental_assessments, disk_no, do_admission, do_discharge, dob_tob, gender, gmassessment, hine_assessments, id, indecation_for_gma, intranatal_hx, last_edit_by, last_edit_by_id, length, mo_delivery, moh_area, mother_name, nnc_no, ofc, other_relavent_details, pc_no, phm_area, pin, pog_days, pog_wks, postnatal_hx, problems, ptc_no, resuscitated, resustn_note, tp_lan, tp_mobile, updated_at, videos
ERROR 2025-09-16 19:37:15,459 basehttp 24152 11820 "GET /manager/patient/normal HTTP/1.1" 500 145723
INFO 2025-09-16 19:37:33,938 basehttp 24152 2916 "GET /patient/view/2/ HTTP/1.1" 200 106098
INFO 2025-09-16 19:38:16,881 basehttp 24152 2916 "GET /video/add/2/ HTTP/1.1" 200 54393
INFO 2025-09-16 19:39:22,772 basehttp 24152 2916 "POST /video/add/2/ HTTP/1.1" 200 156
INFO 2025-09-16 19:39:33,527 basehttp 24152 2916 "GET /video/view/6/ HTTP/1.1" 200 50629
WARNING 2025-09-16 19:39:46,507 log 24152 10704 Not Found: /favicon.ico
WARNING 2025-09-16 19:39:46,508 basehttp 24152 10704 "GET /favicon.ico HTTP/1.1" 404 15877
INFO 2025-09-16 19:40:14,686 basehttp 24152 10704 "GET /patient/view/2/ HTTP/1.1" 200 108633
INFO 2025-09-16 19:40:14,702 basehttp 24152 2916 - Broken pipe from ('127.0.0.1', 56047)
INFO 2025-09-24 09:11:17,961 autoreload 12496 12852 Watching for file changes with StatReloader
INFO 2025-09-24 09:24:19,648 autoreload 2332 8304 Watching for file changes with StatReloader
INFO 2025-09-24 09:24:26,837 basehttp 2332 12464 "GET / HTTP/1.1" 302 0
INFO 2025-09-24 09:24:26,943 basehttp 2332 12464 "GET /users/login/?next=/ HTTP/1.1" 200 23381
INFO 2025-09-24 09:24:27,257 basehttp 2332 12464 "GET /static/dist/css/social.css HTTP/1.1" 200 2189
INFO 2025-09-24 09:24:27,283 basehttp 2332 2800 "GET /static/dist/css/custom_css.css HTTP/1.1" 200 2900
INFO 2025-09-24 09:24:27,293 basehttp 2332 14588 "GET /static/dist/css/ndas-sidebar.css HTTP/1.1" 200 3918
INFO 2025-09-24 09:24:27,309 basehttp 2332 5068 "GET /static/js/utils.js HTTP/1.1" 200 5565
INFO 2025-09-24 09:24:27,321 basehttp 2332 2800 "GET /static/js/zoomrotate.js HTTP/1.1" 200 5853
INFO 2025-09-24 09:24:27,329 basehttp 2332 12464 "GET /static/js/debug.js HTTP/1.1" 200 4304
INFO 2025-09-24 09:24:27,341 basehttp 2332 17672 "GET /static/js/videojs-failsafe.js HTTP/1.1" 200 3039
INFO 2025-09-24 09:24:27,349 basehttp 2332 16620 "GET /static/js/main.js HTTP/1.1" 200 2140
INFO 2025-09-24 09:24:27,377 basehttp 2332 14588 "GET /static/js/rotate.js HTTP/1.1" 200 4611
WARNING 2025-09-24 09:24:29,528 log 2332 14588 Not Found: /favicon.ico
WARNING 2025-09-24 09:24:29,530 basehttp 2332 14588 "GET /favicon.ico HTTP/1.1" 404 15877
INFO 2025-09-24 09:31:02,199 basehttp 2332 456 "GET /users/login/?next=/ HTTP/1.1" 200 24073
INFO 2025-09-24 09:31:06,658 basehttp 2332 456 "GET /users/login/?next=/ HTTP/1.1" 200 24073
INFO 2025-09-24 09:31:55,590 basehttp 2332 456 "GET /users/login/?next=/ HTTP/1.1" 200 24154
INFO 2025-09-24 09:31:57,162 basehttp 2332 456 "GET /users/login/?next=/ HTTP/1.1" 200 24154
INFO 2025-09-24 09:31:58,127 basehttp 2332 456 "GET /users/login/?next=/ HTTP/1.1" 200 24154
INFO 2025-09-24 09:31:58,870 basehttp 2332 456 "GET /users/login/?next=/ HTTP/1.1" 200 24154
INFO 2025-09-24 09:31:59,568 basehttp 2332 456 "GET /users/login/?next=/ HTTP/1.1" 200 24154
INFO 2025-09-24 09:32:19,037 basehttp 2332 456 "GET /users/reset_password/ HTTP/1.1" 200 20301
INFO 2025-09-24 09:32:27,964 basehttp 2332 456 "GET /users/contact-developer/ HTTP/1.1" 200 16849
INFO 2025-09-24 09:37:10,288 basehttp 2332 456 "GET /users/login/?next=/ HTTP/1.1" 200 15740
INFO 2025-09-24 09:37:10,334 basehttp 2332 456 "GET /static/css/login.css HTTP/1.1" 200 6558
INFO 2025-09-24 09:37:10,339 basehttp 2332 9076 "GET /static/js/login.js HTTP/1.1" 200 2964
INFO 2025-09-24 09:37:11,250 basehttp 2332 9076 "GET /users/login/?next=/ HTTP/1.1" 200 15740
INFO 2025-09-24 09:37:12,132 basehttp 2332 9076 "GET /users/login/?next=/ HTTP/1.1" 200 15740
INFO 2025-09-24 09:38:29,568 basehttp 2332 9076 "POST /users/login/ HTTP/1.1" 302 0
INFO 2025-09-24 09:38:30,131 basehttp 2332 9076 "GET / HTTP/1.1" 200 50513
INFO 2025-09-24 09:38:36,293 basehttp 2332 9076 "GET /manager/patient/ HTTP/1.1" 200 71930
INFO 2025-09-24 09:38:36,393 basehttp 2332 9076 "GET /static/css/manager.css HTTP/1.1" 200 8835
INFO 2025-09-24 09:38:36,435 basehttp 2332 456 "GET /static/js/manager.js HTTP/1.1" 200 10814
INFO 2025-09-24 09:38:45,925 basehttp 2332 456 "GET /patient/view/4/ HTTP/1.1" 200 119528
INFO 2025-09-24 09:40:45,110 basehttp 2332 15520 "GET /users/logout/ HTTP/1.1" 302 0
INFO 2025-09-24 09:40:45,135 basehttp 2332 15520 "GET /users/login/ HTTP/1.1" 200 16070
INFO 2025-09-24 09:40:45,236 basehttp 2332 15520 "GET /static/css/login.css HTTP/1.1" 304 0
INFO 2025-09-24 09:40:45,241 basehttp 2332 19276 "GET /static/js/login.js HTTP/1.1" 304 0
INFO 2025-09-24 09:40:52,453 basehttp 2332 18928 "POST /users/login/ HTTP/1.1" 302 0
INFO 2025-09-24 09:40:52,679 basehttp 2332 18928 "GET / HTTP/1.1" 200 50513
INFO 2025-09-24 09:41:43,331 basehttp 2332 12828 "GET /manager/assessment/ HTTP/1.1" 200 46932
INFO 2025-09-24 09:42:01,943 basehttp 2332 12828 "GET /hine/manager/ HTTP/1.1" 200 52431
INFO 2025-09-24 09:42:15,663 basehttp 2332 12828 "GET /da/manager/ HTTP/1.1" 200 52424
INFO 2025-09-24 09:42:20,707 basehttp 2332 12828 "GET /cdic/manager/ HTTP/1.1" 200 51151
INFO 2025-09-24 09:42:23,802 basehttp 2332 12828 "GET /cdic/manager/ HTTP/1.1" 200 51151
INFO 2025-09-24 09:42:25,094 basehttp 2332 12828 "GET /da/manager/ HTTP/1.1" 200 52424
INFO 2025-09-24 09:42:26,921 basehttp 2332 12828 "GET /cdic/manager/ HTTP/1.1" 200 51151
INFO 2025-09-24 09:42:35,705 basehttp 2332 12828 "GET /da/manager/ HTTP/1.1" 200 52424
INFO 2025-09-24 09:42:38,528 basehttp 2332 12828 "GET /hine/manager/ HTTP/1.1" 200 52431
INFO 2025-09-24 09:42:57,778 basehttp 2332 12828 "GET /manager/assessment/ HTTP/1.1" 200 46932
INFO 2025-09-24 09:43:07,677 basehttp 2332 12828 "GET /hine/manager/ HTTP/1.1" 200 52431
INFO 2025-09-24 09:43:17,575 basehttp 2332 12828 "GET /manager/assessment/ HTTP/1.1" 200 46932
INFO 2025-09-24 09:43:29,170 basehttp 2332 12828 "GET /manager/assessment/ HTTP/1.1" 200 46932
INFO 2025-09-24 09:43:31,996 basehttp 2332 12828 "GET /cdic/manager/ HTTP/1.1" 200 51151
INFO 2025-09-24 09:43:35,479 basehttp 2332 12828 "GET /video/manager/ HTTP/1.1" 200 60057
INFO 2025-09-24 09:43:50,409 basehttp 2332 12828 "GET /attachment/manager/ HTTP/1.1" 200 65227
INFO 2025-09-24 09:44:00,782 basehttp 2332 12828 "GET /manager/bookmarks/ HTTP/1.1" 200 50008
INFO 2025-09-24 09:44:05,633 basehttp 2332 12828 "GET /attachment/manager/ HTTP/1.1" 200 65227
INFO 2025-09-24 09:44:16,481 basehttp 2332 12828 "GET /video/manager/ HTTP/1.1" 200 60057
INFO 2025-09-24 09:45:36,238 basehttp 2332 4348 "GET /manager/patient/ HTTP/1.1" 200 71930
INFO 2025-09-24 09:46:21,298 basehttp 2332 19164 "GET /manager/assessment/ HTTP/1.1" 200 46932
INFO 2025-09-24 09:48:07,896 basehttp 2332 19164 "GET /manager/patient/ HTTP/1.1" 200 71930
INFO 2025-09-24 09:51:54,254 basehttp 2332 19164 "GET /manager/patient/ HTTP/1.1" 200 70956
INFO 2025-09-24 09:52:53,049 basehttp 2332 19164 "GET /manager/patient/ HTTP/1.1" 200 62973
INFO 2025-09-24 09:53:44,033 basehttp 2332 19164 "GET /manager/assessment/ HTTP/1.1" 200 46932
INFO 2025-09-24 09:54:01,226 basehttp 2332 19164 "GET /manager/patient/ HTTP/1.1" 200 62973
INFO 2025-09-24 09:54:09,212 basehttp 2332 19164 "GET /manager/assessment/ HTTP/1.1" 200 46932
INFO 2025-09-24 09:57:06,976 basehttp 2332 19164 "GET /manager/assessment/ HTTP/1.1" 200 46932
INFO 2025-09-24 09:57:09,447 basehttp 2332 19164 "GET /manager/patient/ HTTP/1.1" 200 62973
INFO 2025-09-24 09:57:12,642 basehttp 2332 19164 "GET /manager/patient/ HTTP/1.1" 200 62973
INFO 2025-09-24 09:57:15,514 basehttp 2332 19164 "GET /manager/patient/ HTTP/1.1" 200 64243
INFO 2025-09-24 09:57:18,753 basehttp 2332 19164 "GET /manager/patient/ HTTP/1.1" 200 64243
INFO 2025-09-24 09:57:36,316 basehttp 2332 19164 "GET /manager/patient/ HTTP/1.1" 200 64243
INFO 2025-09-24 09:57:37,820 basehttp 2332 19164 "GET /manager/patient/ HTTP/1.1" 200 64243
INFO 2025-09-24 09:57:38,847 basehttp 2332 19164 "GET /manager/patient/ HTTP/1.1" 200 64243
INFO 2025-09-24 09:57:40,100 basehttp 2332 19164 "GET /manager/patient/ HTTP/1.1" 200 64243
INFO 2025-09-24 09:57:41,267 basehttp 2332 19164 "GET /manager/patient/ HTTP/1.1" 200 64243
INFO 2025-09-24 09:57:42,305 basehttp 2332 19164 "GET /manager/patient/ HTTP/1.1" 200 64243
INFO 2025-09-24 09:57:43,422 basehttp 2332 19164 "GET /manager/patient/ HTTP/1.1" 200 64243
INFO 2025-09-24 09:57:45,190 basehttp 2332 19164 "GET /manager/patient/ HTTP/1.1" 200 64243
INFO 2025-09-24 09:57:47,827 basehttp 2332 19164 "GET /manager/patient/ HTTP/1.1" 200 64243
INFO 2025-09-24 09:57:49,022 basehttp 2332 19164 "GET /manager/patient/ HTTP/1.1" 200 64243
INFO 2025-09-24 09:57:50,818 basehttp 2332 19164 "GET /manager/patient/ HTTP/1.1" 200 64243
INFO 2025-09-24 09:57:53,684 basehttp 2332 19164 "GET /manager/patient/ HTTP/1.1" 200 64243
INFO 2025-09-24 09:58:53,672 basehttp 2332 19164 "GET /manager/patient/ HTTP/1.1" 200 73082
INFO 2025-09-24 10:00:30,088 basehttp 2332 19164 "GET /manager/patient/ HTTP/1.1" 200 73098
INFO 2025-09-24 10:00:52,168 basehttp 2332 19164 "GET /manager/assessment/ HTTP/1.1" 200 46932
INFO 2025-09-24 10:00:57,785 basehttp 2332 19164 "GET /hine/manager/ HTTP/1.1" 200 52431
INFO 2025-09-24 10:01:06,555 basehttp 2332 19164 "GET /da/manager/ HTTP/1.1" 200 52424
INFO 2025-09-24 10:01:07,359 basehttp 2332 19164 "GET /cdic/manager/ HTTP/1.1" 200 51151
INFO 2025-09-24 10:01:11,384 basehttp 2332 19164 "GET /da/manager/ HTTP/1.1" 200 52424
INFO 2025-09-24 10:01:11,881 basehttp 2332 19164 "GET /hine/manager/ HTTP/1.1" 200 52431
INFO 2025-09-24 10:01:12,613 basehttp 2332 19164 "GET /manager/assessment/ HTTP/1.1" 200 46932
INFO 2025-09-24 10:01:18,454 basehttp 2332 19164 "GET /manager/patient/ HTTP/1.1" 200 73098
INFO 2025-09-24 10:01:21,505 basehttp 2332 19164 "GET /manager/assessment/ HTTP/1.1" 200 46932
INFO 2025-09-24 10:01:23,224 basehttp 2332 19164 "GET /da/manager/ HTTP/1.1" 200 52424
INFO 2025-09-24 10:01:26,214 basehttp 2332 19164 "GET /hine/manager/ HTTP/1.1" 200 52431
INFO 2025-09-24 10:01:29,357 basehttp 2332 19164 "GET /manager/patient/ HTTP/1.1" 200 73098
INFO 2025-09-24 10:02:33,815 basehttp 2332 19164 "GET /manager/patient/discharged HTTP/1.1" 200 50001
ERROR 2025-09-24 10:02:38,739 log 2332 19164 Internal Server Error: /manager/patient/diagnosed/da/abnormal
Traceback (most recent call last):
  File "D:\Projects\Current Projects\NDAS - Project\NDAS\venv\Lib\site-packages\django\core\handlers\exception.py", line 55, in inner
    response = get_response(request)
  File "D:\Projects\Current Projects\NDAS - Project\NDAS\venv\Lib\site-packages\django\core\handlers\base.py", line 197, in _get_response
    response = wrapped_callback(request, *callback_args, **callback_kwargs)
  File "D:\Projects\Current Projects\NDAS - Project\NDAS\venv\Lib\site-packages\django\contrib\auth\decorators.py", line 23, in _wrapped_view
    return view_func(request, *args, **kwargs)
  File "D:\Projects\Current Projects\NDAS - Project\NDAS\patients\views.py", line 240, in patient_manager_da_abnormal
    patients_list = getPatientList(PtStatus.DX_DA_ABNORMAL).order_by("-id")
                    ~~~~~~~~~~~~~~^^^^^^^^^^^^^^^^^^^^^^^^^
  File "D:\Projects\Current Projects\NDAS - Project\NDAS\ndas\custom_codes\custom_methods.py", line 259, in getPatientList
    return var_ptl.filter(developmentalassessment__is_dx_normal=False).distinct()
           ~~~~~~~~~~~~~~^^^^^^^^^^^^^^^^^^^^^^^^^^^^^^^^^^^^^^^^^^^^^
  File "D:\Projects\Current Projects\NDAS - Project\NDAS\venv\Lib\site-packages\django\db\models\query.py", line 1421, in filter
    return self._filter_or_exclude(False, args, kwargs)
           ~~~~~~~~~~~~~~~~~~~~~~~^^^^^^^^^^^^^^^^^^^^^
  File "D:\Projects\Current Projects\NDAS - Project\NDAS\venv\Lib\site-packages\django\db\models\query.py", line 1439, in _filter_or_exclude
    clone._filter_or_exclude_inplace(negate, args, kwargs)
    ~~~~~~~~~~~~~~~~~~~~~~~~~~~~~~~~^^^^^^^^^^^^^^^^^^^^^^
  File "D:\Projects\Current Projects\NDAS - Project\NDAS\venv\Lib\site-packages\django\db\models\query.py", line 1446, in _filter_or_exclude_inplace
    self._query.add_q(Q(*args, **kwargs))
    ~~~~~~~~~~~~~~~~~^^^^^^^^^^^^^^^^^^^^
  File "D:\Projects\Current Projects\NDAS - Project\NDAS\venv\Lib\site-packages\django\db\models\sql\query.py", line 1532, in add_q
    clause, _ = self._add_q(q_object, self.used_aliases)
                ~~~~~~~~~~~^^^^^^^^^^^^^^^^^^^^^^^^^^^^^
  File "D:\Projects\Current Projects\NDAS - Project\NDAS\venv\Lib\site-packages\django\db\models\sql\query.py", line 1562, in _add_q
    child_clause, needed_inner = self.build_filter(
                                 ~~~~~~~~~~~~~~~~~^
        child,
        ^^^^^^
    ...<5 lines>...
        check_filterable=check_filterable,
        ^^^^^^^^^^^^^^^^^^^^^^^^^^^^^^^^^^
    )
    ^
  File "D:\Projects\Current Projects\NDAS - Project\NDAS\venv\Lib\site-packages\django\db\models\sql\query.py", line 1407, in build_filter
    lookups, parts, reffed_expression = self.solve_lookup_type(arg)
                                        ~~~~~~~~~~~~~~~~~~~~~~^^^^^
  File "D:\Projects\Current Projects\NDAS - Project\NDAS\venv\Lib\site-packages\django\db\models\sql\query.py", line 1217, in solve_lookup_type
    _, field, _, lookup_parts = self.names_to_path(lookup_splitted, self.get_meta())
                                ~~~~~~~~~~~~~~~~~~^^^^^^^^^^^^^^^^^^^^^^^^^^^^^^^^^^
  File "D:\Projects\Current Projects\NDAS - Project\NDAS\venv\Lib\site-packages\django\db\models\sql\query.py", line 1709, in names_to_path
    raise FieldError(
    ...<2 lines>...
    )
django.core.exceptions.FieldError: Cannot resolve keyword 'developmentalassessment' into field. Choices are: added_by, added_by_id, address, antenatal_hx, apgar_1, apgar_10, apgar_5, attachments, baby_name, bht, birth_weight, cdicrecord, created_at, developmental_assessments, disk_no, do_admission, do_discharge, dob_tob, gender, gmassessment, hine_assessments, id, indecation_for_gma, intranatal_hx, last_edit_by, last_edit_by_id, length, mo_delivery, moh_area, mother_name, nnc_no, ofc, other_relavent_details, pc_no, phm_area, pin, pog_days, pog_wks, postnatal_hx, problems, ptc_no, resuscitated, resustn_note, tp_lan, tp_mobile, updated_at, videos
ERROR 2025-09-24 10:02:38,812 basehttp 2332 19164 "GET /manager/patient/diagnosed/da/abnormal HTTP/1.1" 500 134026
INFO 2025-09-24 10:02:43,484 basehttp 2332 19164 "GET /manager/patient/ HTTP/1.1" 200 73082
INFO 2025-09-24 10:06:36,699 basehttp 2332 19164 "GET /manager/patient/ HTTP/1.1" 200 73333
INFO 2025-09-24 10:08:11,348 basehttp 2332 19164 "GET /manager/patient/ HTTP/1.1" 200 73316
INFO 2025-09-24 10:08:58,291 basehttp 2332 19164 "GET /manager/patient/ HTTP/1.1" 200 73104
INFO 2025-09-24 10:09:39,519 basehttp 2332 19164 "GET /manager/patient/ HTTP/1.1" 200 72998
WARNING 2025-09-24 10:10:04,427 log 2332 18864 Not Found: /.well-known/appspecific/com.chrome.devtools.json
WARNING 2025-09-24 10:10:04,429 basehttp 2332 18864 "GET /.well-known/appspecific/com.chrome.devtools.json HTTP/1.1" 404 15988
INFO 2025-09-24 10:20:48,402 basehttp 2332 13268 "GET /manager/patient/ HTTP/1.1" 200 58864
INFO 2025-09-24 10:38:59,488 basehttp 2332 13192 "GET /manager/patient/ HTTP/1.1" 200 58864
INFO 2025-09-24 10:40:01,159 basehttp 2332 18920 "GET /manager/patient/ HTTP/1.1" 200 58864
INFO 2025-09-24 10:40:02,357 basehttp 2332 18920 "GET /manager/patient/ HTTP/1.1" 200 58864
INFO 2025-09-24 10:40:33,965 basehttp 2332 18920 "GET /manager/patient/ HTTP/1.1" 200 58864
INFO 2025-09-24 10:40:35,831 basehttp 2332 18920 "GET /manager/patient/ HTTP/1.1" 200 58864
INFO 2025-09-24 10:40:37,105 basehttp 2332 18920 "GET /manager/patient/ HTTP/1.1" 200 58864
INFO 2025-09-24 10:40:38,684 basehttp 2332 18920 "GET /manager/patient/ HTTP/1.1" 200 58864
INFO 2025-09-24 10:40:40,019 basehttp 2332 18920 "GET /manager/patient/ HTTP/1.1" 200 58864
INFO 2025-09-24 10:41:53,564 basehttp 2332 18920 "GET /manager/patient/ HTTP/1.1" 200 58813
INFO 2025-09-24 10:41:55,880 basehttp 2332 18920 "GET /manager/patient/ HTTP/1.1" 200 58813
INFO 2025-09-24 10:41:57,125 basehttp 2332 18920 "GET /manager/patient/ HTTP/1.1" 200 58813
INFO 2025-09-24 10:41:59,043 basehttp 2332 18920 "GET /manager/patient/ HTTP/1.1" 200 58813
INFO 2025-09-24 10:42:29,727 basehttp 2332 18920 "GET /manager/patient/ HTTP/1.1" 200 58057
INFO 2025-09-25 09:33:20,508 autoreload 15744 4128 Watching for file changes with StatReloader
INFO 2025-09-25 09:34:44,395 autoreload 8232 16756 Watching for file changes with StatReloader
INFO 2025-09-25 09:34:50,344 basehttp 8232 14080 "GET / HTTP/1.1" 302 0
INFO 2025-09-25 09:34:50,535 basehttp 8232 14080 "GET /users/login/?next=/ HTTP/1.1" 200 15740
INFO 2025-09-25 09:34:50,730 basehttp 8232 14080 "GET /static/css/login.css HTTP/1.1" 200 6558
INFO 2025-09-25 09:34:50,742 basehttp 8232 12312 "GET /static/js/login.js HTTP/1.1" 200 2964
WARNING 2025-09-25 09:34:51,135 log 8232 12312 Not Found: /favicon.ico
WARNING 2025-09-25 09:34:51,136 basehttp 8232 12312 "GET /favicon.ico HTTP/1.1" 404 15877
INFO 2025-09-25 09:35:00,256 basehttp 8232 10380 "GET /users/reset_password/ HTTP/1.1" 200 20301
INFO 2025-09-25 09:35:14,530 basehttp 8232 17488 "GET /users/login/ HTTP/1.1" 200 15740
INFO 2025-09-25 09:35:16,990 basehttp 8232 17488 "GET /users/reset_password/ HTTP/1.1" 200 20301
INFO 2025-09-25 09:35:19,799 basehttp 8232 8592 "GET /users/contact-developer/ HTTP/1.1" 200 16849
INFO 2025-09-25 09:35:32,530 basehttp 8232 10096 "GET /manager/patient/ HTTP/1.1" 302 0
INFO 2025-09-25 09:35:32,548 basehttp 8232 10096 "GET /users/login/?next=/manager/patient/ HTTP/1.1" 200 15740
INFO 2025-09-25 09:35:35,457 basehttp 8232 10096 "POST /users/login/ HTTP/1.1" 302 0
INFO 2025-09-25 09:35:35,856 basehttp 8232 10096 "GET / HTTP/1.1" 200 50513
INFO 2025-09-25 09:35:38,704 basehttp 8232 9452 "GET /manager/patient/ HTTP/1.1" 200 58864
INFO 2025-09-25 09:40:28,616 basehttp 8232 572 "GET /manager/patient/ HTTP/1.1" 200 58993
INFO 2025-09-25 09:40:40,987 basehttp 8232 572 "GET /manager/patient/ HTTP/1.1" 200 58993
INFO 2025-09-25 09:40:42,590 basehttp 8232 572 "GET /manager/patient/ HTTP/1.1" 200 58993
INFO 2025-09-25 09:40:45,463 basehttp 8232 15728 "GET /manager/patient/ HTTP/1.1" 200 58993
INFO 2025-09-25 09:40:47,348 basehttp 8232 15728 "GET /manager/patient/ HTTP/1.1" 200 58993
INFO 2025-09-25 09:40:49,499 basehttp 8232 15728 "GET /manager/patient/ HTTP/1.1" 200 58993
INFO 2025-09-25 09:40:52,048 basehttp 8232 15728 "GET /manager/patient/ HTTP/1.1" 200 58993
INFO 2025-09-25 09:40:58,163 basehttp 8232 15728 "GET /manager/patient/ HTTP/1.1" 200 58993
INFO 2025-09-25 09:41:00,392 basehttp 8232 15728 "GET /manager/patient/ HTTP/1.1" 200 58993
INFO 2025-09-25 09:41:01,438 basehttp 8232 15728 "GET /manager/patient/ HTTP/1.1" 200 58993
INFO 2025-09-25 09:41:02,286 basehttp 8232 15728 "GET /manager/patient/ HTTP/1.1" 200 58993
INFO 2025-09-25 09:41:02,635 basehttp 8232 15728 "GET /manager/patient/ HTTP/1.1" 200 58993
INFO 2025-09-25 09:41:02,953 basehttp 8232 15728 "GET /manager/patient/ HTTP/1.1" 200 58993
INFO 2025-09-25 09:41:03,220 basehttp 8232 15728 "GET /manager/patient/ HTTP/1.1" 200 58993
INFO 2025-09-25 09:46:03,871 basehttp 8232 9696 "GET /manager/patient/ HTTP/1.1" 200 58807
INFO 2025-09-25 09:46:07,805 basehttp 8232 9696 "GET /manager/patient/ HTTP/1.1" 200 58807
INFO 2025-09-25 09:46:09,250 basehttp 8232 9696 "GET /manager/patient/ HTTP/1.1" 200 58807
INFO 2025-09-25 09:46:10,162 basehttp 8232 9696 "GET /manager/patient/ HTTP/1.1" 200 58807
INFO 2025-09-25 09:46:13,729 basehttp 8232 9696 "GET /patient/view/4/ HTTP/1.1" 200 119528
INFO 2025-09-25 09:46:34,191 basehttp 8232 16428 "GET /manager/patient/ HTTP/1.1" 200 58993
INFO 2025-09-25 09:47:12,297 basehttp 8232 16428 "GET /manager/patient/ HTTP/1.1" 200 58942
INFO 2025-09-25 09:47:14,477 basehttp 8232 16428 "GET /manager/patient/ HTTP/1.1" 200 58942
INFO 2025-09-25 09:47:36,149 basehttp 8232 18704 "GET /manager/patient/ HTTP/1.1" 200 58918
INFO 2025-09-25 09:47:38,028 basehttp 8232 18704 "GET /manager/patient/ HTTP/1.1" 200 58918
INFO 2025-09-25 09:47:38,696 basehttp 8232 18704 "GET /manager/patient/ HTTP/1.1" 200 58918
INFO 2025-09-25 09:48:17,616 basehttp 8232 18704 "GET /manager/patient/ HTTP/1.1" 200 58858
INFO 2025-09-25 09:48:35,649 basehttp 8232 14408 "GET /manager/patient/ HTTP/1.1" 200 58918
INFO 2025-09-25 09:49:44,907 basehttp 8232 13920 "GET /manager/patient/ HTTP/1.1" 200 58891
INFO 2025-09-25 09:49:46,339 basehttp 8232 13920 "GET /manager/patient/ HTTP/1.1" 200 58891
INFO 2025-09-25 09:50:02,398 basehttp 8232 13920 "GET /manager/patient/ HTTP/1.1" 200 58933
INFO 2025-09-25 09:50:03,447 basehttp 8232 13920 "GET /manager/patient/ HTTP/1.1" 200 58933
ERROR 2025-09-25 09:50:20,561 log 8232 8132 Internal Server Error: /manager/patient/
Traceback (most recent call last):
  File "D:\Projects\Current Projects\NDAS - Project\NDAS\venv\Lib\site-packages\django\template\base.py", line 505, in parse
    compile_func = self.tags[command]
                   ~~~~~~~~~^^^^^^^^^
KeyError: 'endif'

During handling of the above exception, another exception occurred:

Traceback (most recent call last):
  File "D:\Projects\Current Projects\NDAS - Project\NDAS\venv\Lib\site-packages\django\core\handlers\exception.py", line 55, in inner
    response = get_response(request)
  File "D:\Projects\Current Projects\NDAS - Project\NDAS\venv\Lib\site-packages\django\core\handlers\base.py", line 197, in _get_response
    response = wrapped_callback(request, *callback_args, **callback_kwargs)
  File "D:\Projects\Current Projects\NDAS - Project\NDAS\venv\Lib\site-packages\django\contrib\auth\decorators.py", line 23, in _wrapped_view
    return view_func(request, *args, **kwargs)
  File "D:\Projects\Current Projects\NDAS - Project\NDAS\patients\views.py", line 155, in patient_manager
    return render(
        request, "patients/manager.html", {"patients_page_obj": paginated_pt_list}
    )
  File "D:\Projects\Current Projects\NDAS - Project\NDAS\venv\Lib\site-packages\django\shortcuts.py", line 24, in render
    content = loader.render_to_string(template_name, context, request, using=using)
  File "D:\Projects\Current Projects\NDAS - Project\NDAS\venv\Lib\site-packages\django\template\loader.py", line 61, in render_to_string
    template = get_template(template_name, using=using)
  File "D:\Projects\Current Projects\NDAS - Project\NDAS\venv\Lib\site-packages\django\template\loader.py", line 15, in get_template
    return engine.get_template(template_name)
           ~~~~~~~~~~~~~~~~~~~^^^^^^^^^^^^^^^
  File "D:\Projects\Current Projects\NDAS - Project\NDAS\venv\Lib\site-packages\django\template\backends\django.py", line 34, in get_template
    return Template(self.engine.get_template(template_name), self)
                    ~~~~~~~~~~~~~~~~~~~~~~~~^^^^^^^^^^^^^^^
  File "D:\Projects\Current Projects\NDAS - Project\NDAS\venv\Lib\site-packages\django\template\engine.py", line 175, in get_template
    template, origin = self.find_template(template_name)
                       ~~~~~~~~~~~~~~~~~~^^^^^^^^^^^^^^^
  File "D:\Projects\Current Projects\NDAS - Project\NDAS\venv\Lib\site-packages\django\template\engine.py", line 157, in find_template
    template = loader.get_template(name, skip=skip)
  File "D:\Projects\Current Projects\NDAS - Project\NDAS\venv\Lib\site-packages\django\template\loaders\cached.py", line 57, in get_template
    template = super().get_template(template_name, skip)
  File "D:\Projects\Current Projects\NDAS - Project\NDAS\venv\Lib\site-packages\django\template\loaders\base.py", line 28, in get_template
    return Template(
        contents,
    ...<2 lines>...
        self.engine,
    )
  File "D:\Projects\Current Projects\NDAS - Project\NDAS\venv\Lib\site-packages\django\template\base.py", line 154, in __init__
    self.nodelist = self.compile_nodelist()
                    ~~~~~~~~~~~~~~~~~~~~~^^
  File "D:\Projects\Current Projects\NDAS - Project\NDAS\venv\Lib\site-packages\django\template\base.py", line 200, in compile_nodelist
    return parser.parse()
           ~~~~~~~~~~~~^^
  File "D:\Projects\Current Projects\NDAS - Project\NDAS\venv\Lib\site-packages\django\template\base.py", line 513, in parse
    raise self.error(token, e)
  File "D:\Projects\Current Projects\NDAS - Project\NDAS\venv\Lib\site-packages\django\template\base.py", line 511, in parse
    compiled_result = compile_func(self, token)
  File "D:\Projects\Current Projects\NDAS - Project\NDAS\venv\Lib\site-packages\django\template\loader_tags.py", line 293, in do_extends
    nodelist = parser.parse()
  File "D:\Projects\Current Projects\NDAS - Project\NDAS\venv\Lib\site-packages\django\template\base.py", line 513, in parse
    raise self.error(token, e)
  File "D:\Projects\Current Projects\NDAS - Project\NDAS\venv\Lib\site-packages\django\template\base.py", line 511, in parse
    compiled_result = compile_func(self, token)
  File "D:\Projects\Current Projects\NDAS - Project\NDAS\venv\Lib\site-packages\django\template\loader_tags.py", line 232, in do_block
    nodelist = parser.parse(("endblock",))
  File "D:\Projects\Current Projects\NDAS - Project\NDAS\venv\Lib\site-packages\django\template\base.py", line 507, in parse
    self.invalid_block_tag(token, command, parse_until)
    ~~~~~~~~~~~~~~~~~~~~~~^^^^^^^^^^^^^^^^^^^^^^^^^^^^^
  File "D:\Projects\Current Projects\NDAS - Project\NDAS\venv\Lib\site-packages\django\template\base.py", line 558, in invalid_block_tag
    raise self.error(
    ...<8 lines>...
    )
django.template.exceptions.TemplateSyntaxError: Invalid block tag on line 18: 'endif', expected 'endblock'. Did you forget to register or load this tag?
ERROR 2025-09-25 09:50:20,587 basehttp 8232 8132 "GET /manager/patient/ HTTP/1.1" 500 264856
INFO 2025-09-25 09:50:44,088 basehttp 8232 10720 "GET /manager/patient/ HTTP/1.1" 200 58864
INFO 2025-09-25 09:51:07,546 basehttp 8232 10720 "GET /manager/patient/ HTTP/1.1" 200 58762
INFO 2025-09-25 09:52:19,018 basehttp 8232 10720 "GET /manager/patient/ HTTP/1.1" 200 58441
ERROR 2025-09-25 09:52:45,228 log 8232 10720 Internal Server Error: /manager/patient/
Traceback (most recent call last):
  File "D:\Projects\Current Projects\NDAS - Project\NDAS\venv\Lib\site-packages\django\template\base.py", line 505, in parse
    compile_func = self.tags[command]
                   ~~~~~~~~~^^^^^^^^^
KeyError: 'endif'

During handling of the above exception, another exception occurred:

Traceback (most recent call last):
  File "D:\Projects\Current Projects\NDAS - Project\NDAS\venv\Lib\site-packages\django\core\handlers\exception.py", line 55, in inner
    response = get_response(request)
  File "D:\Projects\Current Projects\NDAS - Project\NDAS\venv\Lib\site-packages\django\core\handlers\base.py", line 197, in _get_response
    response = wrapped_callback(request, *callback_args, **callback_kwargs)
  File "D:\Projects\Current Projects\NDAS - Project\NDAS\venv\Lib\site-packages\django\contrib\auth\decorators.py", line 23, in _wrapped_view
    return view_func(request, *args, **kwargs)
  File "D:\Projects\Current Projects\NDAS - Project\NDAS\patients\views.py", line 155, in patient_manager
    return render(
        request, "patients/manager.html", {"patients_page_obj": paginated_pt_list}
    )
  File "D:\Projects\Current Projects\NDAS - Project\NDAS\venv\Lib\site-packages\django\shortcuts.py", line 24, in render
    content = loader.render_to_string(template_name, context, request, using=using)
  File "D:\Projects\Current Projects\NDAS - Project\NDAS\venv\Lib\site-packages\django\template\loader.py", line 61, in render_to_string
    template = get_template(template_name, using=using)
  File "D:\Projects\Current Projects\NDAS - Project\NDAS\venv\Lib\site-packages\django\template\loader.py", line 15, in get_template
    return engine.get_template(template_name)
           ~~~~~~~~~~~~~~~~~~~^^^^^^^^^^^^^^^
  File "D:\Projects\Current Projects\NDAS - Project\NDAS\venv\Lib\site-packages\django\template\backends\django.py", line 34, in get_template
    return Template(self.engine.get_template(template_name), self)
                    ~~~~~~~~~~~~~~~~~~~~~~~~^^^^^^^^^^^^^^^
  File "D:\Projects\Current Projects\NDAS - Project\NDAS\venv\Lib\site-packages\django\template\engine.py", line 175, in get_template
    template, origin = self.find_template(template_name)
                       ~~~~~~~~~~~~~~~~~~^^^^^^^^^^^^^^^
  File "D:\Projects\Current Projects\NDAS - Project\NDAS\venv\Lib\site-packages\django\template\engine.py", line 157, in find_template
    template = loader.get_template(name, skip=skip)
  File "D:\Projects\Current Projects\NDAS - Project\NDAS\venv\Lib\site-packages\django\template\loaders\cached.py", line 57, in get_template
    template = super().get_template(template_name, skip)
  File "D:\Projects\Current Projects\NDAS - Project\NDAS\venv\Lib\site-packages\django\template\loaders\base.py", line 28, in get_template
    return Template(
        contents,
    ...<2 lines>...
        self.engine,
    )
  File "D:\Projects\Current Projects\NDAS - Project\NDAS\venv\Lib\site-packages\django\template\base.py", line 154, in __init__
    self.nodelist = self.compile_nodelist()
                    ~~~~~~~~~~~~~~~~~~~~~^^
  File "D:\Projects\Current Projects\NDAS - Project\NDAS\venv\Lib\site-packages\django\template\base.py", line 200, in compile_nodelist
    return parser.parse()
           ~~~~~~~~~~~~^^
  File "D:\Projects\Current Projects\NDAS - Project\NDAS\venv\Lib\site-packages\django\template\base.py", line 513, in parse
    raise self.error(token, e)
  File "D:\Projects\Current Projects\NDAS - Project\NDAS\venv\Lib\site-packages\django\template\base.py", line 511, in parse
    compiled_result = compile_func(self, token)
  File "D:\Projects\Current Projects\NDAS - Project\NDAS\venv\Lib\site-packages\django\template\loader_tags.py", line 293, in do_extends
    nodelist = parser.parse()
  File "D:\Projects\Current Projects\NDAS - Project\NDAS\venv\Lib\site-packages\django\template\base.py", line 513, in parse
    raise self.error(token, e)
  File "D:\Projects\Current Projects\NDAS - Project\NDAS\venv\Lib\site-packages\django\template\base.py", line 511, in parse
    compiled_result = compile_func(self, token)
  File "D:\Projects\Current Projects\NDAS - Project\NDAS\venv\Lib\site-packages\django\template\loader_tags.py", line 232, in do_block
    nodelist = parser.parse(("endblock",))
  File "D:\Projects\Current Projects\NDAS - Project\NDAS\venv\Lib\site-packages\django\template\base.py", line 507, in parse
    self.invalid_block_tag(token, command, parse_until)
    ~~~~~~~~~~~~~~~~~~~~~~^^^^^^^^^^^^^^^^^^^^^^^^^^^^^
  File "D:\Projects\Current Projects\NDAS - Project\NDAS\venv\Lib\site-packages\django\template\base.py", line 558, in invalid_block_tag
    raise self.error(
    ...<8 lines>...
    )
django.template.exceptions.TemplateSyntaxError: Invalid block tag on line 18: 'endif', expected 'endblock'. Did you forget to register or load this tag?
ERROR 2025-09-25 09:52:45,242 basehttp 8232 10720 "GET /manager/patient/ HTTP/1.1" 500 264836
INFO 2025-09-25 09:53:01,092 basehttp 8232 10720 "GET /manager/patient/ HTTP/1.1" 200 58441
INFO 2025-09-25 09:54:24,065 basehttp 8232 10720 "GET /manager/patient/ HTTP/1.1" 200 58519
INFO 2025-09-25 09:54:26,734 basehttp 8232 10720 "GET /manager/patient/ HTTP/1.1" 200 58519
INFO 2025-09-25 09:54:29,537 basehttp 8232 10720 "GET /manager/patient/ HTTP/1.1" 200 58519
INFO 2025-09-25 09:54:32,076 basehttp 8232 10720 "GET /manager/patient/ HTTP/1.1" 200 58519
INFO 2025-09-25 09:54:54,931 basehttp 8232 10720 "GET /manager/patient/ HTTP/1.1" 200 58519
INFO 2025-09-25 09:54:57,198 basehttp 8232 10720 "GET /manager/patient/ HTTP/1.1" 200 58519
INFO 2025-09-25 09:54:59,643 basehttp 8232 10720 "GET /manager/patient/ HTTP/1.1" 200 58519
INFO 2025-09-25 09:55:03,879 basehttp 8232 10720 "GET /manager/patient/ HTTP/1.1" 200 58519
WARNING 2025-09-25 09:55:38,205 log 8232 17092 Not Found: /favicon.ico
WARNING 2025-09-25 09:55:38,208 basehttp 8232 17092 "GET /favicon.ico HTTP/1.1" 404 15877
INFO 2025-09-25 09:59:44,526 basehttp 8232 18844 "GET /manager/patient/ HTTP/1.1" 200 58519
INFO 2025-09-25 09:59:47,196 basehttp 8232 18844 "GET /manager/patient/ HTTP/1.1" 200 58519
INFO 2025-09-25 09:59:48,411 basehttp 8232 18844 "GET /manager/patient/ HTTP/1.1" 200 58519
INFO 2025-09-25 09:59:54,337 basehttp 8232 18844 "GET /users/logout/ HTTP/1.1" 302 0
INFO 2025-09-25 09:59:54,362 basehttp 8232 18844 "GET /users/login/ HTTP/1.1" 200 16070
INFO 2025-09-25 09:59:56,182 basehttp 8232 18844 "POST /users/login/ HTTP/1.1" 302 0
INFO 2025-09-25 09:59:56,377 basehttp 8232 18844 "GET / HTTP/1.1" 200 50513
INFO 2025-09-25 09:59:58,580 basehttp 8232 18844 "GET /manager/patient/ HTTP/1.1" 200 58519
INFO 2025-09-25 10:00:05,611 basehttp 8232 18844 "GET /manager/assessment/ HTTP/1.1" 200 46932
INFO 2025-09-25 10:00:07,439 basehttp 8232 18844 "GET /hine/manager/ HTTP/1.1" 200 52431
INFO 2025-09-25 10:00:14,343 basehttp 8232 18844 "GET /da/manager/ HTTP/1.1" 200 52424
INFO 2025-09-25 10:00:15,942 basehttp 8232 18844 "GET /cdic/manager/ HTTP/1.1" 200 51151
INFO 2025-09-25 10:00:18,269 basehttp 8232 18844 "GET /manager/assessment/ HTTP/1.1" 200 46932
INFO 2025-09-25 10:00:38,335 basehttp 8232 18844 "GET /manager/patient/ HTTP/1.1" 200 58519
INFO 2025-09-25 10:04:15,549 basehttp 8232 15276 "GET /manager/patient/ HTTP/1.1" 200 58519
INFO 2025-09-25 10:04:19,086 basehttp 8232 15276 "GET /manager/patient/ HTTP/1.1" 200 58519
INFO 2025-09-25 10:43:21,998 basehttp 8232 12068 "GET /manager/patient/ HTTP/1.1" 200 57535
INFO 2025-09-25 10:43:27,446 basehttp 8232 12068 - Broken pipe from ('127.0.0.1', 60030)
INFO 2025-09-25 10:50:25,181 basehttp 8232 6752 "GET /manager/patient/ HTTP/1.1" 200 51808
INFO 2025-09-25 10:51:08,392 basehttp 8232 6752 "GET /manager/patient/ HTTP/1.1" 200 51808
INFO 2025-09-25 10:51:11,759 basehttp 8232 6752 "GET /manager/patient/ HTTP/1.1" 200 51808
INFO 2025-09-25 10:51:12,742 basehttp 8232 6752 "GET /manager/patient/ HTTP/1.1" 200 51808
INFO 2025-09-25 10:51:14,458 basehttp 8232 6752 "GET /manager/patient/ HTTP/1.1" 200 51808
INFO 2025-09-25 10:51:16,054 basehttp 8232 6752 "GET /manager/patient/ HTTP/1.1" 200 51808
INFO 2025-09-25 10:52:29,515 basehttp 8232 6752 "GET /manager/patient/ HTTP/1.1" 200 51808
INFO 2025-09-25 10:52:37,471 basehttp 8232 6752 "GET /manager/patient/ HTTP/1.1" 200 51808
INFO 2025-09-25 10:52:38,605 basehttp 8232 6752 "GET /manager/patient/ HTTP/1.1" 200 51808
INFO 2025-09-25 10:52:39,649 basehttp 8232 6752 "GET /manager/patient/ HTTP/1.1" 200 51808
INFO 2025-09-25 10:52:40,645 basehttp 8232 6752 "GET /manager/patient/ HTTP/1.1" 200 51808
INFO 2025-09-25 10:53:09,471 basehttp 8232 6752 "GET /manager/patient/ HTTP/1.1" 200 51808
ERROR 2025-09-25 10:53:12,785 log 8232 6752 Internal Server Error: /manager/patient/
Traceback (most recent call last):
  File "D:\Projects\Current Projects\NDAS - Project\NDAS\venv\Lib\site-packages\django\core\handlers\exception.py", line 55, in inner
    response = get_response(request)
  File "D:\Projects\Current Projects\NDAS - Project\NDAS\venv\Lib\site-packages\django\core\handlers\base.py", line 197, in _get_response
    response = wrapped_callback(request, *callback_args, **callback_kwargs)
  File "D:\Projects\Current Projects\NDAS - Project\NDAS\venv\Lib\site-packages\django\contrib\auth\decorators.py", line 23, in _wrapped_view
    return view_func(request, *args, **kwargs)
  File "D:\Projects\Current Projects\NDAS - Project\NDAS\patients\views.py", line 155, in patient_manager
    return render(
        request, "patients/manager.html", {"patients_page_obj": paginated_pt_list}
    )
  File "D:\Projects\Current Projects\NDAS - Project\NDAS\venv\Lib\site-packages\django\shortcuts.py", line 24, in render
    content = loader.render_to_string(template_name, context, request, using=using)
  File "D:\Projects\Current Projects\NDAS - Project\NDAS\venv\Lib\site-packages\django\template\loader.py", line 61, in render_to_string
    template = get_template(template_name, using=using)
  File "D:\Projects\Current Projects\NDAS - Project\NDAS\venv\Lib\site-packages\django\template\loader.py", line 15, in get_template
    return engine.get_template(template_name)
           ~~~~~~~~~~~~~~~~~~~^^^^^^^^^^^^^^^
  File "D:\Projects\Current Projects\NDAS - Project\NDAS\venv\Lib\site-packages\django\template\backends\django.py", line 34, in get_template
    return Template(self.engine.get_template(template_name), self)
                    ~~~~~~~~~~~~~~~~~~~~~~~~^^^^^^^^^^^^^^^
  File "D:\Projects\Current Projects\NDAS - Project\NDAS\venv\Lib\site-packages\django\template\engine.py", line 175, in get_template
    template, origin = self.find_template(template_name)
                       ~~~~~~~~~~~~~~~~~~^^^^^^^^^^^^^^^
  File "D:\Projects\Current Projects\NDAS - Project\NDAS\venv\Lib\site-packages\django\template\engine.py", line 157, in find_template
    template = loader.get_template(name, skip=skip)
  File "D:\Projects\Current Projects\NDAS - Project\NDAS\venv\Lib\site-packages\django\template\loaders\cached.py", line 57, in get_template
    template = super().get_template(template_name, skip)
  File "D:\Projects\Current Projects\NDAS - Project\NDAS\venv\Lib\site-packages\django\template\loaders\base.py", line 28, in get_template
    return Template(
        contents,
    ...<2 lines>...
        self.engine,
    )
  File "D:\Projects\Current Projects\NDAS - Project\NDAS\venv\Lib\site-packages\django\template\base.py", line 154, in __init__
    self.nodelist = self.compile_nodelist()
                    ~~~~~~~~~~~~~~~~~~~~~^^
  File "D:\Projects\Current Projects\NDAS - Project\NDAS\venv\Lib\site-packages\django\template\base.py", line 200, in compile_nodelist
    return parser.parse()
           ~~~~~~~~~~~~^^
  File "D:\Projects\Current Projects\NDAS - Project\NDAS\venv\Lib\site-packages\django\template\base.py", line 513, in parse
    raise self.error(token, e)
  File "D:\Projects\Current Projects\NDAS - Project\NDAS\venv\Lib\site-packages\django\template\base.py", line 511, in parse
    compiled_result = compile_func(self, token)
  File "D:\Projects\Current Projects\NDAS - Project\NDAS\venv\Lib\site-packages\django\template\loader_tags.py", line 293, in do_extends
    nodelist = parser.parse()
  File "D:\Projects\Current Projects\NDAS - Project\NDAS\venv\Lib\site-packages\django\template\base.py", line 513, in parse
    raise self.error(token, e)
  File "D:\Projects\Current Projects\NDAS - Project\NDAS\venv\Lib\site-packages\django\template\base.py", line 511, in parse
    compiled_result = compile_func(self, token)
  File "D:\Projects\Current Projects\NDAS - Project\NDAS\venv\Lib\site-packages\django\template\loader_tags.py", line 232, in do_block
    nodelist = parser.parse(("endblock",))
  File "D:\Projects\Current Projects\NDAS - Project\NDAS\venv\Lib\site-packages\django\template\base.py", line 513, in parse
    raise self.error(token, e)
  File "D:\Projects\Current Projects\NDAS - Project\NDAS\venv\Lib\site-packages\django\template\base.py", line 511, in parse
    compiled_result = compile_func(self, token)
  File "D:\Projects\Current Projects\NDAS - Project\NDAS\venv\Lib\site-packages\django\template\defaulttags.py", line 954, in do_if
    nodelist = parser.parse(("elif", "else", "endif"))
  File "D:\Projects\Current Projects\NDAS - Project\NDAS\venv\Lib\site-packages\django\template\base.py", line 513, in parse
    raise self.error(token, e)
  File "D:\Projects\Current Projects\NDAS - Project\NDAS\venv\Lib\site-packages\django\template\base.py", line 511, in parse
    compiled_result = compile_func(self, token)
  File "D:\Projects\Current Projects\NDAS - Project\NDAS\venv\Lib\site-packages\django\template\defaulttags.py", line 954, in do_if
    nodelist = parser.parse(("elif", "else", "endif"))
  File "D:\Projects\Current Projects\NDAS - Project\NDAS\venv\Lib\site-packages\django\template\base.py", line 484, in parse
    raise self.error(token, e)
  File "D:\Projects\Current Projects\NDAS - Project\NDAS\venv\Lib\site-packages\django\template\base.py", line 482, in parse
    filter_expression = self.compile_filter(token.contents)
  File "D:\Projects\Current Projects\NDAS - Project\NDAS\venv\Lib\site-packages\django\template\base.py", line 600, in compile_filter
    return FilterExpression(token, self)
  File "D:\Projects\Current Projects\NDAS - Project\NDAS\venv\Lib\site-packages\django\template\base.py", line 698, in __init__
    filter_func = parser.find_filter(filter_name)
  File "D:\Projects\Current Projects\NDAS - Project\NDAS\venv\Lib\site-packages\django\template\base.py", line 606, in find_filter
    raise TemplateSyntaxError("Invalid filter: '%s'" % filter_name)
django.template.exceptions.TemplateSyntaxError: Invalid filter: 'mul'
ERROR 2025-09-25 10:53:12,809 basehttp 8232 6752 "GET /manager/patient/ HTTP/1.1" 500 334684
ERROR 2025-09-25 10:53:15,239 log 8232 6752 Internal Server Error: /manager/patient/
Traceback (most recent call last):
  File "D:\Projects\Current Projects\NDAS - Project\NDAS\venv\Lib\site-packages\django\core\handlers\exception.py", line 55, in inner
    response = get_response(request)
  File "D:\Projects\Current Projects\NDAS - Project\NDAS\venv\Lib\site-packages\django\core\handlers\base.py", line 197, in _get_response
    response = wrapped_callback(request, *callback_args, **callback_kwargs)
  File "D:\Projects\Current Projects\NDAS - Project\NDAS\venv\Lib\site-packages\django\contrib\auth\decorators.py", line 23, in _wrapped_view
    return view_func(request, *args, **kwargs)
  File "D:\Projects\Current Projects\NDAS - Project\NDAS\patients\views.py", line 155, in patient_manager
    return render(
        request, "patients/manager.html", {"patients_page_obj": paginated_pt_list}
    )
  File "D:\Projects\Current Projects\NDAS - Project\NDAS\venv\Lib\site-packages\django\shortcuts.py", line 24, in render
    content = loader.render_to_string(template_name, context, request, using=using)
  File "D:\Projects\Current Projects\NDAS - Project\NDAS\venv\Lib\site-packages\django\template\loader.py", line 61, in render_to_string
    template = get_template(template_name, using=using)
  File "D:\Projects\Current Projects\NDAS - Project\NDAS\venv\Lib\site-packages\django\template\loader.py", line 15, in get_template
    return engine.get_template(template_name)
           ~~~~~~~~~~~~~~~~~~~^^^^^^^^^^^^^^^
  File "D:\Projects\Current Projects\NDAS - Project\NDAS\venv\Lib\site-packages\django\template\backends\django.py", line 34, in get_template
    return Template(self.engine.get_template(template_name), self)
                    ~~~~~~~~~~~~~~~~~~~~~~~~^^^^^^^^^^^^^^^
  File "D:\Projects\Current Projects\NDAS - Project\NDAS\venv\Lib\site-packages\django\template\engine.py", line 175, in get_template
    template, origin = self.find_template(template_name)
                       ~~~~~~~~~~~~~~~~~~^^^^^^^^^^^^^^^
  File "D:\Projects\Current Projects\NDAS - Project\NDAS\venv\Lib\site-packages\django\template\engine.py", line 157, in find_template
    template = loader.get_template(name, skip=skip)
  File "D:\Projects\Current Projects\NDAS - Project\NDAS\venv\Lib\site-packages\django\template\loaders\cached.py", line 57, in get_template
    template = super().get_template(template_name, skip)
  File "D:\Projects\Current Projects\NDAS - Project\NDAS\venv\Lib\site-packages\django\template\loaders\base.py", line 28, in get_template
    return Template(
        contents,
    ...<2 lines>...
        self.engine,
    )
  File "D:\Projects\Current Projects\NDAS - Project\NDAS\venv\Lib\site-packages\django\template\base.py", line 154, in __init__
    self.nodelist = self.compile_nodelist()
                    ~~~~~~~~~~~~~~~~~~~~~^^
  File "D:\Projects\Current Projects\NDAS - Project\NDAS\venv\Lib\site-packages\django\template\base.py", line 200, in compile_nodelist
    return parser.parse()
           ~~~~~~~~~~~~^^
  File "D:\Projects\Current Projects\NDAS - Project\NDAS\venv\Lib\site-packages\django\template\base.py", line 513, in parse
    raise self.error(token, e)
  File "D:\Projects\Current Projects\NDAS - Project\NDAS\venv\Lib\site-packages\django\template\base.py", line 511, in parse
    compiled_result = compile_func(self, token)
  File "D:\Projects\Current Projects\NDAS - Project\NDAS\venv\Lib\site-packages\django\template\loader_tags.py", line 293, in do_extends
    nodelist = parser.parse()
  File "D:\Projects\Current Projects\NDAS - Project\NDAS\venv\Lib\site-packages\django\template\base.py", line 513, in parse
    raise self.error(token, e)
  File "D:\Projects\Current Projects\NDAS - Project\NDAS\venv\Lib\site-packages\django\template\base.py", line 511, in parse
    compiled_result = compile_func(self, token)
  File "D:\Projects\Current Projects\NDAS - Project\NDAS\venv\Lib\site-packages\django\template\loader_tags.py", line 232, in do_block
    nodelist = parser.parse(("endblock",))
  File "D:\Projects\Current Projects\NDAS - Project\NDAS\venv\Lib\site-packages\django\template\base.py", line 513, in parse
    raise self.error(token, e)
  File "D:\Projects\Current Projects\NDAS - Project\NDAS\venv\Lib\site-packages\django\template\base.py", line 511, in parse
    compiled_result = compile_func(self, token)
  File "D:\Projects\Current Projects\NDAS - Project\NDAS\venv\Lib\site-packages\django\template\defaulttags.py", line 954, in do_if
    nodelist = parser.parse(("elif", "else", "endif"))
  File "D:\Projects\Current Projects\NDAS - Project\NDAS\venv\Lib\site-packages\django\template\base.py", line 513, in parse
    raise self.error(token, e)
  File "D:\Projects\Current Projects\NDAS - Project\NDAS\venv\Lib\site-packages\django\template\base.py", line 511, in parse
    compiled_result = compile_func(self, token)
  File "D:\Projects\Current Projects\NDAS - Project\NDAS\venv\Lib\site-packages\django\template\defaulttags.py", line 954, in do_if
    nodelist = parser.parse(("elif", "else", "endif"))
  File "D:\Projects\Current Projects\NDAS - Project\NDAS\venv\Lib\site-packages\django\template\base.py", line 484, in parse
    raise self.error(token, e)
  File "D:\Projects\Current Projects\NDAS - Project\NDAS\venv\Lib\site-packages\django\template\base.py", line 482, in parse
    filter_expression = self.compile_filter(token.contents)
  File "D:\Projects\Current Projects\NDAS - Project\NDAS\venv\Lib\site-packages\django\template\base.py", line 600, in compile_filter
    return FilterExpression(token, self)
  File "D:\Projects\Current Projects\NDAS - Project\NDAS\venv\Lib\site-packages\django\template\base.py", line 698, in __init__
    filter_func = parser.find_filter(filter_name)
  File "D:\Projects\Current Projects\NDAS - Project\NDAS\venv\Lib\site-packages\django\template\base.py", line 606, in find_filter
    raise TemplateSyntaxError("Invalid filter: '%s'" % filter_name)
django.template.exceptions.TemplateSyntaxError: Invalid filter: 'mul'
ERROR 2025-09-25 10:53:15,272 basehttp 8232 6752 "GET /manager/patient/ HTTP/1.1" 500 334684
ERROR 2025-09-25 10:53:17,340 log 8232 6752 Internal Server Error: /manager/patient/
Traceback (most recent call last):
  File "D:\Projects\Current Projects\NDAS - Project\NDAS\venv\Lib\site-packages\django\core\handlers\exception.py", line 55, in inner
    response = get_response(request)
  File "D:\Projects\Current Projects\NDAS - Project\NDAS\venv\Lib\site-packages\django\core\handlers\base.py", line 197, in _get_response
    response = wrapped_callback(request, *callback_args, **callback_kwargs)
  File "D:\Projects\Current Projects\NDAS - Project\NDAS\venv\Lib\site-packages\django\contrib\auth\decorators.py", line 23, in _wrapped_view
    return view_func(request, *args, **kwargs)
  File "D:\Projects\Current Projects\NDAS - Project\NDAS\patients\views.py", line 155, in patient_manager
    return render(
        request, "patients/manager.html", {"patients_page_obj": paginated_pt_list}
    )
  File "D:\Projects\Current Projects\NDAS - Project\NDAS\venv\Lib\site-packages\django\shortcuts.py", line 24, in render
    content = loader.render_to_string(template_name, context, request, using=using)
  File "D:\Projects\Current Projects\NDAS - Project\NDAS\venv\Lib\site-packages\django\template\loader.py", line 61, in render_to_string
    template = get_template(template_name, using=using)
  File "D:\Projects\Current Projects\NDAS - Project\NDAS\venv\Lib\site-packages\django\template\loader.py", line 15, in get_template
    return engine.get_template(template_name)
           ~~~~~~~~~~~~~~~~~~~^^^^^^^^^^^^^^^
  File "D:\Projects\Current Projects\NDAS - Project\NDAS\venv\Lib\site-packages\django\template\backends\django.py", line 34, in get_template
    return Template(self.engine.get_template(template_name), self)
                    ~~~~~~~~~~~~~~~~~~~~~~~~^^^^^^^^^^^^^^^
  File "D:\Projects\Current Projects\NDAS - Project\NDAS\venv\Lib\site-packages\django\template\engine.py", line 175, in get_template
    template, origin = self.find_template(template_name)
                       ~~~~~~~~~~~~~~~~~~^^^^^^^^^^^^^^^
  File "D:\Projects\Current Projects\NDAS - Project\NDAS\venv\Lib\site-packages\django\template\engine.py", line 157, in find_template
    template = loader.get_template(name, skip=skip)
  File "D:\Projects\Current Projects\NDAS - Project\NDAS\venv\Lib\site-packages\django\template\loaders\cached.py", line 57, in get_template
    template = super().get_template(template_name, skip)
  File "D:\Projects\Current Projects\NDAS - Project\NDAS\venv\Lib\site-packages\django\template\loaders\base.py", line 28, in get_template
    return Template(
        contents,
    ...<2 lines>...
        self.engine,
    )
  File "D:\Projects\Current Projects\NDAS - Project\NDAS\venv\Lib\site-packages\django\template\base.py", line 154, in __init__
    self.nodelist = self.compile_nodelist()
                    ~~~~~~~~~~~~~~~~~~~~~^^
  File "D:\Projects\Current Projects\NDAS - Project\NDAS\venv\Lib\site-packages\django\template\base.py", line 200, in compile_nodelist
    return parser.parse()
           ~~~~~~~~~~~~^^
  File "D:\Projects\Current Projects\NDAS - Project\NDAS\venv\Lib\site-packages\django\template\base.py", line 513, in parse
    raise self.error(token, e)
  File "D:\Projects\Current Projects\NDAS - Project\NDAS\venv\Lib\site-packages\django\template\base.py", line 511, in parse
    compiled_result = compile_func(self, token)
  File "D:\Projects\Current Projects\NDAS - Project\NDAS\venv\Lib\site-packages\django\template\loader_tags.py", line 293, in do_extends
    nodelist = parser.parse()
  File "D:\Projects\Current Projects\NDAS - Project\NDAS\venv\Lib\site-packages\django\template\base.py", line 513, in parse
    raise self.error(token, e)
  File "D:\Projects\Current Projects\NDAS - Project\NDAS\venv\Lib\site-packages\django\template\base.py", line 511, in parse
    compiled_result = compile_func(self, token)
  File "D:\Projects\Current Projects\NDAS - Project\NDAS\venv\Lib\site-packages\django\template\loader_tags.py", line 232, in do_block
    nodelist = parser.parse(("endblock",))
  File "D:\Projects\Current Projects\NDAS - Project\NDAS\venv\Lib\site-packages\django\template\base.py", line 513, in parse
    raise self.error(token, e)
  File "D:\Projects\Current Projects\NDAS - Project\NDAS\venv\Lib\site-packages\django\template\base.py", line 511, in parse
    compiled_result = compile_func(self, token)
  File "D:\Projects\Current Projects\NDAS - Project\NDAS\venv\Lib\site-packages\django\template\defaulttags.py", line 954, in do_if
    nodelist = parser.parse(("elif", "else", "endif"))
  File "D:\Projects\Current Projects\NDAS - Project\NDAS\venv\Lib\site-packages\django\template\base.py", line 513, in parse
    raise self.error(token, e)
  File "D:\Projects\Current Projects\NDAS - Project\NDAS\venv\Lib\site-packages\django\template\base.py", line 511, in parse
    compiled_result = compile_func(self, token)
  File "D:\Projects\Current Projects\NDAS - Project\NDAS\venv\Lib\site-packages\django\template\defaulttags.py", line 954, in do_if
    nodelist = parser.parse(("elif", "else", "endif"))
  File "D:\Projects\Current Projects\NDAS - Project\NDAS\venv\Lib\site-packages\django\template\base.py", line 484, in parse
    raise self.error(token, e)
  File "D:\Projects\Current Projects\NDAS - Project\NDAS\venv\Lib\site-packages\django\template\base.py", line 482, in parse
    filter_expression = self.compile_filter(token.contents)
  File "D:\Projects\Current Projects\NDAS - Project\NDAS\venv\Lib\site-packages\django\template\base.py", line 600, in compile_filter
    return FilterExpression(token, self)
  File "D:\Projects\Current Projects\NDAS - Project\NDAS\venv\Lib\site-packages\django\template\base.py", line 698, in __init__
    filter_func = parser.find_filter(filter_name)
  File "D:\Projects\Current Projects\NDAS - Project\NDAS\venv\Lib\site-packages\django\template\base.py", line 606, in find_filter
    raise TemplateSyntaxError("Invalid filter: '%s'" % filter_name)
django.template.exceptions.TemplateSyntaxError: Invalid filter: 'mul'
ERROR 2025-09-25 10:53:17,360 basehttp 8232 6752 "GET /manager/patient/ HTTP/1.1" 500 334684
ERROR 2025-09-25 10:53:18,691 log 8232 6752 Internal Server Error: /manager/patient/
Traceback (most recent call last):
  File "D:\Projects\Current Projects\NDAS - Project\NDAS\venv\Lib\site-packages\django\core\handlers\exception.py", line 55, in inner
    response = get_response(request)
  File "D:\Projects\Current Projects\NDAS - Project\NDAS\venv\Lib\site-packages\django\core\handlers\base.py", line 197, in _get_response
    response = wrapped_callback(request, *callback_args, **callback_kwargs)
  File "D:\Projects\Current Projects\NDAS - Project\NDAS\venv\Lib\site-packages\django\contrib\auth\decorators.py", line 23, in _wrapped_view
    return view_func(request, *args, **kwargs)
  File "D:\Projects\Current Projects\NDAS - Project\NDAS\patients\views.py", line 155, in patient_manager
    return render(
        request, "patients/manager.html", {"patients_page_obj": paginated_pt_list}
    )
  File "D:\Projects\Current Projects\NDAS - Project\NDAS\venv\Lib\site-packages\django\shortcuts.py", line 24, in render
    content = loader.render_to_string(template_name, context, request, using=using)
  File "D:\Projects\Current Projects\NDAS - Project\NDAS\venv\Lib\site-packages\django\template\loader.py", line 61, in render_to_string
    template = get_template(template_name, using=using)
  File "D:\Projects\Current Projects\NDAS - Project\NDAS\venv\Lib\site-packages\django\template\loader.py", line 15, in get_template
    return engine.get_template(template_name)
           ~~~~~~~~~~~~~~~~~~~^^^^^^^^^^^^^^^
  File "D:\Projects\Current Projects\NDAS - Project\NDAS\venv\Lib\site-packages\django\template\backends\django.py", line 34, in get_template
    return Template(self.engine.get_template(template_name), self)
                    ~~~~~~~~~~~~~~~~~~~~~~~~^^^^^^^^^^^^^^^
  File "D:\Projects\Current Projects\NDAS - Project\NDAS\venv\Lib\site-packages\django\template\engine.py", line 175, in get_template
    template, origin = self.find_template(template_name)
                       ~~~~~~~~~~~~~~~~~~^^^^^^^^^^^^^^^
  File "D:\Projects\Current Projects\NDAS - Project\NDAS\venv\Lib\site-packages\django\template\engine.py", line 157, in find_template
    template = loader.get_template(name, skip=skip)
  File "D:\Projects\Current Projects\NDAS - Project\NDAS\venv\Lib\site-packages\django\template\loaders\cached.py", line 57, in get_template
    template = super().get_template(template_name, skip)
  File "D:\Projects\Current Projects\NDAS - Project\NDAS\venv\Lib\site-packages\django\template\loaders\base.py", line 28, in get_template
    return Template(
        contents,
    ...<2 lines>...
        self.engine,
    )
  File "D:\Projects\Current Projects\NDAS - Project\NDAS\venv\Lib\site-packages\django\template\base.py", line 154, in __init__
    self.nodelist = self.compile_nodelist()
                    ~~~~~~~~~~~~~~~~~~~~~^^
  File "D:\Projects\Current Projects\NDAS - Project\NDAS\venv\Lib\site-packages\django\template\base.py", line 200, in compile_nodelist
    return parser.parse()
           ~~~~~~~~~~~~^^
  File "D:\Projects\Current Projects\NDAS - Project\NDAS\venv\Lib\site-packages\django\template\base.py", line 513, in parse
    raise self.error(token, e)
  File "D:\Projects\Current Projects\NDAS - Project\NDAS\venv\Lib\site-packages\django\template\base.py", line 511, in parse
    compiled_result = compile_func(self, token)
  File "D:\Projects\Current Projects\NDAS - Project\NDAS\venv\Lib\site-packages\django\template\loader_tags.py", line 293, in do_extends
    nodelist = parser.parse()
  File "D:\Projects\Current Projects\NDAS - Project\NDAS\venv\Lib\site-packages\django\template\base.py", line 513, in parse
    raise self.error(token, e)
  File "D:\Projects\Current Projects\NDAS - Project\NDAS\venv\Lib\site-packages\django\template\base.py", line 511, in parse
    compiled_result = compile_func(self, token)
  File "D:\Projects\Current Projects\NDAS - Project\NDAS\venv\Lib\site-packages\django\template\loader_tags.py", line 232, in do_block
    nodelist = parser.parse(("endblock",))
  File "D:\Projects\Current Projects\NDAS - Project\NDAS\venv\Lib\site-packages\django\template\base.py", line 513, in parse
    raise self.error(token, e)
  File "D:\Projects\Current Projects\NDAS - Project\NDAS\venv\Lib\site-packages\django\template\base.py", line 511, in parse
    compiled_result = compile_func(self, token)
  File "D:\Projects\Current Projects\NDAS - Project\NDAS\venv\Lib\site-packages\django\template\defaulttags.py", line 954, in do_if
    nodelist = parser.parse(("elif", "else", "endif"))
  File "D:\Projects\Current Projects\NDAS - Project\NDAS\venv\Lib\site-packages\django\template\base.py", line 513, in parse
    raise self.error(token, e)
  File "D:\Projects\Current Projects\NDAS - Project\NDAS\venv\Lib\site-packages\django\template\base.py", line 511, in parse
    compiled_result = compile_func(self, token)
  File "D:\Projects\Current Projects\NDAS - Project\NDAS\venv\Lib\site-packages\django\template\defaulttags.py", line 954, in do_if
    nodelist = parser.parse(("elif", "else", "endif"))
  File "D:\Projects\Current Projects\NDAS - Project\NDAS\venv\Lib\site-packages\django\template\base.py", line 484, in parse
    raise self.error(token, e)
  File "D:\Projects\Current Projects\NDAS - Project\NDAS\venv\Lib\site-packages\django\template\base.py", line 482, in parse
    filter_expression = self.compile_filter(token.contents)
  File "D:\Projects\Current Projects\NDAS - Project\NDAS\venv\Lib\site-packages\django\template\base.py", line 600, in compile_filter
    return FilterExpression(token, self)
  File "D:\Projects\Current Projects\NDAS - Project\NDAS\venv\Lib\site-packages\django\template\base.py", line 698, in __init__
    filter_func = parser.find_filter(filter_name)
  File "D:\Projects\Current Projects\NDAS - Project\NDAS\venv\Lib\site-packages\django\template\base.py", line 606, in find_filter
    raise TemplateSyntaxError("Invalid filter: '%s'" % filter_name)
django.template.exceptions.TemplateSyntaxError: Invalid filter: 'mul'
ERROR 2025-09-25 10:53:18,712 basehttp 8232 6752 "GET /manager/patient/ HTTP/1.1" 500 334684
ERROR 2025-09-25 10:53:20,377 log 8232 6752 Internal Server Error: /manager/patient/
Traceback (most recent call last):
  File "D:\Projects\Current Projects\NDAS - Project\NDAS\venv\Lib\site-packages\django\core\handlers\exception.py", line 55, in inner
    response = get_response(request)
  File "D:\Projects\Current Projects\NDAS - Project\NDAS\venv\Lib\site-packages\django\core\handlers\base.py", line 197, in _get_response
    response = wrapped_callback(request, *callback_args, **callback_kwargs)
  File "D:\Projects\Current Projects\NDAS - Project\NDAS\venv\Lib\site-packages\django\contrib\auth\decorators.py", line 23, in _wrapped_view
    return view_func(request, *args, **kwargs)
  File "D:\Projects\Current Projects\NDAS - Project\NDAS\patients\views.py", line 155, in patient_manager
    return render(
        request, "patients/manager.html", {"patients_page_obj": paginated_pt_list}
    )
  File "D:\Projects\Current Projects\NDAS - Project\NDAS\venv\Lib\site-packages\django\shortcuts.py", line 24, in render
    content = loader.render_to_string(template_name, context, request, using=using)
  File "D:\Projects\Current Projects\NDAS - Project\NDAS\venv\Lib\site-packages\django\template\loader.py", line 61, in render_to_string
    template = get_template(template_name, using=using)
  File "D:\Projects\Current Projects\NDAS - Project\NDAS\venv\Lib\site-packages\django\template\loader.py", line 15, in get_template
    return engine.get_template(template_name)
           ~~~~~~~~~~~~~~~~~~~^^^^^^^^^^^^^^^
  File "D:\Projects\Current Projects\NDAS - Project\NDAS\venv\Lib\site-packages\django\template\backends\django.py", line 34, in get_template
    return Template(self.engine.get_template(template_name), self)
                    ~~~~~~~~~~~~~~~~~~~~~~~~^^^^^^^^^^^^^^^
  File "D:\Projects\Current Projects\NDAS - Project\NDAS\venv\Lib\site-packages\django\template\engine.py", line 175, in get_template
    template, origin = self.find_template(template_name)
                       ~~~~~~~~~~~~~~~~~~^^^^^^^^^^^^^^^
  File "D:\Projects\Current Projects\NDAS - Project\NDAS\venv\Lib\site-packages\django\template\engine.py", line 157, in find_template
    template = loader.get_template(name, skip=skip)
  File "D:\Projects\Current Projects\NDAS - Project\NDAS\venv\Lib\site-packages\django\template\loaders\cached.py", line 57, in get_template
    template = super().get_template(template_name, skip)
  File "D:\Projects\Current Projects\NDAS - Project\NDAS\venv\Lib\site-packages\django\template\loaders\base.py", line 28, in get_template
    return Template(
        contents,
    ...<2 lines>...
        self.engine,
    )
  File "D:\Projects\Current Projects\NDAS - Project\NDAS\venv\Lib\site-packages\django\template\base.py", line 154, in __init__
    self.nodelist = self.compile_nodelist()
                    ~~~~~~~~~~~~~~~~~~~~~^^
  File "D:\Projects\Current Projects\NDAS - Project\NDAS\venv\Lib\site-packages\django\template\base.py", line 200, in compile_nodelist
    return parser.parse()
           ~~~~~~~~~~~~^^
  File "D:\Projects\Current Projects\NDAS - Project\NDAS\venv\Lib\site-packages\django\template\base.py", line 513, in parse
    raise self.error(token, e)
  File "D:\Projects\Current Projects\NDAS - Project\NDAS\venv\Lib\site-packages\django\template\base.py", line 511, in parse
    compiled_result = compile_func(self, token)
  File "D:\Projects\Current Projects\NDAS - Project\NDAS\venv\Lib\site-packages\django\template\loader_tags.py", line 293, in do_extends
    nodelist = parser.parse()
  File "D:\Projects\Current Projects\NDAS - Project\NDAS\venv\Lib\site-packages\django\template\base.py", line 513, in parse
    raise self.error(token, e)
  File "D:\Projects\Current Projects\NDAS - Project\NDAS\venv\Lib\site-packages\django\template\base.py", line 511, in parse
    compiled_result = compile_func(self, token)
  File "D:\Projects\Current Projects\NDAS - Project\NDAS\venv\Lib\site-packages\django\template\loader_tags.py", line 232, in do_block
    nodelist = parser.parse(("endblock",))
  File "D:\Projects\Current Projects\NDAS - Project\NDAS\venv\Lib\site-packages\django\template\base.py", line 513, in parse
    raise self.error(token, e)
  File "D:\Projects\Current Projects\NDAS - Project\NDAS\venv\Lib\site-packages\django\template\base.py", line 511, in parse
    compiled_result = compile_func(self, token)
  File "D:\Projects\Current Projects\NDAS - Project\NDAS\venv\Lib\site-packages\django\template\defaulttags.py", line 954, in do_if
    nodelist = parser.parse(("elif", "else", "endif"))
  File "D:\Projects\Current Projects\NDAS - Project\NDAS\venv\Lib\site-packages\django\template\base.py", line 513, in parse
    raise self.error(token, e)
  File "D:\Projects\Current Projects\NDAS - Project\NDAS\venv\Lib\site-packages\django\template\base.py", line 511, in parse
    compiled_result = compile_func(self, token)
  File "D:\Projects\Current Projects\NDAS - Project\NDAS\venv\Lib\site-packages\django\template\defaulttags.py", line 954, in do_if
    nodelist = parser.parse(("elif", "else", "endif"))
  File "D:\Projects\Current Projects\NDAS - Project\NDAS\venv\Lib\site-packages\django\template\base.py", line 484, in parse
    raise self.error(token, e)
  File "D:\Projects\Current Projects\NDAS - Project\NDAS\venv\Lib\site-packages\django\template\base.py", line 482, in parse
    filter_expression = self.compile_filter(token.contents)
  File "D:\Projects\Current Projects\NDAS - Project\NDAS\venv\Lib\site-packages\django\template\base.py", line 600, in compile_filter
    return FilterExpression(token, self)
  File "D:\Projects\Current Projects\NDAS - Project\NDAS\venv\Lib\site-packages\django\template\base.py", line 698, in __init__
    filter_func = parser.find_filter(filter_name)
  File "D:\Projects\Current Projects\NDAS - Project\NDAS\venv\Lib\site-packages\django\template\base.py", line 606, in find_filter
    raise TemplateSyntaxError("Invalid filter: '%s'" % filter_name)
django.template.exceptions.TemplateSyntaxError: Invalid filter: 'mul'
ERROR 2025-09-25 10:53:20,413 basehttp 8232 6752 "GET /manager/patient/ HTTP/1.1" 500 334684
ERROR 2025-09-25 10:53:23,560 log 8232 6752 Internal Server Error: /manager/patient/
Traceback (most recent call last):
  File "D:\Projects\Current Projects\NDAS - Project\NDAS\venv\Lib\site-packages\django\core\handlers\exception.py", line 55, in inner
    response = get_response(request)
  File "D:\Projects\Current Projects\NDAS - Project\NDAS\venv\Lib\site-packages\django\core\handlers\base.py", line 197, in _get_response
    response = wrapped_callback(request, *callback_args, **callback_kwargs)
  File "D:\Projects\Current Projects\NDAS - Project\NDAS\venv\Lib\site-packages\django\contrib\auth\decorators.py", line 23, in _wrapped_view
    return view_func(request, *args, **kwargs)
  File "D:\Projects\Current Projects\NDAS - Project\NDAS\patients\views.py", line 155, in patient_manager
    return render(
        request, "patients/manager.html", {"patients_page_obj": paginated_pt_list}
    )
  File "D:\Projects\Current Projects\NDAS - Project\NDAS\venv\Lib\site-packages\django\shortcuts.py", line 24, in render
    content = loader.render_to_string(template_name, context, request, using=using)
  File "D:\Projects\Current Projects\NDAS - Project\NDAS\venv\Lib\site-packages\django\template\loader.py", line 61, in render_to_string
    template = get_template(template_name, using=using)
  File "D:\Projects\Current Projects\NDAS - Project\NDAS\venv\Lib\site-packages\django\template\loader.py", line 15, in get_template
    return engine.get_template(template_name)
           ~~~~~~~~~~~~~~~~~~~^^^^^^^^^^^^^^^
  File "D:\Projects\Current Projects\NDAS - Project\NDAS\venv\Lib\site-packages\django\template\backends\django.py", line 34, in get_template
    return Template(self.engine.get_template(template_name), self)
                    ~~~~~~~~~~~~~~~~~~~~~~~~^^^^^^^^^^^^^^^
  File "D:\Projects\Current Projects\NDAS - Project\NDAS\venv\Lib\site-packages\django\template\engine.py", line 175, in get_template
    template, origin = self.find_template(template_name)
                       ~~~~~~~~~~~~~~~~~~^^^^^^^^^^^^^^^
  File "D:\Projects\Current Projects\NDAS - Project\NDAS\venv\Lib\site-packages\django\template\engine.py", line 157, in find_template
    template = loader.get_template(name, skip=skip)
  File "D:\Projects\Current Projects\NDAS - Project\NDAS\venv\Lib\site-packages\django\template\loaders\cached.py", line 57, in get_template
    template = super().get_template(template_name, skip)
  File "D:\Projects\Current Projects\NDAS - Project\NDAS\venv\Lib\site-packages\django\template\loaders\base.py", line 28, in get_template
    return Template(
        contents,
    ...<2 lines>...
        self.engine,
    )
  File "D:\Projects\Current Projects\NDAS - Project\NDAS\venv\Lib\site-packages\django\template\base.py", line 154, in __init__
    self.nodelist = self.compile_nodelist()
                    ~~~~~~~~~~~~~~~~~~~~~^^
  File "D:\Projects\Current Projects\NDAS - Project\NDAS\venv\Lib\site-packages\django\template\base.py", line 200, in compile_nodelist
    return parser.parse()
           ~~~~~~~~~~~~^^
  File "D:\Projects\Current Projects\NDAS - Project\NDAS\venv\Lib\site-packages\django\template\base.py", line 513, in parse
    raise self.error(token, e)
  File "D:\Projects\Current Projects\NDAS - Project\NDAS\venv\Lib\site-packages\django\template\base.py", line 511, in parse
    compiled_result = compile_func(self, token)
  File "D:\Projects\Current Projects\NDAS - Project\NDAS\venv\Lib\site-packages\django\template\loader_tags.py", line 293, in do_extends
    nodelist = parser.parse()
  File "D:\Projects\Current Projects\NDAS - Project\NDAS\venv\Lib\site-packages\django\template\base.py", line 513, in parse
    raise self.error(token, e)
  File "D:\Projects\Current Projects\NDAS - Project\NDAS\venv\Lib\site-packages\django\template\base.py", line 511, in parse
    compiled_result = compile_func(self, token)
  File "D:\Projects\Current Projects\NDAS - Project\NDAS\venv\Lib\site-packages\django\template\loader_tags.py", line 232, in do_block
    nodelist = parser.parse(("endblock",))
  File "D:\Projects\Current Projects\NDAS - Project\NDAS\venv\Lib\site-packages\django\template\base.py", line 513, in parse
    raise self.error(token, e)
  File "D:\Projects\Current Projects\NDAS - Project\NDAS\venv\Lib\site-packages\django\template\base.py", line 511, in parse
    compiled_result = compile_func(self, token)
  File "D:\Projects\Current Projects\NDAS - Project\NDAS\venv\Lib\site-packages\django\template\defaulttags.py", line 954, in do_if
    nodelist = parser.parse(("elif", "else", "endif"))
  File "D:\Projects\Current Projects\NDAS - Project\NDAS\venv\Lib\site-packages\django\template\base.py", line 513, in parse
    raise self.error(token, e)
  File "D:\Projects\Current Projects\NDAS - Project\NDAS\venv\Lib\site-packages\django\template\base.py", line 511, in parse
    compiled_result = compile_func(self, token)
  File "D:\Projects\Current Projects\NDAS - Project\NDAS\venv\Lib\site-packages\django\template\defaulttags.py", line 954, in do_if
    nodelist = parser.parse(("elif", "else", "endif"))
  File "D:\Projects\Current Projects\NDAS - Project\NDAS\venv\Lib\site-packages\django\template\base.py", line 484, in parse
    raise self.error(token, e)
  File "D:\Projects\Current Projects\NDAS - Project\NDAS\venv\Lib\site-packages\django\template\base.py", line 482, in parse
    filter_expression = self.compile_filter(token.contents)
  File "D:\Projects\Current Projects\NDAS - Project\NDAS\venv\Lib\site-packages\django\template\base.py", line 600, in compile_filter
    return FilterExpression(token, self)
  File "D:\Projects\Current Projects\NDAS - Project\NDAS\venv\Lib\site-packages\django\template\base.py", line 698, in __init__
    filter_func = parser.find_filter(filter_name)
  File "D:\Projects\Current Projects\NDAS - Project\NDAS\venv\Lib\site-packages\django\template\base.py", line 606, in find_filter
    raise TemplateSyntaxError("Invalid filter: '%s'" % filter_name)
django.template.exceptions.TemplateSyntaxError: Invalid filter: 'mul'
ERROR 2025-09-25 10:53:23,583 basehttp 8232 6752 "GET /manager/patient/ HTTP/1.1" 500 334684
INFO 2025-09-25 10:53:41,030 autoreload 16444 10716 Watching for file changes with StatReloader
INFO 2025-09-25 10:53:43,852 basehttp 16444 13300 "GET /manager/patient/ HTTP/1.1" 302 0
INFO 2025-09-25 10:53:43,952 basehttp 16444 13300 "GET /users/login/?next=/manager/patient/ HTTP/1.1" 200 15740
INFO 2025-09-25 10:53:46,140 basehttp 16444 13300 "POST /users/login/ HTTP/1.1" 302 0
INFO 2025-09-25 10:53:46,434 basehttp 16444 13300 "GET / HTTP/1.1" 200 50513
ERROR 2025-09-25 10:53:49,192 log 16444 13300 Internal Server Error: /manager/patient/
Traceback (most recent call last):
  File "D:\Projects\Current Projects\NDAS - Project\NDAS\venv\Lib\site-packages\django\core\handlers\exception.py", line 55, in inner
    response = get_response(request)
  File "D:\Projects\Current Projects\NDAS - Project\NDAS\venv\Lib\site-packages\django\core\handlers\base.py", line 197, in _get_response
    response = wrapped_callback(request, *callback_args, **callback_kwargs)
  File "D:\Projects\Current Projects\NDAS - Project\NDAS\venv\Lib\site-packages\django\contrib\auth\decorators.py", line 23, in _wrapped_view
    return view_func(request, *args, **kwargs)
  File "D:\Projects\Current Projects\NDAS - Project\NDAS\patients\views.py", line 155, in patient_manager
    return render(
        request, "patients/manager.html", {"patients_page_obj": paginated_pt_list}
    )
  File "D:\Projects\Current Projects\NDAS - Project\NDAS\venv\Lib\site-packages\django\shortcuts.py", line 24, in render
    content = loader.render_to_string(template_name, context, request, using=using)
  File "D:\Projects\Current Projects\NDAS - Project\NDAS\venv\Lib\site-packages\django\template\loader.py", line 61, in render_to_string
    template = get_template(template_name, using=using)
  File "D:\Projects\Current Projects\NDAS - Project\NDAS\venv\Lib\site-packages\django\template\loader.py", line 15, in get_template
    return engine.get_template(template_name)
           ~~~~~~~~~~~~~~~~~~~^^^^^^^^^^^^^^^
  File "D:\Projects\Current Projects\NDAS - Project\NDAS\venv\Lib\site-packages\django\template\backends\django.py", line 34, in get_template
    return Template(self.engine.get_template(template_name), self)
                    ~~~~~~~~~~~~~~~~~~~~~~~~^^^^^^^^^^^^^^^
  File "D:\Projects\Current Projects\NDAS - Project\NDAS\venv\Lib\site-packages\django\template\engine.py", line 175, in get_template
    template, origin = self.find_template(template_name)
                       ~~~~~~~~~~~~~~~~~~^^^^^^^^^^^^^^^
  File "D:\Projects\Current Projects\NDAS - Project\NDAS\venv\Lib\site-packages\django\template\engine.py", line 157, in find_template
    template = loader.get_template(name, skip=skip)
  File "D:\Projects\Current Projects\NDAS - Project\NDAS\venv\Lib\site-packages\django\template\loaders\cached.py", line 57, in get_template
    template = super().get_template(template_name, skip)
  File "D:\Projects\Current Projects\NDAS - Project\NDAS\venv\Lib\site-packages\django\template\loaders\base.py", line 28, in get_template
    return Template(
        contents,
    ...<2 lines>...
        self.engine,
    )
  File "D:\Projects\Current Projects\NDAS - Project\NDAS\venv\Lib\site-packages\django\template\base.py", line 154, in __init__
    self.nodelist = self.compile_nodelist()
                    ~~~~~~~~~~~~~~~~~~~~~^^
  File "D:\Projects\Current Projects\NDAS - Project\NDAS\venv\Lib\site-packages\django\template\base.py", line 200, in compile_nodelist
    return parser.parse()
           ~~~~~~~~~~~~^^
  File "D:\Projects\Current Projects\NDAS - Project\NDAS\venv\Lib\site-packages\django\template\base.py", line 513, in parse
    raise self.error(token, e)
  File "D:\Projects\Current Projects\NDAS - Project\NDAS\venv\Lib\site-packages\django\template\base.py", line 511, in parse
    compiled_result = compile_func(self, token)
  File "D:\Projects\Current Projects\NDAS - Project\NDAS\venv\Lib\site-packages\django\template\loader_tags.py", line 293, in do_extends
    nodelist = parser.parse()
  File "D:\Projects\Current Projects\NDAS - Project\NDAS\venv\Lib\site-packages\django\template\base.py", line 513, in parse
    raise self.error(token, e)
  File "D:\Projects\Current Projects\NDAS - Project\NDAS\venv\Lib\site-packages\django\template\base.py", line 511, in parse
    compiled_result = compile_func(self, token)
  File "D:\Projects\Current Projects\NDAS - Project\NDAS\venv\Lib\site-packages\django\template\loader_tags.py", line 232, in do_block
    nodelist = parser.parse(("endblock",))
  File "D:\Projects\Current Projects\NDAS - Project\NDAS\venv\Lib\site-packages\django\template\base.py", line 513, in parse
    raise self.error(token, e)
  File "D:\Projects\Current Projects\NDAS - Project\NDAS\venv\Lib\site-packages\django\template\base.py", line 511, in parse
    compiled_result = compile_func(self, token)
  File "D:\Projects\Current Projects\NDAS - Project\NDAS\venv\Lib\site-packages\django\template\defaulttags.py", line 954, in do_if
    nodelist = parser.parse(("elif", "else", "endif"))
  File "D:\Projects\Current Projects\NDAS - Project\NDAS\venv\Lib\site-packages\django\template\base.py", line 513, in parse
    raise self.error(token, e)
  File "D:\Projects\Current Projects\NDAS - Project\NDAS\venv\Lib\site-packages\django\template\base.py", line 511, in parse
    compiled_result = compile_func(self, token)
  File "D:\Projects\Current Projects\NDAS - Project\NDAS\venv\Lib\site-packages\django\template\defaulttags.py", line 954, in do_if
    nodelist = parser.parse(("elif", "else", "endif"))
  File "D:\Projects\Current Projects\NDAS - Project\NDAS\venv\Lib\site-packages\django\template\base.py", line 484, in parse
    raise self.error(token, e)
  File "D:\Projects\Current Projects\NDAS - Project\NDAS\venv\Lib\site-packages\django\template\base.py", line 482, in parse
    filter_expression = self.compile_filter(token.contents)
  File "D:\Projects\Current Projects\NDAS - Project\NDAS\venv\Lib\site-packages\django\template\base.py", line 600, in compile_filter
    return FilterExpression(token, self)
  File "D:\Projects\Current Projects\NDAS - Project\NDAS\venv\Lib\site-packages\django\template\base.py", line 698, in __init__
    filter_func = parser.find_filter(filter_name)
  File "D:\Projects\Current Projects\NDAS - Project\NDAS\venv\Lib\site-packages\django\template\base.py", line 606, in find_filter
    raise TemplateSyntaxError("Invalid filter: '%s'" % filter_name)
django.template.exceptions.TemplateSyntaxError: Invalid filter: 'mul'
ERROR 2025-09-25 10:53:49,231 basehttp 16444 13300 "GET /manager/patient/ HTTP/1.1" 500 334528
ERROR 2025-09-25 10:54:13,678 log 16444 13300 Internal Server Error: /manager/patient/
Traceback (most recent call last):
  File "D:\Projects\Current Projects\NDAS - Project\NDAS\venv\Lib\site-packages\django\core\handlers\exception.py", line 55, in inner
    response = get_response(request)
  File "D:\Projects\Current Projects\NDAS - Project\NDAS\venv\Lib\site-packages\django\core\handlers\base.py", line 197, in _get_response
    response = wrapped_callback(request, *callback_args, **callback_kwargs)
  File "D:\Projects\Current Projects\NDAS - Project\NDAS\venv\Lib\site-packages\django\contrib\auth\decorators.py", line 23, in _wrapped_view
    return view_func(request, *args, **kwargs)
  File "D:\Projects\Current Projects\NDAS - Project\NDAS\patients\views.py", line 155, in patient_manager
    return render(
        request, "patients/manager.html", {"patients_page_obj": paginated_pt_list}
    )
  File "D:\Projects\Current Projects\NDAS - Project\NDAS\venv\Lib\site-packages\django\shortcuts.py", line 24, in render
    content = loader.render_to_string(template_name, context, request, using=using)
  File "D:\Projects\Current Projects\NDAS - Project\NDAS\venv\Lib\site-packages\django\template\loader.py", line 61, in render_to_string
    template = get_template(template_name, using=using)
  File "D:\Projects\Current Projects\NDAS - Project\NDAS\venv\Lib\site-packages\django\template\loader.py", line 15, in get_template
    return engine.get_template(template_name)
           ~~~~~~~~~~~~~~~~~~~^^^^^^^^^^^^^^^
  File "D:\Projects\Current Projects\NDAS - Project\NDAS\venv\Lib\site-packages\django\template\backends\django.py", line 34, in get_template
    return Template(self.engine.get_template(template_name), self)
                    ~~~~~~~~~~~~~~~~~~~~~~~~^^^^^^^^^^^^^^^
  File "D:\Projects\Current Projects\NDAS - Project\NDAS\venv\Lib\site-packages\django\template\engine.py", line 175, in get_template
    template, origin = self.find_template(template_name)
                       ~~~~~~~~~~~~~~~~~~^^^^^^^^^^^^^^^
  File "D:\Projects\Current Projects\NDAS - Project\NDAS\venv\Lib\site-packages\django\template\engine.py", line 157, in find_template
    template = loader.get_template(name, skip=skip)
  File "D:\Projects\Current Projects\NDAS - Project\NDAS\venv\Lib\site-packages\django\template\loaders\cached.py", line 57, in get_template
    template = super().get_template(template_name, skip)
  File "D:\Projects\Current Projects\NDAS - Project\NDAS\venv\Lib\site-packages\django\template\loaders\base.py", line 28, in get_template
    return Template(
        contents,
    ...<2 lines>...
        self.engine,
    )
  File "D:\Projects\Current Projects\NDAS - Project\NDAS\venv\Lib\site-packages\django\template\base.py", line 154, in __init__
    self.nodelist = self.compile_nodelist()
                    ~~~~~~~~~~~~~~~~~~~~~^^
  File "D:\Projects\Current Projects\NDAS - Project\NDAS\venv\Lib\site-packages\django\template\base.py", line 200, in compile_nodelist
    return parser.parse()
           ~~~~~~~~~~~~^^
  File "D:\Projects\Current Projects\NDAS - Project\NDAS\venv\Lib\site-packages\django\template\base.py", line 513, in parse
    raise self.error(token, e)
  File "D:\Projects\Current Projects\NDAS - Project\NDAS\venv\Lib\site-packages\django\template\base.py", line 511, in parse
    compiled_result = compile_func(self, token)
  File "D:\Projects\Current Projects\NDAS - Project\NDAS\venv\Lib\site-packages\django\template\loader_tags.py", line 293, in do_extends
    nodelist = parser.parse()
  File "D:\Projects\Current Projects\NDAS - Project\NDAS\venv\Lib\site-packages\django\template\base.py", line 513, in parse
    raise self.error(token, e)
  File "D:\Projects\Current Projects\NDAS - Project\NDAS\venv\Lib\site-packages\django\template\base.py", line 511, in parse
    compiled_result = compile_func(self, token)
  File "D:\Projects\Current Projects\NDAS - Project\NDAS\venv\Lib\site-packages\django\template\loader_tags.py", line 232, in do_block
    nodelist = parser.parse(("endblock",))
  File "D:\Projects\Current Projects\NDAS - Project\NDAS\venv\Lib\site-packages\django\template\base.py", line 513, in parse
    raise self.error(token, e)
  File "D:\Projects\Current Projects\NDAS - Project\NDAS\venv\Lib\site-packages\django\template\base.py", line 511, in parse
    compiled_result = compile_func(self, token)
  File "D:\Projects\Current Projects\NDAS - Project\NDAS\venv\Lib\site-packages\django\template\defaulttags.py", line 954, in do_if
    nodelist = parser.parse(("elif", "else", "endif"))
  File "D:\Projects\Current Projects\NDAS - Project\NDAS\venv\Lib\site-packages\django\template\base.py", line 513, in parse
    raise self.error(token, e)
  File "D:\Projects\Current Projects\NDAS - Project\NDAS\venv\Lib\site-packages\django\template\base.py", line 511, in parse
    compiled_result = compile_func(self, token)
  File "D:\Projects\Current Projects\NDAS - Project\NDAS\venv\Lib\site-packages\django\template\defaulttags.py", line 954, in do_if
    nodelist = parser.parse(("elif", "else", "endif"))
  File "D:\Projects\Current Projects\NDAS - Project\NDAS\venv\Lib\site-packages\django\template\base.py", line 484, in parse
    raise self.error(token, e)
  File "D:\Projects\Current Projects\NDAS - Project\NDAS\venv\Lib\site-packages\django\template\base.py", line 482, in parse
    filter_expression = self.compile_filter(token.contents)
  File "D:\Projects\Current Projects\NDAS - Project\NDAS\venv\Lib\site-packages\django\template\base.py", line 600, in compile_filter
    return FilterExpression(token, self)
  File "D:\Projects\Current Projects\NDAS - Project\NDAS\venv\Lib\site-packages\django\template\base.py", line 698, in __init__
    filter_func = parser.find_filter(filter_name)
  File "D:\Projects\Current Projects\NDAS - Project\NDAS\venv\Lib\site-packages\django\template\base.py", line 606, in find_filter
    raise TemplateSyntaxError("Invalid filter: '%s'" % filter_name)
django.template.exceptions.TemplateSyntaxError: Invalid filter: 'mul'
ERROR 2025-09-25 10:54:13,695 basehttp 16444 13300 "GET /manager/patient/ HTTP/1.1" 500 334665
ERROR 2025-09-25 10:54:15,499 log 16444 13300 Internal Server Error: /manager/patient/
Traceback (most recent call last):
  File "D:\Projects\Current Projects\NDAS - Project\NDAS\venv\Lib\site-packages\django\core\handlers\exception.py", line 55, in inner
    response = get_response(request)
  File "D:\Projects\Current Projects\NDAS - Project\NDAS\venv\Lib\site-packages\django\core\handlers\base.py", line 197, in _get_response
    response = wrapped_callback(request, *callback_args, **callback_kwargs)
  File "D:\Projects\Current Projects\NDAS - Project\NDAS\venv\Lib\site-packages\django\contrib\auth\decorators.py", line 23, in _wrapped_view
    return view_func(request, *args, **kwargs)
  File "D:\Projects\Current Projects\NDAS - Project\NDAS\patients\views.py", line 155, in patient_manager
    return render(
        request, "patients/manager.html", {"patients_page_obj": paginated_pt_list}
    )
  File "D:\Projects\Current Projects\NDAS - Project\NDAS\venv\Lib\site-packages\django\shortcuts.py", line 24, in render
    content = loader.render_to_string(template_name, context, request, using=using)
  File "D:\Projects\Current Projects\NDAS - Project\NDAS\venv\Lib\site-packages\django\template\loader.py", line 61, in render_to_string
    template = get_template(template_name, using=using)
  File "D:\Projects\Current Projects\NDAS - Project\NDAS\venv\Lib\site-packages\django\template\loader.py", line 15, in get_template
    return engine.get_template(template_name)
           ~~~~~~~~~~~~~~~~~~~^^^^^^^^^^^^^^^
  File "D:\Projects\Current Projects\NDAS - Project\NDAS\venv\Lib\site-packages\django\template\backends\django.py", line 34, in get_template
    return Template(self.engine.get_template(template_name), self)
                    ~~~~~~~~~~~~~~~~~~~~~~~~^^^^^^^^^^^^^^^
  File "D:\Projects\Current Projects\NDAS - Project\NDAS\venv\Lib\site-packages\django\template\engine.py", line 175, in get_template
    template, origin = self.find_template(template_name)
                       ~~~~~~~~~~~~~~~~~~^^^^^^^^^^^^^^^
  File "D:\Projects\Current Projects\NDAS - Project\NDAS\venv\Lib\site-packages\django\template\engine.py", line 157, in find_template
    template = loader.get_template(name, skip=skip)
  File "D:\Projects\Current Projects\NDAS - Project\NDAS\venv\Lib\site-packages\django\template\loaders\cached.py", line 57, in get_template
    template = super().get_template(template_name, skip)
  File "D:\Projects\Current Projects\NDAS - Project\NDAS\venv\Lib\site-packages\django\template\loaders\base.py", line 28, in get_template
    return Template(
        contents,
    ...<2 lines>...
        self.engine,
    )
  File "D:\Projects\Current Projects\NDAS - Project\NDAS\venv\Lib\site-packages\django\template\base.py", line 154, in __init__
    self.nodelist = self.compile_nodelist()
                    ~~~~~~~~~~~~~~~~~~~~~^^
  File "D:\Projects\Current Projects\NDAS - Project\NDAS\venv\Lib\site-packages\django\template\base.py", line 200, in compile_nodelist
    return parser.parse()
           ~~~~~~~~~~~~^^
  File "D:\Projects\Current Projects\NDAS - Project\NDAS\venv\Lib\site-packages\django\template\base.py", line 513, in parse
    raise self.error(token, e)
  File "D:\Projects\Current Projects\NDAS - Project\NDAS\venv\Lib\site-packages\django\template\base.py", line 511, in parse
    compiled_result = compile_func(self, token)
  File "D:\Projects\Current Projects\NDAS - Project\NDAS\venv\Lib\site-packages\django\template\loader_tags.py", line 293, in do_extends
    nodelist = parser.parse()
  File "D:\Projects\Current Projects\NDAS - Project\NDAS\venv\Lib\site-packages\django\template\base.py", line 513, in parse
    raise self.error(token, e)
  File "D:\Projects\Current Projects\NDAS - Project\NDAS\venv\Lib\site-packages\django\template\base.py", line 511, in parse
    compiled_result = compile_func(self, token)
  File "D:\Projects\Current Projects\NDAS - Project\NDAS\venv\Lib\site-packages\django\template\loader_tags.py", line 232, in do_block
    nodelist = parser.parse(("endblock",))
  File "D:\Projects\Current Projects\NDAS - Project\NDAS\venv\Lib\site-packages\django\template\base.py", line 513, in parse
    raise self.error(token, e)
  File "D:\Projects\Current Projects\NDAS - Project\NDAS\venv\Lib\site-packages\django\template\base.py", line 511, in parse
    compiled_result = compile_func(self, token)
  File "D:\Projects\Current Projects\NDAS - Project\NDAS\venv\Lib\site-packages\django\template\defaulttags.py", line 954, in do_if
    nodelist = parser.parse(("elif", "else", "endif"))
  File "D:\Projects\Current Projects\NDAS - Project\NDAS\venv\Lib\site-packages\django\template\base.py", line 513, in parse
    raise self.error(token, e)
  File "D:\Projects\Current Projects\NDAS - Project\NDAS\venv\Lib\site-packages\django\template\base.py", line 511, in parse
    compiled_result = compile_func(self, token)
  File "D:\Projects\Current Projects\NDAS - Project\NDAS\venv\Lib\site-packages\django\template\defaulttags.py", line 954, in do_if
    nodelist = parser.parse(("elif", "else", "endif"))
  File "D:\Projects\Current Projects\NDAS - Project\NDAS\venv\Lib\site-packages\django\template\base.py", line 484, in parse
    raise self.error(token, e)
  File "D:\Projects\Current Projects\NDAS - Project\NDAS\venv\Lib\site-packages\django\template\base.py", line 482, in parse
    filter_expression = self.compile_filter(token.contents)
  File "D:\Projects\Current Projects\NDAS - Project\NDAS\venv\Lib\site-packages\django\template\base.py", line 600, in compile_filter
    return FilterExpression(token, self)
  File "D:\Projects\Current Projects\NDAS - Project\NDAS\venv\Lib\site-packages\django\template\base.py", line 698, in __init__
    filter_func = parser.find_filter(filter_name)
  File "D:\Projects\Current Projects\NDAS - Project\NDAS\venv\Lib\site-packages\django\template\base.py", line 606, in find_filter
    raise TemplateSyntaxError("Invalid filter: '%s'" % filter_name)
django.template.exceptions.TemplateSyntaxError: Invalid filter: 'mul'
ERROR 2025-09-25 10:54:15,514 basehttp 16444 13300 "GET /manager/patient/ HTTP/1.1" 500 334665
ERROR 2025-09-25 10:54:48,993 log 16444 12512 Internal Server Error: /manager/patient/
Traceback (most recent call last):
  File "D:\Projects\Current Projects\NDAS - Project\NDAS\venv\Lib\site-packages\django\core\handlers\exception.py", line 55, in inner
    response = get_response(request)
  File "D:\Projects\Current Projects\NDAS - Project\NDAS\venv\Lib\site-packages\django\core\handlers\base.py", line 197, in _get_response
    response = wrapped_callback(request, *callback_args, **callback_kwargs)
  File "D:\Projects\Current Projects\NDAS - Project\NDAS\venv\Lib\site-packages\django\contrib\auth\decorators.py", line 23, in _wrapped_view
    return view_func(request, *args, **kwargs)
  File "D:\Projects\Current Projects\NDAS - Project\NDAS\patients\views.py", line 155, in patient_manager
    return render(
        request, "patients/manager.html", {"patients_page_obj": paginated_pt_list}
    )
  File "D:\Projects\Current Projects\NDAS - Project\NDAS\venv\Lib\site-packages\django\shortcuts.py", line 24, in render
    content = loader.render_to_string(template_name, context, request, using=using)
  File "D:\Projects\Current Projects\NDAS - Project\NDAS\venv\Lib\site-packages\django\template\loader.py", line 61, in render_to_string
    template = get_template(template_name, using=using)
  File "D:\Projects\Current Projects\NDAS - Project\NDAS\venv\Lib\site-packages\django\template\loader.py", line 15, in get_template
    return engine.get_template(template_name)
           ~~~~~~~~~~~~~~~~~~~^^^^^^^^^^^^^^^
  File "D:\Projects\Current Projects\NDAS - Project\NDAS\venv\Lib\site-packages\django\template\backends\django.py", line 34, in get_template
    return Template(self.engine.get_template(template_name), self)
                    ~~~~~~~~~~~~~~~~~~~~~~~~^^^^^^^^^^^^^^^
  File "D:\Projects\Current Projects\NDAS - Project\NDAS\venv\Lib\site-packages\django\template\engine.py", line 175, in get_template
    template, origin = self.find_template(template_name)
                       ~~~~~~~~~~~~~~~~~~^^^^^^^^^^^^^^^
  File "D:\Projects\Current Projects\NDAS - Project\NDAS\venv\Lib\site-packages\django\template\engine.py", line 157, in find_template
    template = loader.get_template(name, skip=skip)
  File "D:\Projects\Current Projects\NDAS - Project\NDAS\venv\Lib\site-packages\django\template\loaders\cached.py", line 57, in get_template
    template = super().get_template(template_name, skip)
  File "D:\Projects\Current Projects\NDAS - Project\NDAS\venv\Lib\site-packages\django\template\loaders\base.py", line 28, in get_template
    return Template(
        contents,
    ...<2 lines>...
        self.engine,
    )
  File "D:\Projects\Current Projects\NDAS - Project\NDAS\venv\Lib\site-packages\django\template\base.py", line 154, in __init__
    self.nodelist = self.compile_nodelist()
                    ~~~~~~~~~~~~~~~~~~~~~^^
  File "D:\Projects\Current Projects\NDAS - Project\NDAS\venv\Lib\site-packages\django\template\base.py", line 200, in compile_nodelist
    return parser.parse()
           ~~~~~~~~~~~~^^
  File "D:\Projects\Current Projects\NDAS - Project\NDAS\venv\Lib\site-packages\django\template\base.py", line 513, in parse
    raise self.error(token, e)
  File "D:\Projects\Current Projects\NDAS - Project\NDAS\venv\Lib\site-packages\django\template\base.py", line 511, in parse
    compiled_result = compile_func(self, token)
  File "D:\Projects\Current Projects\NDAS - Project\NDAS\venv\Lib\site-packages\django\template\loader_tags.py", line 293, in do_extends
    nodelist = parser.parse()
  File "D:\Projects\Current Projects\NDAS - Project\NDAS\venv\Lib\site-packages\django\template\base.py", line 513, in parse
    raise self.error(token, e)
  File "D:\Projects\Current Projects\NDAS - Project\NDAS\venv\Lib\site-packages\django\template\base.py", line 511, in parse
    compiled_result = compile_func(self, token)
  File "D:\Projects\Current Projects\NDAS - Project\NDAS\venv\Lib\site-packages\django\template\loader_tags.py", line 232, in do_block
    nodelist = parser.parse(("endblock",))
  File "D:\Projects\Current Projects\NDAS - Project\NDAS\venv\Lib\site-packages\django\template\base.py", line 513, in parse
    raise self.error(token, e)
  File "D:\Projects\Current Projects\NDAS - Project\NDAS\venv\Lib\site-packages\django\template\base.py", line 511, in parse
    compiled_result = compile_func(self, token)
  File "D:\Projects\Current Projects\NDAS - Project\NDAS\venv\Lib\site-packages\django\template\defaulttags.py", line 954, in do_if
    nodelist = parser.parse(("elif", "else", "endif"))
  File "D:\Projects\Current Projects\NDAS - Project\NDAS\venv\Lib\site-packages\django\template\base.py", line 513, in parse
    raise self.error(token, e)
  File "D:\Projects\Current Projects\NDAS - Project\NDAS\venv\Lib\site-packages\django\template\base.py", line 511, in parse
    compiled_result = compile_func(self, token)
  File "D:\Projects\Current Projects\NDAS - Project\NDAS\venv\Lib\site-packages\django\template\defaulttags.py", line 954, in do_if
    nodelist = parser.parse(("elif", "else", "endif"))
  File "D:\Projects\Current Projects\NDAS - Project\NDAS\venv\Lib\site-packages\django\template\base.py", line 484, in parse
    raise self.error(token, e)
  File "D:\Projects\Current Projects\NDAS - Project\NDAS\venv\Lib\site-packages\django\template\base.py", line 482, in parse
    filter_expression = self.compile_filter(token.contents)
  File "D:\Projects\Current Projects\NDAS - Project\NDAS\venv\Lib\site-packages\django\template\base.py", line 600, in compile_filter
    return FilterExpression(token, self)
  File "D:\Projects\Current Projects\NDAS - Project\NDAS\venv\Lib\site-packages\django\template\base.py", line 698, in __init__
    filter_func = parser.find_filter(filter_name)
  File "D:\Projects\Current Projects\NDAS - Project\NDAS\venv\Lib\site-packages\django\template\base.py", line 606, in find_filter
    raise TemplateSyntaxError("Invalid filter: '%s'" % filter_name)
django.template.exceptions.TemplateSyntaxError: Invalid filter: 'mul'
ERROR 2025-09-25 10:54:49,019 basehttp 16444 12512 "GET /manager/patient/ HTTP/1.1" 500 334665
ERROR 2025-09-25 10:54:50,940 log 16444 12512 Internal Server Error: /manager/patient/
Traceback (most recent call last):
  File "D:\Projects\Current Projects\NDAS - Project\NDAS\venv\Lib\site-packages\django\core\handlers\exception.py", line 55, in inner
    response = get_response(request)
  File "D:\Projects\Current Projects\NDAS - Project\NDAS\venv\Lib\site-packages\django\core\handlers\base.py", line 197, in _get_response
    response = wrapped_callback(request, *callback_args, **callback_kwargs)
  File "D:\Projects\Current Projects\NDAS - Project\NDAS\venv\Lib\site-packages\django\contrib\auth\decorators.py", line 23, in _wrapped_view
    return view_func(request, *args, **kwargs)
  File "D:\Projects\Current Projects\NDAS - Project\NDAS\patients\views.py", line 155, in patient_manager
    return render(
        request, "patients/manager.html", {"patients_page_obj": paginated_pt_list}
    )
  File "D:\Projects\Current Projects\NDAS - Project\NDAS\venv\Lib\site-packages\django\shortcuts.py", line 24, in render
    content = loader.render_to_string(template_name, context, request, using=using)
  File "D:\Projects\Current Projects\NDAS - Project\NDAS\venv\Lib\site-packages\django\template\loader.py", line 61, in render_to_string
    template = get_template(template_name, using=using)
  File "D:\Projects\Current Projects\NDAS - Project\NDAS\venv\Lib\site-packages\django\template\loader.py", line 15, in get_template
    return engine.get_template(template_name)
           ~~~~~~~~~~~~~~~~~~~^^^^^^^^^^^^^^^
  File "D:\Projects\Current Projects\NDAS - Project\NDAS\venv\Lib\site-packages\django\template\backends\django.py", line 34, in get_template
    return Template(self.engine.get_template(template_name), self)
                    ~~~~~~~~~~~~~~~~~~~~~~~~^^^^^^^^^^^^^^^
  File "D:\Projects\Current Projects\NDAS - Project\NDAS\venv\Lib\site-packages\django\template\engine.py", line 175, in get_template
    template, origin = self.find_template(template_name)
                       ~~~~~~~~~~~~~~~~~~^^^^^^^^^^^^^^^
  File "D:\Projects\Current Projects\NDAS - Project\NDAS\venv\Lib\site-packages\django\template\engine.py", line 157, in find_template
    template = loader.get_template(name, skip=skip)
  File "D:\Projects\Current Projects\NDAS - Project\NDAS\venv\Lib\site-packages\django\template\loaders\cached.py", line 57, in get_template
    template = super().get_template(template_name, skip)
  File "D:\Projects\Current Projects\NDAS - Project\NDAS\venv\Lib\site-packages\django\template\loaders\base.py", line 28, in get_template
    return Template(
        contents,
    ...<2 lines>...
        self.engine,
    )
  File "D:\Projects\Current Projects\NDAS - Project\NDAS\venv\Lib\site-packages\django\template\base.py", line 154, in __init__
    self.nodelist = self.compile_nodelist()
                    ~~~~~~~~~~~~~~~~~~~~~^^
  File "D:\Projects\Current Projects\NDAS - Project\NDAS\venv\Lib\site-packages\django\template\base.py", line 200, in compile_nodelist
    return parser.parse()
           ~~~~~~~~~~~~^^
  File "D:\Projects\Current Projects\NDAS - Project\NDAS\venv\Lib\site-packages\django\template\base.py", line 513, in parse
    raise self.error(token, e)
  File "D:\Projects\Current Projects\NDAS - Project\NDAS\venv\Lib\site-packages\django\template\base.py", line 511, in parse
    compiled_result = compile_func(self, token)
  File "D:\Projects\Current Projects\NDAS - Project\NDAS\venv\Lib\site-packages\django\template\loader_tags.py", line 293, in do_extends
    nodelist = parser.parse()
  File "D:\Projects\Current Projects\NDAS - Project\NDAS\venv\Lib\site-packages\django\template\base.py", line 513, in parse
    raise self.error(token, e)
  File "D:\Projects\Current Projects\NDAS - Project\NDAS\venv\Lib\site-packages\django\template\base.py", line 511, in parse
    compiled_result = compile_func(self, token)
  File "D:\Projects\Current Projects\NDAS - Project\NDAS\venv\Lib\site-packages\django\template\loader_tags.py", line 232, in do_block
    nodelist = parser.parse(("endblock",))
  File "D:\Projects\Current Projects\NDAS - Project\NDAS\venv\Lib\site-packages\django\template\base.py", line 513, in parse
    raise self.error(token, e)
  File "D:\Projects\Current Projects\NDAS - Project\NDAS\venv\Lib\site-packages\django\template\base.py", line 511, in parse
    compiled_result = compile_func(self, token)
  File "D:\Projects\Current Projects\NDAS - Project\NDAS\venv\Lib\site-packages\django\template\defaulttags.py", line 954, in do_if
    nodelist = parser.parse(("elif", "else", "endif"))
  File "D:\Projects\Current Projects\NDAS - Project\NDAS\venv\Lib\site-packages\django\template\base.py", line 513, in parse
    raise self.error(token, e)
  File "D:\Projects\Current Projects\NDAS - Project\NDAS\venv\Lib\site-packages\django\template\base.py", line 511, in parse
    compiled_result = compile_func(self, token)
  File "D:\Projects\Current Projects\NDAS - Project\NDAS\venv\Lib\site-packages\django\template\defaulttags.py", line 954, in do_if
    nodelist = parser.parse(("elif", "else", "endif"))
  File "D:\Projects\Current Projects\NDAS - Project\NDAS\venv\Lib\site-packages\django\template\base.py", line 484, in parse
    raise self.error(token, e)
  File "D:\Projects\Current Projects\NDAS - Project\NDAS\venv\Lib\site-packages\django\template\base.py", line 482, in parse
    filter_expression = self.compile_filter(token.contents)
  File "D:\Projects\Current Projects\NDAS - Project\NDAS\venv\Lib\site-packages\django\template\base.py", line 600, in compile_filter
    return FilterExpression(token, self)
  File "D:\Projects\Current Projects\NDAS - Project\NDAS\venv\Lib\site-packages\django\template\base.py", line 698, in __init__
    filter_func = parser.find_filter(filter_name)
  File "D:\Projects\Current Projects\NDAS - Project\NDAS\venv\Lib\site-packages\django\template\base.py", line 606, in find_filter
    raise TemplateSyntaxError("Invalid filter: '%s'" % filter_name)
django.template.exceptions.TemplateSyntaxError: Invalid filter: 'mul'
ERROR 2025-09-25 10:54:50,994 basehttp 16444 12512 "GET /manager/patient/ HTTP/1.1" 500 334665
ERROR 2025-09-25 10:55:51,040 log 16444 16588 Internal Server Error: /manager/patient/
Traceback (most recent call last):
  File "D:\Projects\Current Projects\NDAS - Project\NDAS\venv\Lib\site-packages\django\core\handlers\exception.py", line 55, in inner
    response = get_response(request)
  File "D:\Projects\Current Projects\NDAS - Project\NDAS\venv\Lib\site-packages\django\core\handlers\base.py", line 197, in _get_response
    response = wrapped_callback(request, *callback_args, **callback_kwargs)
  File "D:\Projects\Current Projects\NDAS - Project\NDAS\venv\Lib\site-packages\django\contrib\auth\decorators.py", line 23, in _wrapped_view
    return view_func(request, *args, **kwargs)
  File "D:\Projects\Current Projects\NDAS - Project\NDAS\patients\views.py", line 155, in patient_manager
    return render(
        request, "patients/manager.html", {"patients_page_obj": paginated_pt_list}
    )
  File "D:\Projects\Current Projects\NDAS - Project\NDAS\venv\Lib\site-packages\django\shortcuts.py", line 24, in render
    content = loader.render_to_string(template_name, context, request, using=using)
  File "D:\Projects\Current Projects\NDAS - Project\NDAS\venv\Lib\site-packages\django\template\loader.py", line 61, in render_to_string
    template = get_template(template_name, using=using)
  File "D:\Projects\Current Projects\NDAS - Project\NDAS\venv\Lib\site-packages\django\template\loader.py", line 15, in get_template
    return engine.get_template(template_name)
           ~~~~~~~~~~~~~~~~~~~^^^^^^^^^^^^^^^
  File "D:\Projects\Current Projects\NDAS - Project\NDAS\venv\Lib\site-packages\django\template\backends\django.py", line 34, in get_template
    return Template(self.engine.get_template(template_name), self)
                    ~~~~~~~~~~~~~~~~~~~~~~~~^^^^^^^^^^^^^^^
  File "D:\Projects\Current Projects\NDAS - Project\NDAS\venv\Lib\site-packages\django\template\engine.py", line 175, in get_template
    template, origin = self.find_template(template_name)
                       ~~~~~~~~~~~~~~~~~~^^^^^^^^^^^^^^^
  File "D:\Projects\Current Projects\NDAS - Project\NDAS\venv\Lib\site-packages\django\template\engine.py", line 157, in find_template
    template = loader.get_template(name, skip=skip)
  File "D:\Projects\Current Projects\NDAS - Project\NDAS\venv\Lib\site-packages\django\template\loaders\cached.py", line 57, in get_template
    template = super().get_template(template_name, skip)
  File "D:\Projects\Current Projects\NDAS - Project\NDAS\venv\Lib\site-packages\django\template\loaders\base.py", line 28, in get_template
    return Template(
        contents,
    ...<2 lines>...
        self.engine,
    )
  File "D:\Projects\Current Projects\NDAS - Project\NDAS\venv\Lib\site-packages\django\template\base.py", line 154, in __init__
    self.nodelist = self.compile_nodelist()
                    ~~~~~~~~~~~~~~~~~~~~~^^
  File "D:\Projects\Current Projects\NDAS - Project\NDAS\venv\Lib\site-packages\django\template\base.py", line 200, in compile_nodelist
    return parser.parse()
           ~~~~~~~~~~~~^^
  File "D:\Projects\Current Projects\NDAS - Project\NDAS\venv\Lib\site-packages\django\template\base.py", line 513, in parse
    raise self.error(token, e)
  File "D:\Projects\Current Projects\NDAS - Project\NDAS\venv\Lib\site-packages\django\template\base.py", line 511, in parse
    compiled_result = compile_func(self, token)
  File "D:\Projects\Current Projects\NDAS - Project\NDAS\venv\Lib\site-packages\django\template\loader_tags.py", line 293, in do_extends
    nodelist = parser.parse()
  File "D:\Projects\Current Projects\NDAS - Project\NDAS\venv\Lib\site-packages\django\template\base.py", line 513, in parse
    raise self.error(token, e)
  File "D:\Projects\Current Projects\NDAS - Project\NDAS\venv\Lib\site-packages\django\template\base.py", line 511, in parse
    compiled_result = compile_func(self, token)
  File "D:\Projects\Current Projects\NDAS - Project\NDAS\venv\Lib\site-packages\django\template\loader_tags.py", line 232, in do_block
    nodelist = parser.parse(("endblock",))
  File "D:\Projects\Current Projects\NDAS - Project\NDAS\venv\Lib\site-packages\django\template\base.py", line 513, in parse
    raise self.error(token, e)
  File "D:\Projects\Current Projects\NDAS - Project\NDAS\venv\Lib\site-packages\django\template\base.py", line 511, in parse
    compiled_result = compile_func(self, token)
  File "D:\Projects\Current Projects\NDAS - Project\NDAS\venv\Lib\site-packages\django\template\defaulttags.py", line 954, in do_if
    nodelist = parser.parse(("elif", "else", "endif"))
  File "D:\Projects\Current Projects\NDAS - Project\NDAS\venv\Lib\site-packages\django\template\base.py", line 513, in parse
    raise self.error(token, e)
  File "D:\Projects\Current Projects\NDAS - Project\NDAS\venv\Lib\site-packages\django\template\base.py", line 511, in parse
    compiled_result = compile_func(self, token)
  File "D:\Projects\Current Projects\NDAS - Project\NDAS\venv\Lib\site-packages\django\template\defaulttags.py", line 954, in do_if
    nodelist = parser.parse(("elif", "else", "endif"))
  File "D:\Projects\Current Projects\NDAS - Project\NDAS\venv\Lib\site-packages\django\template\base.py", line 484, in parse
    raise self.error(token, e)
  File "D:\Projects\Current Projects\NDAS - Project\NDAS\venv\Lib\site-packages\django\template\base.py", line 482, in parse
    filter_expression = self.compile_filter(token.contents)
  File "D:\Projects\Current Projects\NDAS - Project\NDAS\venv\Lib\site-packages\django\template\base.py", line 600, in compile_filter
    return FilterExpression(token, self)
  File "D:\Projects\Current Projects\NDAS - Project\NDAS\venv\Lib\site-packages\django\template\base.py", line 698, in __init__
    filter_func = parser.find_filter(filter_name)
  File "D:\Projects\Current Projects\NDAS - Project\NDAS\venv\Lib\site-packages\django\template\base.py", line 606, in find_filter
    raise TemplateSyntaxError("Invalid filter: '%s'" % filter_name)
django.template.exceptions.TemplateSyntaxError: Invalid filter: 'mul'
ERROR 2025-09-25 10:55:51,055 basehttp 16444 16588 "GET /manager/patient/ HTTP/1.1" 500 334665
INFO 2025-09-25 10:57:01,098 basehttp 16444 16588 "GET /manager/patient/ HTTP/1.1" 200 54601
INFO 2025-09-25 11:19:30,977 autoreload 6844 1080 Watching for file changes with StatReloader
INFO 2025-09-25 11:19:42,845 basehttp 6844 13728 "GET /manager/patient/ HTTP/1.1" 302 0
INFO 2025-09-25 11:19:42,934 basehttp 6844 13728 "GET /users/login/?next=/manager/patient/ HTTP/1.1" 200 15740
INFO 2025-09-25 11:19:45,894 basehttp 6844 14284 "POST /users/login/ HTTP/1.1" 302 0
INFO 2025-09-25 11:19:46,340 basehttp 6844 14284 "GET / HTTP/1.1" 200 50513
INFO 2025-09-25 11:19:48,512 basehttp 6844 14284 "GET /manager/patient/ HTTP/1.1" 200 52537
INFO 2025-09-25 11:20:45,588 autoreload 13472 13584 Watching for file changes with StatReloader
INFO 2025-09-25 11:20:48,620 basehttp 13472 15580 "GET /manager/patient/ HTTP/1.1" 302 0
INFO 2025-09-25 11:20:48,677 basehttp 13472 15580 "GET /users/login/?next=/manager/patient/ HTTP/1.1" 200 15740
INFO 2025-09-25 11:20:51,159 basehttp 13472 15580 "POST /users/login/ HTTP/1.1" 302 0
INFO 2025-09-25 11:20:51,515 basehttp 13472 15580 "GET / HTTP/1.1" 200 50513
INFO 2025-09-25 11:20:53,385 basehttp 13472 11696 "GET /manager/patient/ HTTP/1.1" 200 52537
INFO 2025-09-25 11:33:29,725 basehttp 13472 12768 "GET /manager/patient/ HTTP/1.1" 200 52537
INFO 2025-09-25 11:33:32,022 basehttp 13472 12768 "GET /manager/patient/ HTTP/1.1" 200 52537
INFO 2025-09-25 11:33:35,363 basehttp 13472 12768 "GET /manager/patient/ HTTP/1.1" 200 52537
INFO 2025-09-25 11:33:40,251 basehttp 13472 12768 "GET /manager/patient/ HTTP/1.1" 200 52537
INFO 2025-09-25 11:33:42,237 basehttp 13472 12768 "GET /manager/patient/ HTTP/1.1" 200 52537
INFO 2025-09-25 11:33:58,550 basehttp 13472 12768 "GET /manager/patient/ HTTP/1.1" 200 52537
INFO 2025-09-25 11:34:00,883 basehttp 13472 12768 "GET /manager/patient/ HTTP/1.1" 200 52537
INFO 2025-09-25 11:34:02,972 basehttp 13472 12768 "GET /manager/patient/ HTTP/1.1" 200 52537
INFO 2025-09-25 11:34:04,571 basehttp 13472 12768 "GET /manager/patient/ HTTP/1.1" 200 52537
INFO 2025-09-25 11:34:07,648 basehttp 13472 12768 "GET /manager/patient/ HTTP/1.1" 200 52537
INFO 2025-09-25 11:34:34,120 basehttp 13472 12768 "GET /manager/patient/ HTTP/1.1" 200 52537
INFO 2025-09-25 11:34:35,877 basehttp 13472 12768 "GET /manager/patient/ HTTP/1.1" 200 52537
INFO 2025-09-25 11:34:36,784 basehttp 13472 12768 "GET /manager/patient/ HTTP/1.1" 200 52537
INFO 2025-09-25 11:34:37,617 basehttp 13472 12768 "GET /manager/patient/ HTTP/1.1" 200 52537
INFO 2025-09-25 11:34:39,078 basehttp 13472 12768 "GET /manager/patient/ HTTP/1.1" 200 52537
INFO 2025-09-25 11:34:41,646 basehttp 13472 12768 "GET /manager/patient/ HTTP/1.1" 200 52537
INFO 2025-09-25 11:34:43,061 basehttp 13472 12768 "GET /manager/assessment/ HTTP/1.1" 200 46932
INFO 2025-09-25 11:34:46,453 basehttp 13472 13120 "GET /manager/patient/ HTTP/1.1" 200 52537
INFO 2025-09-25 11:34:48,411 basehttp 13472 13120 "GET /manager/patient/ HTTP/1.1" 200 52537
INFO 2025-09-25 11:34:50,819 basehttp 13472 13120 "GET /manager/assessment/ HTTP/1.1" 200 46932
INFO 2025-09-25 11:34:56,164 basehttp 13472 1448 "GET /manager/patient/ HTTP/1.1" 200 52537
INFO 2025-09-25 11:35:15,317 basehttp 13472 7056 "GET /manager/patient/ HTTP/1.1" 200 52537
INFO 2025-09-25 11:35:17,362 basehttp 13472 7056 "GET /manager/patient/ HTTP/1.1" 200 52537
INFO 2025-09-25 11:35:19,517 basehttp 13472 7056 "GET /manager/patient/ HTTP/1.1" 200 52537
INFO 2025-09-25 11:35:38,819 basehttp 13472 5588 "GET /manager/patient/ HTTP/1.1" 200 52537
INFO 2025-09-25 11:35:40,604 basehttp 13472 5588 "GET /manager/patient/ HTTP/1.1" 200 52537
INFO 2025-09-25 11:35:45,611 basehttp 13472 5588 "GET /users/logout/ HTTP/1.1" 302 0
INFO 2025-09-25 11:35:45,622 basehttp 13472 5588 "GET /users/login/ HTTP/1.1" 200 16070
INFO 2025-09-25 11:35:48,383 basehttp 13472 5588 "POST /users/login/ HTTP/1.1" 302 0
INFO 2025-09-25 11:35:48,558 basehttp 13472 5588 "GET / HTTP/1.1" 200 50513
INFO 2025-09-25 11:35:50,827 basehttp 13472 5588 "GET /manager/patient/ HTTP/1.1" 200 52537
INFO 2025-09-25 11:36:10,764 basehttp 13472 9336 "GET /manager/assessment/ HTTP/1.1" 200 46932
INFO 2025-09-25 11:36:29,476 basehttp 13472 9708 "GET /manager/patient/ HTTP/1.1" 200 52537
INFO 2025-09-25 11:36:37,602 basehttp 13472 8540 "GET /manager/assessment/ HTTP/1.1" 200 46932
INFO 2025-09-25 11:37:13,843 basehttp 13472 18160 "GET /cdic/manager/ HTTP/1.1" 200 51151
INFO 2025-09-25 11:37:15,596 basehttp 13472 18160 "GET /da/manager/ HTTP/1.1" 200 52424
INFO 2025-09-25 11:37:17,443 basehttp 13472 18160 "GET /hine/manager/ HTTP/1.1" 200 52431
INFO 2025-09-25 11:37:24,508 basehttp 13472 18160 "GET /da/manager/ HTTP/1.1" 200 52424
INFO 2025-09-25 11:37:25,319 basehttp 13472 18160 "GET /hine/manager/ HTTP/1.1" 200 52431
INFO 2025-09-25 11:37:26,549 basehttp 13472 18160 "GET /manager/assessment/ HTTP/1.1" 200 46932
INFO 2025-09-25 11:37:29,406 basehttp 13472 18160 "GET /manager/patient/ HTTP/1.1" 200 52537
INFO 2025-09-25 11:37:53,053 basehttp 13472 18160 "GET /manager/assessment/ HTTP/1.1" 200 46932
INFO 2025-09-25 11:39:45,900 basehttp 13472 18160 "GET /manager/patient/ HTTP/1.1" 200 52537
INFO 2025-09-25 11:39:56,639 basehttp 13472 18160 "GET /manager/assessment/ HTTP/1.1" 200 46932
INFO 2025-09-25 11:40:45,218 basehttp 13472 18160 "GET /manager/assessment/ HTTP/1.1" 200 46932
INFO 2025-09-25 11:42:46,828 basehttp 13472 18160 "GET /manager/patient/ HTTP/1.1" 200 52512
INFO 2025-09-25 11:43:03,362 basehttp 13472 18160 "GET /manager/assessment/ HTTP/1.1" 200 46932
INFO 2025-09-25 11:43:10,214 basehttp 13472 18160 "GET /manager/patient/ HTTP/1.1" 200 52512
INFO 2025-09-25 11:45:52,633 basehttp 13472 18160 "GET /manager/patient/ HTTP/1.1" 200 52687
INFO 2025-09-25 11:47:27,843 basehttp 13472 18160 "GET /manager/patient/ HTTP/1.1" 200 53081
INFO 2025-09-25 11:49:08,803 basehttp 13472 18160 "GET /manager/patient/ HTTP/1.1" 200 55818
INFO 2025-09-25 11:51:42,156 basehttp 13472 18160 "GET /manager/patient/ HTTP/1.1" 200 52318
INFO 2025-09-25 11:52:35,182 basehttp 13472 18160 "GET /manager/assessment/ HTTP/1.1" 200 46932
INFO 2025-09-25 11:52:38,898 basehttp 13472 18160 "GET /manager/patient/ HTTP/1.1" 200 52318
INFO 2025-09-25 11:52:43,243 basehttp 13472 18160 "GET /manager/assessment/ HTTP/1.1" 200 46932
INFO 2025-09-25 11:52:44,485 basehttp 13472 18160 "GET /manager/assessment/ HTTP/1.1" 200 46932
INFO 2025-09-25 11:52:45,465 basehttp 13472 18160 "GET /hine/manager/ HTTP/1.1" 200 52431
INFO 2025-09-25 11:53:05,258 basehttp 13472 18160 "GET /manager/patient/ HTTP/1.1" 200 52318
INFO 2025-09-25 11:53:36,947 basehttp 13472 18160 "GET /manager/patient/ HTTP/1.1" 200 56654
INFO 2025-09-25 11:53:38,469 basehttp 13472 18160 "GET /manager/patient/ HTTP/1.1" 200 56654
INFO 2025-09-25 11:53:39,441 basehttp 13472 18160 "GET /manager/patient/ HTTP/1.1" 200 56654
INFO 2025-09-25 11:53:43,013 basehttp 13472 18160 "GET /manager/patient/ HTTP/1.1" 200 56654
INFO 2025-09-25 11:53:43,648 basehttp 13472 18160 "GET /manager/patient/ HTTP/1.1" 200 56654
INFO 2025-09-25 11:53:44,084 basehttp 13472 18160 "GET /manager/patient/ HTTP/1.1" 200 56654
INFO 2025-09-25 11:53:44,557 basehttp 13472 18160 "GET /manager/patient/ HTTP/1.1" 200 56654
INFO 2025-09-25 11:53:45,015 basehttp 13472 18160 "GET /manager/patient/ HTTP/1.1" 200 56654
INFO 2025-09-25 11:54:07,332 basehttp 13472 18160 "GET /manager/assessment/ HTTP/1.1" 200 46932
INFO 2025-09-25 11:54:08,282 basehttp 13472 18160 "GET /hine/manager/ HTTP/1.1" 200 52431
INFO 2025-09-25 11:54:32,686 basehttp 13472 18160 "GET /da/manager/ HTTP/1.1" 200 52424
INFO 2025-09-25 11:54:34,758 basehttp 13472 18160 "GET /cdic/manager/ HTTP/1.1" 200 51151
INFO 2025-09-25 11:54:37,107 basehttp 13472 18160 "GET /da/manager/ HTTP/1.1" 200 52424
INFO 2025-09-25 11:54:37,937 basehttp 13472 18160 "GET /hine/manager/ HTTP/1.1" 200 52431
INFO 2025-09-25 11:54:59,869 basehttp 13472 18160 "GET /manager/patient/ HTTP/1.1" 200 56654
INFO 2025-09-25 11:55:54,189 basehttp 13472 18160 "GET /manager/patient/ HTTP/1.1" 200 56656
INFO 2025-09-25 11:55:56,316 basehttp 13472 18160 "GET /manager/patient/ HTTP/1.1" 200 56656
INFO 2025-09-25 11:55:57,454 basehttp 13472 18160 "GET /manager/patient/ HTTP/1.1" 200 56656
ERROR 2025-09-25 11:55:58,992 log 13472 18160 Internal Server Error: /manager/patient/
Traceback (most recent call last):
  File "D:\Projects\Current Projects\NDAS - Project\NDAS\venv\Lib\site-packages\django\template\base.py", line 505, in parse
    compile_func = self.tags[command]
                   ~~~~~~~~~^^^^^^^^^
KeyError: 'endif'

During handling of the above exception, another exception occurred:

Traceback (most recent call last):
  File "D:\Projects\Current Projects\NDAS - Project\NDAS\venv\Lib\site-packages\django\core\handlers\exception.py", line 55, in inner
    response = get_response(request)
  File "D:\Projects\Current Projects\NDAS - Project\NDAS\venv\Lib\site-packages\django\core\handlers\base.py", line 197, in _get_response
    response = wrapped_callback(request, *callback_args, **callback_kwargs)
  File "D:\Projects\Current Projects\NDAS - Project\NDAS\venv\Lib\site-packages\django\contrib\auth\decorators.py", line 23, in _wrapped_view
    return view_func(request, *args, **kwargs)
  File "D:\Projects\Current Projects\NDAS - Project\NDAS\patients\views.py", line 155, in patient_manager
    return render(
        request, "patients/manager.html", {"patients_page_obj": paginated_pt_list}
    )
  File "D:\Projects\Current Projects\NDAS - Project\NDAS\venv\Lib\site-packages\django\shortcuts.py", line 24, in render
    content = loader.render_to_string(template_name, context, request, using=using)
  File "D:\Projects\Current Projects\NDAS - Project\NDAS\venv\Lib\site-packages\django\template\loader.py", line 61, in render_to_string
    template = get_template(template_name, using=using)
  File "D:\Projects\Current Projects\NDAS - Project\NDAS\venv\Lib\site-packages\django\template\loader.py", line 15, in get_template
    return engine.get_template(template_name)
           ~~~~~~~~~~~~~~~~~~~^^^^^^^^^^^^^^^
  File "D:\Projects\Current Projects\NDAS - Project\NDAS\venv\Lib\site-packages\django\template\backends\django.py", line 34, in get_template
    return Template(self.engine.get_template(template_name), self)
                    ~~~~~~~~~~~~~~~~~~~~~~~~^^^^^^^^^^^^^^^
  File "D:\Projects\Current Projects\NDAS - Project\NDAS\venv\Lib\site-packages\django\template\engine.py", line 175, in get_template
    template, origin = self.find_template(template_name)
                       ~~~~~~~~~~~~~~~~~~^^^^^^^^^^^^^^^
  File "D:\Projects\Current Projects\NDAS - Project\NDAS\venv\Lib\site-packages\django\template\engine.py", line 157, in find_template
    template = loader.get_template(name, skip=skip)
  File "D:\Projects\Current Projects\NDAS - Project\NDAS\venv\Lib\site-packages\django\template\loaders\cached.py", line 57, in get_template
    template = super().get_template(template_name, skip)
  File "D:\Projects\Current Projects\NDAS - Project\NDAS\venv\Lib\site-packages\django\template\loaders\base.py", line 28, in get_template
    return Template(
        contents,
    ...<2 lines>...
        self.engine,
    )
  File "D:\Projects\Current Projects\NDAS - Project\NDAS\venv\Lib\site-packages\django\template\base.py", line 154, in __init__
    self.nodelist = self.compile_nodelist()
                    ~~~~~~~~~~~~~~~~~~~~~^^
  File "D:\Projects\Current Projects\NDAS - Project\NDAS\venv\Lib\site-packages\django\template\base.py", line 200, in compile_nodelist
    return parser.parse()
           ~~~~~~~~~~~~^^
  File "D:\Projects\Current Projects\NDAS - Project\NDAS\venv\Lib\site-packages\django\template\base.py", line 513, in parse
    raise self.error(token, e)
  File "D:\Projects\Current Projects\NDAS - Project\NDAS\venv\Lib\site-packages\django\template\base.py", line 511, in parse
    compiled_result = compile_func(self, token)
  File "D:\Projects\Current Projects\NDAS - Project\NDAS\venv\Lib\site-packages\django\template\loader_tags.py", line 293, in do_extends
    nodelist = parser.parse()
  File "D:\Projects\Current Projects\NDAS - Project\NDAS\venv\Lib\site-packages\django\template\base.py", line 513, in parse
    raise self.error(token, e)
  File "D:\Projects\Current Projects\NDAS - Project\NDAS\venv\Lib\site-packages\django\template\base.py", line 511, in parse
    compiled_result = compile_func(self, token)
  File "D:\Projects\Current Projects\NDAS - Project\NDAS\venv\Lib\site-packages\django\template\loader_tags.py", line 232, in do_block
    nodelist = parser.parse(("endblock",))
  File "D:\Projects\Current Projects\NDAS - Project\NDAS\venv\Lib\site-packages\django\template\base.py", line 507, in parse
    self.invalid_block_tag(token, command, parse_until)
    ~~~~~~~~~~~~~~~~~~~~~~^^^^^^^^^^^^^^^^^^^^^^^^^^^^^
  File "D:\Projects\Current Projects\NDAS - Project\NDAS\venv\Lib\site-packages\django\template\base.py", line 558, in invalid_block_tag
    raise self.error(
    ...<8 lines>...
    )
django.template.exceptions.TemplateSyntaxError: Invalid block tag on line 450: 'endif', expected 'endblock'. Did you forget to register or load this tag?
ERROR 2025-09-25 11:55:59,032 basehttp 13472 18160 "GET /manager/patient/ HTTP/1.1" 500 212757
ERROR 2025-09-25 11:56:01,800 log 13472 18160 Internal Server Error: /manager/patient/
Traceback (most recent call last):
  File "D:\Projects\Current Projects\NDAS - Project\NDAS\venv\Lib\site-packages\django\template\base.py", line 505, in parse
    compile_func = self.tags[command]
                   ~~~~~~~~~^^^^^^^^^
KeyError: 'endif'

During handling of the above exception, another exception occurred:

Traceback (most recent call last):
  File "D:\Projects\Current Projects\NDAS - Project\NDAS\venv\Lib\site-packages\django\core\handlers\exception.py", line 55, in inner
    response = get_response(request)
  File "D:\Projects\Current Projects\NDAS - Project\NDAS\venv\Lib\site-packages\django\core\handlers\base.py", line 197, in _get_response
    response = wrapped_callback(request, *callback_args, **callback_kwargs)
  File "D:\Projects\Current Projects\NDAS - Project\NDAS\venv\Lib\site-packages\django\contrib\auth\decorators.py", line 23, in _wrapped_view
    return view_func(request, *args, **kwargs)
  File "D:\Projects\Current Projects\NDAS - Project\NDAS\patients\views.py", line 155, in patient_manager
    return render(
        request, "patients/manager.html", {"patients_page_obj": paginated_pt_list}
    )
  File "D:\Projects\Current Projects\NDAS - Project\NDAS\venv\Lib\site-packages\django\shortcuts.py", line 24, in render
    content = loader.render_to_string(template_name, context, request, using=using)
  File "D:\Projects\Current Projects\NDAS - Project\NDAS\venv\Lib\site-packages\django\template\loader.py", line 61, in render_to_string
    template = get_template(template_name, using=using)
  File "D:\Projects\Current Projects\NDAS - Project\NDAS\venv\Lib\site-packages\django\template\loader.py", line 15, in get_template
    return engine.get_template(template_name)
           ~~~~~~~~~~~~~~~~~~~^^^^^^^^^^^^^^^
  File "D:\Projects\Current Projects\NDAS - Project\NDAS\venv\Lib\site-packages\django\template\backends\django.py", line 34, in get_template
    return Template(self.engine.get_template(template_name), self)
                    ~~~~~~~~~~~~~~~~~~~~~~~~^^^^^^^^^^^^^^^
  File "D:\Projects\Current Projects\NDAS - Project\NDAS\venv\Lib\site-packages\django\template\engine.py", line 175, in get_template
    template, origin = self.find_template(template_name)
                       ~~~~~~~~~~~~~~~~~~^^^^^^^^^^^^^^^
  File "D:\Projects\Current Projects\NDAS - Project\NDAS\venv\Lib\site-packages\django\template\engine.py", line 157, in find_template
    template = loader.get_template(name, skip=skip)
  File "D:\Projects\Current Projects\NDAS - Project\NDAS\venv\Lib\site-packages\django\template\loaders\cached.py", line 57, in get_template
    template = super().get_template(template_name, skip)
  File "D:\Projects\Current Projects\NDAS - Project\NDAS\venv\Lib\site-packages\django\template\loaders\base.py", line 28, in get_template
    return Template(
        contents,
    ...<2 lines>...
        self.engine,
    )
  File "D:\Projects\Current Projects\NDAS - Project\NDAS\venv\Lib\site-packages\django\template\base.py", line 154, in __init__
    self.nodelist = self.compile_nodelist()
                    ~~~~~~~~~~~~~~~~~~~~~^^
  File "D:\Projects\Current Projects\NDAS - Project\NDAS\venv\Lib\site-packages\django\template\base.py", line 200, in compile_nodelist
    return parser.parse()
           ~~~~~~~~~~~~^^
  File "D:\Projects\Current Projects\NDAS - Project\NDAS\venv\Lib\site-packages\django\template\base.py", line 513, in parse
    raise self.error(token, e)
  File "D:\Projects\Current Projects\NDAS - Project\NDAS\venv\Lib\site-packages\django\template\base.py", line 511, in parse
    compiled_result = compile_func(self, token)
  File "D:\Projects\Current Projects\NDAS - Project\NDAS\venv\Lib\site-packages\django\template\loader_tags.py", line 293, in do_extends
    nodelist = parser.parse()
  File "D:\Projects\Current Projects\NDAS - Project\NDAS\venv\Lib\site-packages\django\template\base.py", line 513, in parse
    raise self.error(token, e)
  File "D:\Projects\Current Projects\NDAS - Project\NDAS\venv\Lib\site-packages\django\template\base.py", line 511, in parse
    compiled_result = compile_func(self, token)
  File "D:\Projects\Current Projects\NDAS - Project\NDAS\venv\Lib\site-packages\django\template\loader_tags.py", line 232, in do_block
    nodelist = parser.parse(("endblock",))
  File "D:\Projects\Current Projects\NDAS - Project\NDAS\venv\Lib\site-packages\django\template\base.py", line 507, in parse
    self.invalid_block_tag(token, command, parse_until)
    ~~~~~~~~~~~~~~~~~~~~~~^^^^^^^^^^^^^^^^^^^^^^^^^^^^^
  File "D:\Projects\Current Projects\NDAS - Project\NDAS\venv\Lib\site-packages\django\template\base.py", line 558, in invalid_block_tag
    raise self.error(
    ...<8 lines>...
    )
django.template.exceptions.TemplateSyntaxError: Invalid block tag on line 450: 'endif', expected 'endblock'. Did you forget to register or load this tag?
ERROR 2025-09-25 11:56:01,829 basehttp 13472 18160 "GET /manager/patient/ HTTP/1.1" 500 212757
ERROR 2025-09-25 11:56:03,757 log 13472 18160 Internal Server Error: /manager/patient/
Traceback (most recent call last):
  File "D:\Projects\Current Projects\NDAS - Project\NDAS\venv\Lib\site-packages\django\template\base.py", line 505, in parse
    compile_func = self.tags[command]
                   ~~~~~~~~~^^^^^^^^^
KeyError: 'endif'

During handling of the above exception, another exception occurred:

Traceback (most recent call last):
  File "D:\Projects\Current Projects\NDAS - Project\NDAS\venv\Lib\site-packages\django\core\handlers\exception.py", line 55, in inner
    response = get_response(request)
  File "D:\Projects\Current Projects\NDAS - Project\NDAS\venv\Lib\site-packages\django\core\handlers\base.py", line 197, in _get_response
    response = wrapped_callback(request, *callback_args, **callback_kwargs)
  File "D:\Projects\Current Projects\NDAS - Project\NDAS\venv\Lib\site-packages\django\contrib\auth\decorators.py", line 23, in _wrapped_view
    return view_func(request, *args, **kwargs)
  File "D:\Projects\Current Projects\NDAS - Project\NDAS\patients\views.py", line 155, in patient_manager
    return render(
        request, "patients/manager.html", {"patients_page_obj": paginated_pt_list}
    )
  File "D:\Projects\Current Projects\NDAS - Project\NDAS\venv\Lib\site-packages\django\shortcuts.py", line 24, in render
    content = loader.render_to_string(template_name, context, request, using=using)
  File "D:\Projects\Current Projects\NDAS - Project\NDAS\venv\Lib\site-packages\django\template\loader.py", line 61, in render_to_string
    template = get_template(template_name, using=using)
  File "D:\Projects\Current Projects\NDAS - Project\NDAS\venv\Lib\site-packages\django\template\loader.py", line 15, in get_template
    return engine.get_template(template_name)
           ~~~~~~~~~~~~~~~~~~~^^^^^^^^^^^^^^^
  File "D:\Projects\Current Projects\NDAS - Project\NDAS\venv\Lib\site-packages\django\template\backends\django.py", line 34, in get_template
    return Template(self.engine.get_template(template_name), self)
                    ~~~~~~~~~~~~~~~~~~~~~~~~^^^^^^^^^^^^^^^
  File "D:\Projects\Current Projects\NDAS - Project\NDAS\venv\Lib\site-packages\django\template\engine.py", line 175, in get_template
    template, origin = self.find_template(template_name)
                       ~~~~~~~~~~~~~~~~~~^^^^^^^^^^^^^^^
  File "D:\Projects\Current Projects\NDAS - Project\NDAS\venv\Lib\site-packages\django\template\engine.py", line 157, in find_template
    template = loader.get_template(name, skip=skip)
  File "D:\Projects\Current Projects\NDAS - Project\NDAS\venv\Lib\site-packages\django\template\loaders\cached.py", line 57, in get_template
    template = super().get_template(template_name, skip)
  File "D:\Projects\Current Projects\NDAS - Project\NDAS\venv\Lib\site-packages\django\template\loaders\base.py", line 28, in get_template
    return Template(
        contents,
    ...<2 lines>...
        self.engine,
    )
  File "D:\Projects\Current Projects\NDAS - Project\NDAS\venv\Lib\site-packages\django\template\base.py", line 154, in __init__
    self.nodelist = self.compile_nodelist()
                    ~~~~~~~~~~~~~~~~~~~~~^^
  File "D:\Projects\Current Projects\NDAS - Project\NDAS\venv\Lib\site-packages\django\template\base.py", line 200, in compile_nodelist
    return parser.parse()
           ~~~~~~~~~~~~^^
  File "D:\Projects\Current Projects\NDAS - Project\NDAS\venv\Lib\site-packages\django\template\base.py", line 513, in parse
    raise self.error(token, e)
  File "D:\Projects\Current Projects\NDAS - Project\NDAS\venv\Lib\site-packages\django\template\base.py", line 511, in parse
    compiled_result = compile_func(self, token)
  File "D:\Projects\Current Projects\NDAS - Project\NDAS\venv\Lib\site-packages\django\template\loader_tags.py", line 293, in do_extends
    nodelist = parser.parse()
  File "D:\Projects\Current Projects\NDAS - Project\NDAS\venv\Lib\site-packages\django\template\base.py", line 513, in parse
    raise self.error(token, e)
  File "D:\Projects\Current Projects\NDAS - Project\NDAS\venv\Lib\site-packages\django\template\base.py", line 511, in parse
    compiled_result = compile_func(self, token)
  File "D:\Projects\Current Projects\NDAS - Project\NDAS\venv\Lib\site-packages\django\template\loader_tags.py", line 232, in do_block
    nodelist = parser.parse(("endblock",))
  File "D:\Projects\Current Projects\NDAS - Project\NDAS\venv\Lib\site-packages\django\template\base.py", line 507, in parse
    self.invalid_block_tag(token, command, parse_until)
    ~~~~~~~~~~~~~~~~~~~~~~^^^^^^^^^^^^^^^^^^^^^^^^^^^^^
  File "D:\Projects\Current Projects\NDAS - Project\NDAS\venv\Lib\site-packages\django\template\base.py", line 558, in invalid_block_tag
    raise self.error(
    ...<8 lines>...
    )
django.template.exceptions.TemplateSyntaxError: Invalid block tag on line 450: 'endif', expected 'endblock'. Did you forget to register or load this tag?
ERROR 2025-09-25 11:56:03,793 basehttp 13472 18160 "GET /manager/patient/ HTTP/1.1" 500 212757
ERROR 2025-09-25 11:56:09,044 log 13472 18160 Internal Server Error: /manager/patient/
Traceback (most recent call last):
  File "D:\Projects\Current Projects\NDAS - Project\NDAS\venv\Lib\site-packages\django\template\base.py", line 505, in parse
    compile_func = self.tags[command]
                   ~~~~~~~~~^^^^^^^^^
KeyError: 'endif'

During handling of the above exception, another exception occurred:

Traceback (most recent call last):
  File "D:\Projects\Current Projects\NDAS - Project\NDAS\venv\Lib\site-packages\django\core\handlers\exception.py", line 55, in inner
    response = get_response(request)
  File "D:\Projects\Current Projects\NDAS - Project\NDAS\venv\Lib\site-packages\django\core\handlers\base.py", line 197, in _get_response
    response = wrapped_callback(request, *callback_args, **callback_kwargs)
  File "D:\Projects\Current Projects\NDAS - Project\NDAS\venv\Lib\site-packages\django\contrib\auth\decorators.py", line 23, in _wrapped_view
    return view_func(request, *args, **kwargs)
  File "D:\Projects\Current Projects\NDAS - Project\NDAS\patients\views.py", line 155, in patient_manager
    return render(
        request, "patients/manager.html", {"patients_page_obj": paginated_pt_list}
    )
  File "D:\Projects\Current Projects\NDAS - Project\NDAS\venv\Lib\site-packages\django\shortcuts.py", line 24, in render
    content = loader.render_to_string(template_name, context, request, using=using)
  File "D:\Projects\Current Projects\NDAS - Project\NDAS\venv\Lib\site-packages\django\template\loader.py", line 61, in render_to_string
    template = get_template(template_name, using=using)
  File "D:\Projects\Current Projects\NDAS - Project\NDAS\venv\Lib\site-packages\django\template\loader.py", line 15, in get_template
    return engine.get_template(template_name)
           ~~~~~~~~~~~~~~~~~~~^^^^^^^^^^^^^^^
  File "D:\Projects\Current Projects\NDAS - Project\NDAS\venv\Lib\site-packages\django\template\backends\django.py", line 34, in get_template
    return Template(self.engine.get_template(template_name), self)
                    ~~~~~~~~~~~~~~~~~~~~~~~~^^^^^^^^^^^^^^^
  File "D:\Projects\Current Projects\NDAS - Project\NDAS\venv\Lib\site-packages\django\template\engine.py", line 175, in get_template
    template, origin = self.find_template(template_name)
                       ~~~~~~~~~~~~~~~~~~^^^^^^^^^^^^^^^
  File "D:\Projects\Current Projects\NDAS - Project\NDAS\venv\Lib\site-packages\django\template\engine.py", line 157, in find_template
    template = loader.get_template(name, skip=skip)
  File "D:\Projects\Current Projects\NDAS - Project\NDAS\venv\Lib\site-packages\django\template\loaders\cached.py", line 57, in get_template
    template = super().get_template(template_name, skip)
  File "D:\Projects\Current Projects\NDAS - Project\NDAS\venv\Lib\site-packages\django\template\loaders\base.py", line 28, in get_template
    return Template(
        contents,
    ...<2 lines>...
        self.engine,
    )
  File "D:\Projects\Current Projects\NDAS - Project\NDAS\venv\Lib\site-packages\django\template\base.py", line 154, in __init__
    self.nodelist = self.compile_nodelist()
                    ~~~~~~~~~~~~~~~~~~~~~^^
  File "D:\Projects\Current Projects\NDAS - Project\NDAS\venv\Lib\site-packages\django\template\base.py", line 200, in compile_nodelist
    return parser.parse()
           ~~~~~~~~~~~~^^
  File "D:\Projects\Current Projects\NDAS - Project\NDAS\venv\Lib\site-packages\django\template\base.py", line 513, in parse
    raise self.error(token, e)
  File "D:\Projects\Current Projects\NDAS - Project\NDAS\venv\Lib\site-packages\django\template\base.py", line 511, in parse
    compiled_result = compile_func(self, token)
  File "D:\Projects\Current Projects\NDAS - Project\NDAS\venv\Lib\site-packages\django\template\loader_tags.py", line 293, in do_extends
    nodelist = parser.parse()
  File "D:\Projects\Current Projects\NDAS - Project\NDAS\venv\Lib\site-packages\django\template\base.py", line 513, in parse
    raise self.error(token, e)
  File "D:\Projects\Current Projects\NDAS - Project\NDAS\venv\Lib\site-packages\django\template\base.py", line 511, in parse
    compiled_result = compile_func(self, token)
  File "D:\Projects\Current Projects\NDAS - Project\NDAS\venv\Lib\site-packages\django\template\loader_tags.py", line 232, in do_block
    nodelist = parser.parse(("endblock",))
  File "D:\Projects\Current Projects\NDAS - Project\NDAS\venv\Lib\site-packages\django\template\base.py", line 507, in parse
    self.invalid_block_tag(token, command, parse_until)
    ~~~~~~~~~~~~~~~~~~~~~~^^^^^^^^^^^^^^^^^^^^^^^^^^^^^
  File "D:\Projects\Current Projects\NDAS - Project\NDAS\venv\Lib\site-packages\django\template\base.py", line 558, in invalid_block_tag
    raise self.error(
    ...<8 lines>...
    )
django.template.exceptions.TemplateSyntaxError: Invalid block tag on line 450: 'endif', expected 'endblock'. Did you forget to register or load this tag?
ERROR 2025-09-25 11:56:09,058 basehttp 13472 18160 "GET /manager/patient/ HTTP/1.1" 500 212757
INFO 2025-09-25 11:56:49,436 basehttp 13472 18160 "GET /manager/patient/ HTTP/1.1" 200 56617
INFO 2025-09-25 11:56:56,560 basehttp 13472 18160 "GET /manager/assessment/ HTTP/1.1" 200 46932
INFO 2025-09-25 11:57:00,741 basehttp 13472 18160 "GET /manager/assessment/ HTTP/1.1" 200 46932
INFO 2025-09-25 11:57:01,539 basehttp 13472 18160 "GET /manager/patient/ HTTP/1.1" 200 56617
INFO 2025-09-25 11:57:32,968 basehttp 13472 18160 "GET /manager/assessment/ HTTP/1.1" 200 46932
INFO 2025-09-25 11:57:44,758 basehttp 13472 18160 "GET /hine/manager/ HTTP/1.1" 200 52431
INFO 2025-09-25 11:59:38,232 basehttp 13472 18160 "GET /manager/patient/ HTTP/1.1" 200 56568
INFO 2025-09-25 11:59:39,720 basehttp 13472 18160 "GET /manager/patient/ HTTP/1.1" 200 56568
INFO 2025-09-25 11:59:40,604 basehttp 13472 18160 "GET /manager/patient/ HTTP/1.1" 200 56568
INFO 2025-09-25 11:59:41,704 basehttp 13472 18160 "GET /manager/patient/ HTTP/1.1" 200 56568
INFO 2025-09-25 11:59:42,670 basehttp 13472 18160 "GET /manager/patient/ HTTP/1.1" 200 56568
INFO 2025-09-25 11:59:43,420 basehttp 13472 18160 "GET /manager/patient/ HTTP/1.1" 200 56568
INFO 2025-09-25 12:00:04,064 basehttp 13472 18160 "GET /patient/view/4/ HTTP/1.1" 200 119528
INFO 2025-09-25 12:02:17,589 basehttp 13472 16400 "GET /manager/patient/ HTTP/1.1" 200 55759
INFO 2025-09-25 12:03:56,290 basehttp 13472 16400 "GET /manager/patient/ HTTP/1.1" 200 55759
INFO 2025-09-25 12:03:57,367 basehttp 13472 16400 "GET /manager/patient/ HTTP/1.1" 200 55759
INFO 2025-09-25 12:03:58,444 basehttp 13472 16400 "GET /manager/patient/ HTTP/1.1" 200 55759
INFO 2025-09-25 12:05:03,537 basehttp 13472 16400 "GET /manager/patient/ HTTP/1.1" 200 55777
INFO 2025-09-25 12:06:07,346 basehttp 13472 16400 "GET /manager/patient/ HTTP/1.1" 200 55822
INFO 2025-09-25 12:06:52,780 basehttp 13472 16400 "GET /manager/patient/ HTTP/1.1" 200 55806
INFO 2025-09-25 12:07:26,273 basehttp 13472 16400 "GET /manager/patient/ HTTP/1.1" 200 55798
INFO 2025-09-25 12:07:58,915 basehttp 13472 16400 "GET /manager/assessment/ HTTP/1.1" 200 46932
INFO 2025-09-25 12:08:10,161 basehttp 13472 16400 "GET /manager/patient/ HTTP/1.1" 200 55798
INFO 2025-09-25 12:08:50,762 basehttp 13472 16400 "GET /manager/patient/diagnosed/gma/abnormal HTTP/1.1" 200 49983
INFO 2025-09-25 12:08:55,893 basehttp 13472 16400 "GET /manager/patient/new HTTP/1.1" 200 42999
INFO 2025-09-25 12:09:00,380 basehttp 13472 16400 "GET /manager/patient/ HTTP/1.1" 200 55798
INFO 2025-09-25 12:09:13,037 basehttp 13472 16400 "GET /manager/assessment/ HTTP/1.1" 200 46932
INFO 2025-09-25 12:09:22,621 basehttp 13472 16400 "GET /manager/patient/ HTTP/1.1" 200 55798
INFO 2025-09-25 12:09:32,651 basehttp 13472 16400 "GET /manager/patient/ HTTP/1.1" 200 56032
INFO 2025-09-25 12:09:34,013 basehttp 13472 16400 "GET /manager/patient/ HTTP/1.1" 200 56032
INFO 2025-09-25 12:09:34,986 basehttp 13472 16400 "GET /manager/patient/ HTTP/1.1" 200 56032
INFO 2025-09-25 12:09:35,531 basehttp 13472 16400 "GET /manager/patient/ HTTP/1.1" 200 56032
INFO 2025-09-25 12:09:48,661 basehttp 13472 16400 "GET /manager/patient/ HTTP/1.1" 200 55798
INFO 2025-09-25 12:10:38,478 basehttp 13472 16400 "GET /manager/assessment/ HTTP/1.1" 200 46932
INFO 2025-09-25 12:10:56,611 basehttp 13472 16400 "GET /manager/patient/ HTTP/1.1" 200 55798
INFO 2025-09-25 12:11:48,507 basehttp 13472 16400 "GET /manager/assessment/ HTTP/1.1" 200 46932
INFO 2025-09-25 12:11:58,820 basehttp 13472 16400 "GET /manager/patient/ HTTP/1.1" 200 55798
INFO 2025-09-25 12:12:06,451 basehttp 13472 16400 "GET /manager/assessment/ HTTP/1.1" 200 46932
INFO 2025-09-25 12:12:13,733 basehttp 13472 16400 "GET /manager/patient/ HTTP/1.1" 200 55798
INFO 2025-09-25 12:14:00,553 basehttp 13472 16400 "GET /manager/patient/ HTTP/1.1" 200 55798
INFO 2025-09-25 12:14:03,700 basehttp 13472 16400 "GET /manager/patient/ HTTP/1.1" 200 55798
INFO 2025-09-25 12:14:18,482 basehttp 13472 16400 "GET /manager/assessment/ HTTP/1.1" 200 46932
INFO 2025-09-25 12:17:35,312 basehttp 13472 15552 "GET /manager/patient/ HTTP/1.1" 200 55798
INFO 2025-09-25 12:19:02,221 basehttp 13472 15552 "GET /manager/assessment/ HTTP/1.1" 200 61090
INFO 2025-09-25 12:19:23,929 basehttp 13472 15552 "GET /manager/assessment/ HTTP/1.1" 200 61090
INFO 2025-09-25 12:19:25,963 basehttp 13472 15552 "GET /hine/manager/ HTTP/1.1" 200 52431
INFO 2025-09-25 12:19:30,623 basehttp 13472 15552 "GET /manager/assessment/ HTTP/1.1" 200 61090
INFO 2025-09-25 12:19:51,732 basehttp 13472 15552 "GET /hine/manager/ HTTP/1.1" 200 52431
INFO 2025-09-25 12:27:36,212 basehttp 13472 17892 "GET /hine/manager/ HTTP/1.1" 200 50145
INFO 2025-09-25 12:28:31,707 basehttp 13472 17892 "GET /cdic/manager/ HTTP/1.1" 200 42425
INFO 2025-09-25 12:28:39,090 basehttp 13472 17892 "GET /cdic/manager/ HTTP/1.1" 200 42425
INFO 2025-09-25 12:28:40,598 basehttp 13472 17892 "GET / HTTP/1.1" 200 50189
INFO 2025-09-25 12:28:50,164 basehttp 13472 17892 "GET /video/manager/ HTTP/1.1" 200 60057
INFO 2025-09-25 12:29:31,877 basehttp 13472 17892 "GET /attachment/manager/ HTTP/1.1" 200 65227
INFO 2025-09-25 12:29:38,469 basehttp 13472 17892 "GET /manager/bookmarks/ HTTP/1.1" 200 50008
INFO 2025-09-25 12:29:41,413 basehttp 13472 17892 "GET /attachment/manager/ HTTP/1.1" 200 65227
INFO 2025-09-25 12:29:42,139 basehttp 13472 17892 "GET /manager/bookmarks/ HTTP/1.1" 200 50008
INFO 2025-09-25 12:29:43,204 basehttp 13472 17892 "GET /video/manager/ HTTP/1.1" 200 60057
INFO 2025-09-25 12:30:13,918 basehttp 13472 17892 "GET /users/admin/dashboard/ HTTP/1.1" 200 50249
INFO 2025-09-25 12:30:31,003 basehttp 13472 17892 "GET /da/manager/ HTTP/1.1" 200 49365
INFO 2025-09-25 12:30:34,479 basehttp 13472 17892 "GET /cdic/manager/ HTTP/1.1" 200 42425
INFO 2025-09-25 12:30:36,991 basehttp 13472 17892 "GET /hine/manager/ HTTP/1.1" 200 50145
INFO 2025-09-25 12:30:47,187 basehttp 13472 11640 - Broken pipe from ('127.0.0.1', 51023)
INFO 2025-09-25 12:30:47,340 basehttp 13472 8692 "GET /attachment/manager/ HTTP/1.1" 200 65227
INFO 2025-09-25 12:31:03,711 basehttp 13472 8692 "GET /manager/patient/ HTTP/1.1" 200 55798
INFO 2025-09-25 12:31:16,417 basehttp 13472 8692 "GET /attachment/manager/ HTTP/1.1" 200 65227
INFO 2025-09-25 12:31:27,532 basehttp 13472 2932 "GET /manager/patient/ HTTP/1.1" 200 55798
INFO 2025-09-25 12:31:39,816 basehttp 13472 2932 "GET /attachment/manager/ HTTP/1.1" 200 65227
INFO 2025-09-25 12:32:07,529 basehttp 13472 2932 "GET /manager/bookmarks/ HTTP/1.1" 200 50008
INFO 2025-09-25 12:32:12,172 basehttp 13472 2932 "GET /attachment/manager/ HTTP/1.1" 200 65227
INFO 2025-09-25 12:33:02,490 basehttp 13472 2932 "GET /manager/patient/ HTTP/1.1" 200 55798
INFO 2025-09-25 12:33:10,584 basehttp 13472 2932 "GET /manager/bookmarks/ HTTP/1.1" 200 50008
INFO 2025-09-25 12:34:11,562 basehttp 13472 2932 "GET /manager/bookmarks/ HTTP/1.1" 200 50008
INFO 2025-09-25 12:36:02,785 basehttp 13472 17824 "GET /manager/patient/ HTTP/1.1" 200 55798
INFO 2025-09-25 12:36:15,923 basehttp 13472 996 "GET /attachment/manager/ HTTP/1.1" 200 65227
INFO 2025-09-25 12:36:45,224 basehttp 13472 12172 "GET /manager/bookmarks/ HTTP/1.1" 200 41965
INFO 2025-09-25 12:37:03,450 basehttp 13472 12172 "GET /attachment/manager/ HTTP/1.1" 200 65227
INFO 2025-09-25 12:37:15,185 basehttp 13472 12172 "GET /manager/patient/ HTTP/1.1" 200 55798
INFO 2025-09-25 12:37:24,016 basehttp 13472 12172 "GET /hine/manager/ HTTP/1.1" 200 50145
INFO 2025-09-25 12:37:25,505 basehttp 13472 12172 "GET /manager/assessment/ HTTP/1.1" 200 61090
INFO 2025-09-25 12:37:29,035 basehttp 13472 12172 "GET /hine/manager/ HTTP/1.1" 200 50145
INFO 2025-09-25 12:37:34,380 basehttp 13472 12172 "GET /da/manager/ HTTP/1.1" 200 41852
INFO 2025-09-25 12:37:36,265 basehttp 13472 12172 "GET /cdic/manager/ HTTP/1.1" 200 42425
INFO 2025-09-25 12:37:47,917 basehttp 13472 12172 "GET /manager/patient/ HTTP/1.1" 200 55798
INFO 2025-09-25 12:37:55,667 basehttp 13472 12172 "GET /attachment/manager/ HTTP/1.1" 200 65227
INFO 2025-09-25 12:40:35,415 basehttp 13472 12172 "GET /attachment/manager/ HTTP/1.1" 200 65227
ERROR 2025-09-25 12:40:37,518 log 13472 12172 Internal Server Error: /manager/patient/
Traceback (most recent call last):
  File "D:\Projects\Current Projects\NDAS - Project\NDAS\venv\Lib\site-packages\django\template\base.py", line 505, in parse
    compile_func = self.tags[command]
                   ~~~~~~~~~^^^^^^^^^
KeyError: 'else'

During handling of the above exception, another exception occurred:

Traceback (most recent call last):
  File "D:\Projects\Current Projects\NDAS - Project\NDAS\venv\Lib\site-packages\django\core\handlers\exception.py", line 55, in inner
    response = get_response(request)
  File "D:\Projects\Current Projects\NDAS - Project\NDAS\venv\Lib\site-packages\django\core\handlers\base.py", line 197, in _get_response
    response = wrapped_callback(request, *callback_args, **callback_kwargs)
  File "D:\Projects\Current Projects\NDAS - Project\NDAS\venv\Lib\site-packages\django\contrib\auth\decorators.py", line 23, in _wrapped_view
    return view_func(request, *args, **kwargs)
  File "D:\Projects\Current Projects\NDAS - Project\NDAS\patients\views.py", line 155, in patient_manager
    return render(
        request, "patients/manager.html", {"patients_page_obj": paginated_pt_list}
    )
  File "D:\Projects\Current Projects\NDAS - Project\NDAS\venv\Lib\site-packages\django\shortcuts.py", line 24, in render
    content = loader.render_to_string(template_name, context, request, using=using)
  File "D:\Projects\Current Projects\NDAS - Project\NDAS\venv\Lib\site-packages\django\template\loader.py", line 61, in render_to_string
    template = get_template(template_name, using=using)
  File "D:\Projects\Current Projects\NDAS - Project\NDAS\venv\Lib\site-packages\django\template\loader.py", line 15, in get_template
    return engine.get_template(template_name)
           ~~~~~~~~~~~~~~~~~~~^^^^^^^^^^^^^^^
  File "D:\Projects\Current Projects\NDAS - Project\NDAS\venv\Lib\site-packages\django\template\backends\django.py", line 34, in get_template
    return Template(self.engine.get_template(template_name), self)
                    ~~~~~~~~~~~~~~~~~~~~~~~~^^^^^^^^^^^^^^^
  File "D:\Projects\Current Projects\NDAS - Project\NDAS\venv\Lib\site-packages\django\template\engine.py", line 175, in get_template
    template, origin = self.find_template(template_name)
                       ~~~~~~~~~~~~~~~~~~^^^^^^^^^^^^^^^
  File "D:\Projects\Current Projects\NDAS - Project\NDAS\venv\Lib\site-packages\django\template\engine.py", line 157, in find_template
    template = loader.get_template(name, skip=skip)
  File "D:\Projects\Current Projects\NDAS - Project\NDAS\venv\Lib\site-packages\django\template\loaders\cached.py", line 57, in get_template
    template = super().get_template(template_name, skip)
  File "D:\Projects\Current Projects\NDAS - Project\NDAS\venv\Lib\site-packages\django\template\loaders\base.py", line 28, in get_template
    return Template(
        contents,
    ...<2 lines>...
        self.engine,
    )
  File "D:\Projects\Current Projects\NDAS - Project\NDAS\venv\Lib\site-packages\django\template\base.py", line 154, in __init__
    self.nodelist = self.compile_nodelist()
                    ~~~~~~~~~~~~~~~~~~~~~^^
  File "D:\Projects\Current Projects\NDAS - Project\NDAS\venv\Lib\site-packages\django\template\base.py", line 200, in compile_nodelist
    return parser.parse()
           ~~~~~~~~~~~~^^
  File "D:\Projects\Current Projects\NDAS - Project\NDAS\venv\Lib\site-packages\django\template\base.py", line 513, in parse
    raise self.error(token, e)
  File "D:\Projects\Current Projects\NDAS - Project\NDAS\venv\Lib\site-packages\django\template\base.py", line 511, in parse
    compiled_result = compile_func(self, token)
  File "D:\Projects\Current Projects\NDAS - Project\NDAS\venv\Lib\site-packages\django\template\loader_tags.py", line 293, in do_extends
    nodelist = parser.parse()
  File "D:\Projects\Current Projects\NDAS - Project\NDAS\venv\Lib\site-packages\django\template\base.py", line 513, in parse
    raise self.error(token, e)
  File "D:\Projects\Current Projects\NDAS - Project\NDAS\venv\Lib\site-packages\django\template\base.py", line 511, in parse
    compiled_result = compile_func(self, token)
  File "D:\Projects\Current Projects\NDAS - Project\NDAS\venv\Lib\site-packages\django\template\loader_tags.py", line 232, in do_block
    nodelist = parser.parse(("endblock",))
  File "D:\Projects\Current Projects\NDAS - Project\NDAS\venv\Lib\site-packages\django\template\base.py", line 507, in parse
    self.invalid_block_tag(token, command, parse_until)
    ~~~~~~~~~~~~~~~~~~~~~~^^^^^^^^^^^^^^^^^^^^^^^^^^^^^
  File "D:\Projects\Current Projects\NDAS - Project\NDAS\venv\Lib\site-packages\django\template\base.py", line 558, in invalid_block_tag
    raise self.error(
    ...<8 lines>...
    )
django.template.exceptions.TemplateSyntaxError: Invalid block tag on line 422: 'else', expected 'endblock'. Did you forget to register or load this tag?
ERROR 2025-09-25 12:40:37,551 basehttp 13472 12172 "GET /manager/patient/ HTTP/1.1" 500 215654
ERROR 2025-09-25 12:40:39,326 log 13472 12172 Internal Server Error: /manager/patient/
Traceback (most recent call last):
  File "D:\Projects\Current Projects\NDAS - Project\NDAS\venv\Lib\site-packages\django\template\base.py", line 505, in parse
    compile_func = self.tags[command]
                   ~~~~~~~~~^^^^^^^^^
KeyError: 'else'

During handling of the above exception, another exception occurred:

Traceback (most recent call last):
  File "D:\Projects\Current Projects\NDAS - Project\NDAS\venv\Lib\site-packages\django\core\handlers\exception.py", line 55, in inner
    response = get_response(request)
  File "D:\Projects\Current Projects\NDAS - Project\NDAS\venv\Lib\site-packages\django\core\handlers\base.py", line 197, in _get_response
    response = wrapped_callback(request, *callback_args, **callback_kwargs)
  File "D:\Projects\Current Projects\NDAS - Project\NDAS\venv\Lib\site-packages\django\contrib\auth\decorators.py", line 23, in _wrapped_view
    return view_func(request, *args, **kwargs)
  File "D:\Projects\Current Projects\NDAS - Project\NDAS\patients\views.py", line 155, in patient_manager
    return render(
        request, "patients/manager.html", {"patients_page_obj": paginated_pt_list}
    )
  File "D:\Projects\Current Projects\NDAS - Project\NDAS\venv\Lib\site-packages\django\shortcuts.py", line 24, in render
    content = loader.render_to_string(template_name, context, request, using=using)
  File "D:\Projects\Current Projects\NDAS - Project\NDAS\venv\Lib\site-packages\django\template\loader.py", line 61, in render_to_string
    template = get_template(template_name, using=using)
  File "D:\Projects\Current Projects\NDAS - Project\NDAS\venv\Lib\site-packages\django\template\loader.py", line 15, in get_template
    return engine.get_template(template_name)
           ~~~~~~~~~~~~~~~~~~~^^^^^^^^^^^^^^^
  File "D:\Projects\Current Projects\NDAS - Project\NDAS\venv\Lib\site-packages\django\template\backends\django.py", line 34, in get_template
    return Template(self.engine.get_template(template_name), self)
                    ~~~~~~~~~~~~~~~~~~~~~~~~^^^^^^^^^^^^^^^
  File "D:\Projects\Current Projects\NDAS - Project\NDAS\venv\Lib\site-packages\django\template\engine.py", line 175, in get_template
    template, origin = self.find_template(template_name)
                       ~~~~~~~~~~~~~~~~~~^^^^^^^^^^^^^^^
  File "D:\Projects\Current Projects\NDAS - Project\NDAS\venv\Lib\site-packages\django\template\engine.py", line 157, in find_template
    template = loader.get_template(name, skip=skip)
  File "D:\Projects\Current Projects\NDAS - Project\NDAS\venv\Lib\site-packages\django\template\loaders\cached.py", line 57, in get_template
    template = super().get_template(template_name, skip)
  File "D:\Projects\Current Projects\NDAS - Project\NDAS\venv\Lib\site-packages\django\template\loaders\base.py", line 28, in get_template
    return Template(
        contents,
    ...<2 lines>...
        self.engine,
    )
  File "D:\Projects\Current Projects\NDAS - Project\NDAS\venv\Lib\site-packages\django\template\base.py", line 154, in __init__
    self.nodelist = self.compile_nodelist()
                    ~~~~~~~~~~~~~~~~~~~~~^^
  File "D:\Projects\Current Projects\NDAS - Project\NDAS\venv\Lib\site-packages\django\template\base.py", line 200, in compile_nodelist
    return parser.parse()
           ~~~~~~~~~~~~^^
  File "D:\Projects\Current Projects\NDAS - Project\NDAS\venv\Lib\site-packages\django\template\base.py", line 513, in parse
    raise self.error(token, e)
  File "D:\Projects\Current Projects\NDAS - Project\NDAS\venv\Lib\site-packages\django\template\base.py", line 511, in parse
    compiled_result = compile_func(self, token)
  File "D:\Projects\Current Projects\NDAS - Project\NDAS\venv\Lib\site-packages\django\template\loader_tags.py", line 293, in do_extends
    nodelist = parser.parse()
  File "D:\Projects\Current Projects\NDAS - Project\NDAS\venv\Lib\site-packages\django\template\base.py", line 513, in parse
    raise self.error(token, e)
  File "D:\Projects\Current Projects\NDAS - Project\NDAS\venv\Lib\site-packages\django\template\base.py", line 511, in parse
    compiled_result = compile_func(self, token)
  File "D:\Projects\Current Projects\NDAS - Project\NDAS\venv\Lib\site-packages\django\template\loader_tags.py", line 232, in do_block
    nodelist = parser.parse(("endblock",))
  File "D:\Projects\Current Projects\NDAS - Project\NDAS\venv\Lib\site-packages\django\template\base.py", line 507, in parse
    self.invalid_block_tag(token, command, parse_until)
    ~~~~~~~~~~~~~~~~~~~~~~^^^^^^^^^^^^^^^^^^^^^^^^^^^^^
  File "D:\Projects\Current Projects\NDAS - Project\NDAS\venv\Lib\site-packages\django\template\base.py", line 558, in invalid_block_tag
    raise self.error(
    ...<8 lines>...
    )
django.template.exceptions.TemplateSyntaxError: Invalid block tag on line 422: 'else', expected 'endblock'. Did you forget to register or load this tag?
ERROR 2025-09-25 12:40:39,365 basehttp 13472 12172 "GET /manager/patient/ HTTP/1.1" 500 215791
ERROR 2025-09-25 12:40:42,302 log 13472 12172 Internal Server Error: /manager/patient/
Traceback (most recent call last):
  File "D:\Projects\Current Projects\NDAS - Project\NDAS\venv\Lib\site-packages\django\template\base.py", line 505, in parse
    compile_func = self.tags[command]
                   ~~~~~~~~~^^^^^^^^^
KeyError: 'else'

During handling of the above exception, another exception occurred:

Traceback (most recent call last):
  File "D:\Projects\Current Projects\NDAS - Project\NDAS\venv\Lib\site-packages\django\core\handlers\exception.py", line 55, in inner
    response = get_response(request)
  File "D:\Projects\Current Projects\NDAS - Project\NDAS\venv\Lib\site-packages\django\core\handlers\base.py", line 197, in _get_response
    response = wrapped_callback(request, *callback_args, **callback_kwargs)
  File "D:\Projects\Current Projects\NDAS - Project\NDAS\venv\Lib\site-packages\django\contrib\auth\decorators.py", line 23, in _wrapped_view
    return view_func(request, *args, **kwargs)
  File "D:\Projects\Current Projects\NDAS - Project\NDAS\patients\views.py", line 155, in patient_manager
    return render(
        request, "patients/manager.html", {"patients_page_obj": paginated_pt_list}
    )
  File "D:\Projects\Current Projects\NDAS - Project\NDAS\venv\Lib\site-packages\django\shortcuts.py", line 24, in render
    content = loader.render_to_string(template_name, context, request, using=using)
  File "D:\Projects\Current Projects\NDAS - Project\NDAS\venv\Lib\site-packages\django\template\loader.py", line 61, in render_to_string
    template = get_template(template_name, using=using)
  File "D:\Projects\Current Projects\NDAS - Project\NDAS\venv\Lib\site-packages\django\template\loader.py", line 15, in get_template
    return engine.get_template(template_name)
           ~~~~~~~~~~~~~~~~~~~^^^^^^^^^^^^^^^
  File "D:\Projects\Current Projects\NDAS - Project\NDAS\venv\Lib\site-packages\django\template\backends\django.py", line 34, in get_template
    return Template(self.engine.get_template(template_name), self)
                    ~~~~~~~~~~~~~~~~~~~~~~~~^^^^^^^^^^^^^^^
  File "D:\Projects\Current Projects\NDAS - Project\NDAS\venv\Lib\site-packages\django\template\engine.py", line 175, in get_template
    template, origin = self.find_template(template_name)
                       ~~~~~~~~~~~~~~~~~~^^^^^^^^^^^^^^^
  File "D:\Projects\Current Projects\NDAS - Project\NDAS\venv\Lib\site-packages\django\template\engine.py", line 157, in find_template
    template = loader.get_template(name, skip=skip)
  File "D:\Projects\Current Projects\NDAS - Project\NDAS\venv\Lib\site-packages\django\template\loaders\cached.py", line 57, in get_template
    template = super().get_template(template_name, skip)
  File "D:\Projects\Current Projects\NDAS - Project\NDAS\venv\Lib\site-packages\django\template\loaders\base.py", line 28, in get_template
    return Template(
        contents,
    ...<2 lines>...
        self.engine,
    )
  File "D:\Projects\Current Projects\NDAS - Project\NDAS\venv\Lib\site-packages\django\template\base.py", line 154, in __init__
    self.nodelist = self.compile_nodelist()
                    ~~~~~~~~~~~~~~~~~~~~~^^
  File "D:\Projects\Current Projects\NDAS - Project\NDAS\venv\Lib\site-packages\django\template\base.py", line 200, in compile_nodelist
    return parser.parse()
           ~~~~~~~~~~~~^^
  File "D:\Projects\Current Projects\NDAS - Project\NDAS\venv\Lib\site-packages\django\template\base.py", line 513, in parse
    raise self.error(token, e)
  File "D:\Projects\Current Projects\NDAS - Project\NDAS\venv\Lib\site-packages\django\template\base.py", line 511, in parse
    compiled_result = compile_func(self, token)
  File "D:\Projects\Current Projects\NDAS - Project\NDAS\venv\Lib\site-packages\django\template\loader_tags.py", line 293, in do_extends
    nodelist = parser.parse()
  File "D:\Projects\Current Projects\NDAS - Project\NDAS\venv\Lib\site-packages\django\template\base.py", line 513, in parse
    raise self.error(token, e)
  File "D:\Projects\Current Projects\NDAS - Project\NDAS\venv\Lib\site-packages\django\template\base.py", line 511, in parse
    compiled_result = compile_func(self, token)
  File "D:\Projects\Current Projects\NDAS - Project\NDAS\venv\Lib\site-packages\django\template\loader_tags.py", line 232, in do_block
    nodelist = parser.parse(("endblock",))
  File "D:\Projects\Current Projects\NDAS - Project\NDAS\venv\Lib\site-packages\django\template\base.py", line 507, in parse
    self.invalid_block_tag(token, command, parse_until)
    ~~~~~~~~~~~~~~~~~~~~~~^^^^^^^^^^^^^^^^^^^^^^^^^^^^^
  File "D:\Projects\Current Projects\NDAS - Project\NDAS\venv\Lib\site-packages\django\template\base.py", line 558, in invalid_block_tag
    raise self.error(
    ...<8 lines>...
    )
django.template.exceptions.TemplateSyntaxError: Invalid block tag on line 422: 'else', expected 'endblock'. Did you forget to register or load this tag?
ERROR 2025-09-25 12:40:42,319 basehttp 13472 12172 "GET /manager/patient/ HTTP/1.1" 500 215791
ERROR 2025-09-25 12:41:54,608 log 13472 12172 Internal Server Error: /manager/patient/
Traceback (most recent call last):
  File "D:\Projects\Current Projects\NDAS - Project\NDAS\venv\Lib\site-packages\django\template\base.py", line 505, in parse
    compile_func = self.tags[command]
                   ~~~~~~~~~^^^^^^^^^
KeyError: 'else'

During handling of the above exception, another exception occurred:

Traceback (most recent call last):
  File "D:\Projects\Current Projects\NDAS - Project\NDAS\venv\Lib\site-packages\django\core\handlers\exception.py", line 55, in inner
    response = get_response(request)
  File "D:\Projects\Current Projects\NDAS - Project\NDAS\venv\Lib\site-packages\django\core\handlers\base.py", line 197, in _get_response
    response = wrapped_callback(request, *callback_args, **callback_kwargs)
  File "D:\Projects\Current Projects\NDAS - Project\NDAS\venv\Lib\site-packages\django\contrib\auth\decorators.py", line 23, in _wrapped_view
    return view_func(request, *args, **kwargs)
  File "D:\Projects\Current Projects\NDAS - Project\NDAS\patients\views.py", line 155, in patient_manager
    return render(
        request, "patients/manager.html", {"patients_page_obj": paginated_pt_list}
    )
  File "D:\Projects\Current Projects\NDAS - Project\NDAS\venv\Lib\site-packages\django\shortcuts.py", line 24, in render
    content = loader.render_to_string(template_name, context, request, using=using)
  File "D:\Projects\Current Projects\NDAS - Project\NDAS\venv\Lib\site-packages\django\template\loader.py", line 61, in render_to_string
    template = get_template(template_name, using=using)
  File "D:\Projects\Current Projects\NDAS - Project\NDAS\venv\Lib\site-packages\django\template\loader.py", line 15, in get_template
    return engine.get_template(template_name)
           ~~~~~~~~~~~~~~~~~~~^^^^^^^^^^^^^^^
  File "D:\Projects\Current Projects\NDAS - Project\NDAS\venv\Lib\site-packages\django\template\backends\django.py", line 34, in get_template
    return Template(self.engine.get_template(template_name), self)
                    ~~~~~~~~~~~~~~~~~~~~~~~~^^^^^^^^^^^^^^^
  File "D:\Projects\Current Projects\NDAS - Project\NDAS\venv\Lib\site-packages\django\template\engine.py", line 175, in get_template
    template, origin = self.find_template(template_name)
                       ~~~~~~~~~~~~~~~~~~^^^^^^^^^^^^^^^
  File "D:\Projects\Current Projects\NDAS - Project\NDAS\venv\Lib\site-packages\django\template\engine.py", line 157, in find_template
    template = loader.get_template(name, skip=skip)
  File "D:\Projects\Current Projects\NDAS - Project\NDAS\venv\Lib\site-packages\django\template\loaders\cached.py", line 57, in get_template
    template = super().get_template(template_name, skip)
  File "D:\Projects\Current Projects\NDAS - Project\NDAS\venv\Lib\site-packages\django\template\loaders\base.py", line 28, in get_template
    return Template(
        contents,
    ...<2 lines>...
        self.engine,
    )
  File "D:\Projects\Current Projects\NDAS - Project\NDAS\venv\Lib\site-packages\django\template\base.py", line 154, in __init__
    self.nodelist = self.compile_nodelist()
                    ~~~~~~~~~~~~~~~~~~~~~^^
  File "D:\Projects\Current Projects\NDAS - Project\NDAS\venv\Lib\site-packages\django\template\base.py", line 200, in compile_nodelist
    return parser.parse()
           ~~~~~~~~~~~~^^
  File "D:\Projects\Current Projects\NDAS - Project\NDAS\venv\Lib\site-packages\django\template\base.py", line 513, in parse
    raise self.error(token, e)
  File "D:\Projects\Current Projects\NDAS - Project\NDAS\venv\Lib\site-packages\django\template\base.py", line 511, in parse
    compiled_result = compile_func(self, token)
  File "D:\Projects\Current Projects\NDAS - Project\NDAS\venv\Lib\site-packages\django\template\loader_tags.py", line 293, in do_extends
    nodelist = parser.parse()
  File "D:\Projects\Current Projects\NDAS - Project\NDAS\venv\Lib\site-packages\django\template\base.py", line 513, in parse
    raise self.error(token, e)
  File "D:\Projects\Current Projects\NDAS - Project\NDAS\venv\Lib\site-packages\django\template\base.py", line 511, in parse
    compiled_result = compile_func(self, token)
  File "D:\Projects\Current Projects\NDAS - Project\NDAS\venv\Lib\site-packages\django\template\loader_tags.py", line 232, in do_block
    nodelist = parser.parse(("endblock",))
  File "D:\Projects\Current Projects\NDAS - Project\NDAS\venv\Lib\site-packages\django\template\base.py", line 507, in parse
    self.invalid_block_tag(token, command, parse_until)
    ~~~~~~~~~~~~~~~~~~~~~~^^^^^^^^^^^^^^^^^^^^^^^^^^^^^
  File "D:\Projects\Current Projects\NDAS - Project\NDAS\venv\Lib\site-packages\django\template\base.py", line 558, in invalid_block_tag
    raise self.error(
    ...<8 lines>...
    )
django.template.exceptions.TemplateSyntaxError: Invalid block tag on line 420: 'else', expected 'endblock'. Did you forget to register or load this tag?
ERROR 2025-09-25 12:41:54,621 basehttp 13472 12172 "GET /manager/patient/ HTTP/1.1" 500 218467
ERROR 2025-09-25 12:41:58,530 log 13472 12172 Internal Server Error: /manager/patient/
Traceback (most recent call last):
  File "D:\Projects\Current Projects\NDAS - Project\NDAS\venv\Lib\site-packages\django\template\base.py", line 505, in parse
    compile_func = self.tags[command]
                   ~~~~~~~~~^^^^^^^^^
KeyError: 'else'

During handling of the above exception, another exception occurred:

Traceback (most recent call last):
  File "D:\Projects\Current Projects\NDAS - Project\NDAS\venv\Lib\site-packages\django\core\handlers\exception.py", line 55, in inner
    response = get_response(request)
  File "D:\Projects\Current Projects\NDAS - Project\NDAS\venv\Lib\site-packages\django\core\handlers\base.py", line 197, in _get_response
    response = wrapped_callback(request, *callback_args, **callback_kwargs)
  File "D:\Projects\Current Projects\NDAS - Project\NDAS\venv\Lib\site-packages\django\contrib\auth\decorators.py", line 23, in _wrapped_view
    return view_func(request, *args, **kwargs)
  File "D:\Projects\Current Projects\NDAS - Project\NDAS\patients\views.py", line 155, in patient_manager
    return render(
        request, "patients/manager.html", {"patients_page_obj": paginated_pt_list}
    )
  File "D:\Projects\Current Projects\NDAS - Project\NDAS\venv\Lib\site-packages\django\shortcuts.py", line 24, in render
    content = loader.render_to_string(template_name, context, request, using=using)
  File "D:\Projects\Current Projects\NDAS - Project\NDAS\venv\Lib\site-packages\django\template\loader.py", line 61, in render_to_string
    template = get_template(template_name, using=using)
  File "D:\Projects\Current Projects\NDAS - Project\NDAS\venv\Lib\site-packages\django\template\loader.py", line 15, in get_template
    return engine.get_template(template_name)
           ~~~~~~~~~~~~~~~~~~~^^^^^^^^^^^^^^^
  File "D:\Projects\Current Projects\NDAS - Project\NDAS\venv\Lib\site-packages\django\template\backends\django.py", line 34, in get_template
    return Template(self.engine.get_template(template_name), self)
                    ~~~~~~~~~~~~~~~~~~~~~~~~^^^^^^^^^^^^^^^
  File "D:\Projects\Current Projects\NDAS - Project\NDAS\venv\Lib\site-packages\django\template\engine.py", line 175, in get_template
    template, origin = self.find_template(template_name)
                       ~~~~~~~~~~~~~~~~~~^^^^^^^^^^^^^^^
  File "D:\Projects\Current Projects\NDAS - Project\NDAS\venv\Lib\site-packages\django\template\engine.py", line 157, in find_template
    template = loader.get_template(name, skip=skip)
  File "D:\Projects\Current Projects\NDAS - Project\NDAS\venv\Lib\site-packages\django\template\loaders\cached.py", line 57, in get_template
    template = super().get_template(template_name, skip)
  File "D:\Projects\Current Projects\NDAS - Project\NDAS\venv\Lib\site-packages\django\template\loaders\base.py", line 28, in get_template
    return Template(
        contents,
    ...<2 lines>...
        self.engine,
    )
  File "D:\Projects\Current Projects\NDAS - Project\NDAS\venv\Lib\site-packages\django\template\base.py", line 154, in __init__
    self.nodelist = self.compile_nodelist()
                    ~~~~~~~~~~~~~~~~~~~~~^^
  File "D:\Projects\Current Projects\NDAS - Project\NDAS\venv\Lib\site-packages\django\template\base.py", line 200, in compile_nodelist
    return parser.parse()
           ~~~~~~~~~~~~^^
  File "D:\Projects\Current Projects\NDAS - Project\NDAS\venv\Lib\site-packages\django\template\base.py", line 513, in parse
    raise self.error(token, e)
  File "D:\Projects\Current Projects\NDAS - Project\NDAS\venv\Lib\site-packages\django\template\base.py", line 511, in parse
    compiled_result = compile_func(self, token)
  File "D:\Projects\Current Projects\NDAS - Project\NDAS\venv\Lib\site-packages\django\template\loader_tags.py", line 293, in do_extends
    nodelist = parser.parse()
  File "D:\Projects\Current Projects\NDAS - Project\NDAS\venv\Lib\site-packages\django\template\base.py", line 513, in parse
    raise self.error(token, e)
  File "D:\Projects\Current Projects\NDAS - Project\NDAS\venv\Lib\site-packages\django\template\base.py", line 511, in parse
    compiled_result = compile_func(self, token)
  File "D:\Projects\Current Projects\NDAS - Project\NDAS\venv\Lib\site-packages\django\template\loader_tags.py", line 232, in do_block
    nodelist = parser.parse(("endblock",))
  File "D:\Projects\Current Projects\NDAS - Project\NDAS\venv\Lib\site-packages\django\template\base.py", line 507, in parse
    self.invalid_block_tag(token, command, parse_until)
    ~~~~~~~~~~~~~~~~~~~~~~^^^^^^^^^^^^^^^^^^^^^^^^^^^^^
  File "D:\Projects\Current Projects\NDAS - Project\NDAS\venv\Lib\site-packages\django\template\base.py", line 558, in invalid_block_tag
    raise self.error(
    ...<8 lines>...
    )
django.template.exceptions.TemplateSyntaxError: Invalid block tag on line 420: 'else', expected 'endblock'. Did you forget to register or load this tag?
ERROR 2025-09-25 12:41:58,545 basehttp 13472 12172 "GET /manager/patient/ HTTP/1.1" 500 218467
INFO 2025-09-25 12:42:09,903 autoreload 7424 2032 Watching for file changes with StatReloader
INFO 2025-09-25 12:42:13,449 basehttp 7424 11440 "GET /manager/patient/ HTTP/1.1" 302 0
INFO 2025-09-25 12:42:13,567 basehttp 7424 11440 "GET /users/login/?next=/manager/patient/ HTTP/1.1" 200 15740
INFO 2025-09-25 12:42:13,620 basehttp 7424 11440 "GET /static/css/login.css HTTP/1.1" 304 0
INFO 2025-09-25 12:42:13,620 basehttp 7424 17436 "GET /static/js/login.js HTTP/1.1" 304 0
INFO 2025-09-25 12:42:15,532 basehttp 7424 17436 "POST /users/login/ HTTP/1.1" 302 0
INFO 2025-09-25 12:42:15,733 basehttp 7424 17436 "GET / HTTP/1.1" 200 50513
ERROR 2025-09-25 12:42:17,251 log 7424 17436 Internal Server Error: /manager/patient/
Traceback (most recent call last):
  File "D:\Projects\Current Projects\NDAS - Project\NDAS\venv\Lib\site-packages\django\template\base.py", line 505, in parse
    compile_func = self.tags[command]
                   ~~~~~~~~~^^^^^^^^^
KeyError: 'else'

During handling of the above exception, another exception occurred:

Traceback (most recent call last):
  File "D:\Projects\Current Projects\NDAS - Project\NDAS\venv\Lib\site-packages\django\core\handlers\exception.py", line 55, in inner
    response = get_response(request)
  File "D:\Projects\Current Projects\NDAS - Project\NDAS\venv\Lib\site-packages\django\core\handlers\base.py", line 197, in _get_response
    response = wrapped_callback(request, *callback_args, **callback_kwargs)
  File "D:\Projects\Current Projects\NDAS - Project\NDAS\venv\Lib\site-packages\django\contrib\auth\decorators.py", line 23, in _wrapped_view
    return view_func(request, *args, **kwargs)
  File "D:\Projects\Current Projects\NDAS - Project\NDAS\patients\views.py", line 155, in patient_manager
    return render(
        request, "patients/manager.html", {"patients_page_obj": paginated_pt_list}
    )
  File "D:\Projects\Current Projects\NDAS - Project\NDAS\venv\Lib\site-packages\django\shortcuts.py", line 24, in render
    content = loader.render_to_string(template_name, context, request, using=using)
  File "D:\Projects\Current Projects\NDAS - Project\NDAS\venv\Lib\site-packages\django\template\loader.py", line 61, in render_to_string
    template = get_template(template_name, using=using)
  File "D:\Projects\Current Projects\NDAS - Project\NDAS\venv\Lib\site-packages\django\template\loader.py", line 15, in get_template
    return engine.get_template(template_name)
           ~~~~~~~~~~~~~~~~~~~^^^^^^^^^^^^^^^
  File "D:\Projects\Current Projects\NDAS - Project\NDAS\venv\Lib\site-packages\django\template\backends\django.py", line 34, in get_template
    return Template(self.engine.get_template(template_name), self)
                    ~~~~~~~~~~~~~~~~~~~~~~~~^^^^^^^^^^^^^^^
  File "D:\Projects\Current Projects\NDAS - Project\NDAS\venv\Lib\site-packages\django\template\engine.py", line 175, in get_template
    template, origin = self.find_template(template_name)
                       ~~~~~~~~~~~~~~~~~~^^^^^^^^^^^^^^^
  File "D:\Projects\Current Projects\NDAS - Project\NDAS\venv\Lib\site-packages\django\template\engine.py", line 157, in find_template
    template = loader.get_template(name, skip=skip)
  File "D:\Projects\Current Projects\NDAS - Project\NDAS\venv\Lib\site-packages\django\template\loaders\cached.py", line 57, in get_template
    template = super().get_template(template_name, skip)
  File "D:\Projects\Current Projects\NDAS - Project\NDAS\venv\Lib\site-packages\django\template\loaders\base.py", line 28, in get_template
    return Template(
        contents,
    ...<2 lines>...
        self.engine,
    )
  File "D:\Projects\Current Projects\NDAS - Project\NDAS\venv\Lib\site-packages\django\template\base.py", line 154, in __init__
    self.nodelist = self.compile_nodelist()
                    ~~~~~~~~~~~~~~~~~~~~~^^
  File "D:\Projects\Current Projects\NDAS - Project\NDAS\venv\Lib\site-packages\django\template\base.py", line 200, in compile_nodelist
    return parser.parse()
           ~~~~~~~~~~~~^^
  File "D:\Projects\Current Projects\NDAS - Project\NDAS\venv\Lib\site-packages\django\template\base.py", line 513, in parse
    raise self.error(token, e)
  File "D:\Projects\Current Projects\NDAS - Project\NDAS\venv\Lib\site-packages\django\template\base.py", line 511, in parse
    compiled_result = compile_func(self, token)
  File "D:\Projects\Current Projects\NDAS - Project\NDAS\venv\Lib\site-packages\django\template\loader_tags.py", line 293, in do_extends
    nodelist = parser.parse()
  File "D:\Projects\Current Projects\NDAS - Project\NDAS\venv\Lib\site-packages\django\template\base.py", line 513, in parse
    raise self.error(token, e)
  File "D:\Projects\Current Projects\NDAS - Project\NDAS\venv\Lib\site-packages\django\template\base.py", line 511, in parse
    compiled_result = compile_func(self, token)
  File "D:\Projects\Current Projects\NDAS - Project\NDAS\venv\Lib\site-packages\django\template\loader_tags.py", line 232, in do_block
    nodelist = parser.parse(("endblock",))
  File "D:\Projects\Current Projects\NDAS - Project\NDAS\venv\Lib\site-packages\django\template\base.py", line 507, in parse
    self.invalid_block_tag(token, command, parse_until)
    ~~~~~~~~~~~~~~~~~~~~~~^^^^^^^^^^^^^^^^^^^^^^^^^^^^^
  File "D:\Projects\Current Projects\NDAS - Project\NDAS\venv\Lib\site-packages\django\template\base.py", line 558, in invalid_block_tag
    raise self.error(
    ...<8 lines>...
    )
django.template.exceptions.TemplateSyntaxError: Invalid block tag on line 420: 'else', expected 'endblock'. Did you forget to register or load this tag?
ERROR 2025-09-25 12:42:17,267 basehttp 7424 17436 "GET /manager/patient/ HTTP/1.1" 500 218311
INFO 2025-09-25 12:43:47,584 basehttp 7424 17436 "GET /manager/patient/ HTTP/1.1" 200 56234
INFO 2025-09-25 12:44:06,878 basehttp 7424 17436 "GET /manager/assessment/ HTTP/1.1" 200 61090
INFO 2025-09-25 12:44:10,232 basehttp 7424 17436 "GET /manager/patient/ HTTP/1.1" 200 56234
INFO 2025-09-25 12:44:21,978 basehttp 7424 17436 "GET /manager/assessment/ HTTP/1.1" 200 61090
INFO 2025-09-25 12:44:23,667 basehttp 7424 17436 "GET /hine/manager/ HTTP/1.1" 200 50145
INFO 2025-09-25 12:44:27,382 basehttp 7424 17436 "GET /da/manager/ HTTP/1.1" 200 41852
INFO 2025-09-25 12:44:29,082 basehttp 7424 17436 "GET /cdic/manager/ HTTP/1.1" 200 42425
INFO 2025-09-25 12:44:32,703 basehttp 7424 17436 "GET /video/manager/ HTTP/1.1" 200 60057
INFO 2025-09-25 12:44:37,103 basehttp 7424 17436 "GET /attachment/manager/ HTTP/1.1" 200 65227
INFO 2025-09-25 12:45:05,297 basehttp 7424 17436 "GET /manager/patient/ HTTP/1.1" 200 56234
INFO 2025-09-25 12:45:16,886 basehttp 7424 17436 "GET /attachment/manager/ HTTP/1.1" 200 65227
INFO 2025-09-25 12:48:51,133 basehttp 7424 1680 "GET /attachment/manager/ HTTP/1.1" 200 65227
INFO 2025-09-25 12:48:53,762 basehttp 7424 1680 "GET /manager/patient/ HTTP/1.1" 200 56234
INFO 2025-09-25 12:48:54,900 basehttp 7424 1680 "GET /manager/patient/ HTTP/1.1" 200 56234
INFO 2025-09-25 12:48:55,194 basehttp 7424 1680 "GET /manager/patient/ HTTP/1.1" 200 56234
INFO 2025-09-25 12:50:11,744 basehttp 7424 1680 "GET /manager/patient/ HTTP/1.1" 200 56251
INFO 2025-09-25 12:50:14,006 basehttp 7424 1680 "GET /manager/patient/ HTTP/1.1" 200 56251
INFO 2025-09-25 12:50:15,244 basehttp 7424 1680 "GET /manager/patient/ HTTP/1.1" 200 56251
INFO 2025-09-25 12:50:16,927 basehttp 7424 1680 "GET /manager/patient/ HTTP/1.1" 200 56251
INFO 2025-09-25 12:51:48,741 basehttp 7424 1680 "GET /manager/patient/ HTTP/1.1" 200 56251
INFO 2025-09-25 12:51:50,515 basehttp 7424 1680 "GET /manager/patient/ HTTP/1.1" 200 56251
INFO 2025-09-25 12:51:52,310 basehttp 7424 1680 "GET /manager/patient/ HTTP/1.1" 200 56251
INFO 2025-09-25 12:55:01,825 basehttp 7424 1680 "GET /manager/patient/ HTTP/1.1" 200 56208
INFO 2025-09-25 12:55:14,856 basehttp 7424 1680 "GET /manager/assessment/ HTTP/1.1" 200 61090
INFO 2025-09-25 12:55:16,808 basehttp 7424 1680 "GET /manager/assessment/ HTTP/1.1" 200 61090
INFO 2025-09-25 12:55:19,847 basehttp 7424 1680 "GET /manager/assessment/ HTTP/1.1" 200 61090
INFO 2025-09-25 12:55:20,450 basehttp 7424 1680 "GET /hine/manager/ HTTP/1.1" 200 50145
INFO 2025-09-25 12:55:23,764 basehttp 7424 1680 "GET /da/manager/ HTTP/1.1" 200 41852
INFO 2025-09-25 12:55:25,264 basehttp 7424 1680 "GET /cdic/manager/ HTTP/1.1" 200 42425
INFO 2025-09-25 12:55:28,991 basehttp 7424 1680 "GET /video/manager/ HTTP/1.1" 200 60057
INFO 2025-09-25 12:55:46,801 basehttp 7424 1680 "GET /manager/bookmarks/ HTTP/1.1" 200 41965
INFO 2025-09-25 12:55:47,904 basehttp 7424 1680 "GET /attachment/manager/ HTTP/1.1" 200 65228
ERROR 2025-09-25 12:58:12,204 log 7424 1680 Internal Server Error: /manager/patient/
Traceback (most recent call last):
  File "D:\Projects\Current Projects\NDAS - Project\NDAS\venv\Lib\site-packages\django\template\base.py", line 505, in parse
    compile_func = self.tags[command]
                   ~~~~~~~~~^^^^^^^^^
KeyError: 'endblock'

During handling of the above exception, another exception occurred:

Traceback (most recent call last):
  File "D:\Projects\Current Projects\NDAS - Project\NDAS\venv\Lib\site-packages\django\core\handlers\exception.py", line 55, in inner
    response = get_response(request)
  File "D:\Projects\Current Projects\NDAS - Project\NDAS\venv\Lib\site-packages\django\core\handlers\base.py", line 197, in _get_response
    response = wrapped_callback(request, *callback_args, **callback_kwargs)
  File "D:\Projects\Current Projects\NDAS - Project\NDAS\venv\Lib\site-packages\django\contrib\auth\decorators.py", line 23, in _wrapped_view
    return view_func(request, *args, **kwargs)
  File "D:\Projects\Current Projects\NDAS - Project\NDAS\patients\views.py", line 155, in patient_manager
    return render(
        request, "patients/manager.html", {"patients_page_obj": paginated_pt_list}
    )
  File "D:\Projects\Current Projects\NDAS - Project\NDAS\venv\Lib\site-packages\django\shortcuts.py", line 24, in render
    content = loader.render_to_string(template_name, context, request, using=using)
  File "D:\Projects\Current Projects\NDAS - Project\NDAS\venv\Lib\site-packages\django\template\loader.py", line 61, in render_to_string
    template = get_template(template_name, using=using)
  File "D:\Projects\Current Projects\NDAS - Project\NDAS\venv\Lib\site-packages\django\template\loader.py", line 15, in get_template
    return engine.get_template(template_name)
           ~~~~~~~~~~~~~~~~~~~^^^^^^^^^^^^^^^
  File "D:\Projects\Current Projects\NDAS - Project\NDAS\venv\Lib\site-packages\django\template\backends\django.py", line 34, in get_template
    return Template(self.engine.get_template(template_name), self)
                    ~~~~~~~~~~~~~~~~~~~~~~~~^^^^^^^^^^^^^^^
  File "D:\Projects\Current Projects\NDAS - Project\NDAS\venv\Lib\site-packages\django\template\engine.py", line 175, in get_template
    template, origin = self.find_template(template_name)
                       ~~~~~~~~~~~~~~~~~~^^^^^^^^^^^^^^^
  File "D:\Projects\Current Projects\NDAS - Project\NDAS\venv\Lib\site-packages\django\template\engine.py", line 157, in find_template
    template = loader.get_template(name, skip=skip)
  File "D:\Projects\Current Projects\NDAS - Project\NDAS\venv\Lib\site-packages\django\template\loaders\cached.py", line 57, in get_template
    template = super().get_template(template_name, skip)
  File "D:\Projects\Current Projects\NDAS - Project\NDAS\venv\Lib\site-packages\django\template\loaders\base.py", line 28, in get_template
    return Template(
        contents,
    ...<2 lines>...
        self.engine,
    )
  File "D:\Projects\Current Projects\NDAS - Project\NDAS\venv\Lib\site-packages\django\template\base.py", line 154, in __init__
    self.nodelist = self.compile_nodelist()
                    ~~~~~~~~~~~~~~~~~~~~~^^
  File "D:\Projects\Current Projects\NDAS - Project\NDAS\venv\Lib\site-packages\django\template\base.py", line 200, in compile_nodelist
    return parser.parse()
           ~~~~~~~~~~~~^^
  File "D:\Projects\Current Projects\NDAS - Project\NDAS\venv\Lib\site-packages\django\template\base.py", line 513, in parse
    raise self.error(token, e)
  File "D:\Projects\Current Projects\NDAS - Project\NDAS\venv\Lib\site-packages\django\template\base.py", line 511, in parse
    compiled_result = compile_func(self, token)
  File "D:\Projects\Current Projects\NDAS - Project\NDAS\venv\Lib\site-packages\django\template\loader_tags.py", line 293, in do_extends
    nodelist = parser.parse()
  File "D:\Projects\Current Projects\NDAS - Project\NDAS\venv\Lib\site-packages\django\template\base.py", line 513, in parse
    raise self.error(token, e)
  File "D:\Projects\Current Projects\NDAS - Project\NDAS\venv\Lib\site-packages\django\template\base.py", line 511, in parse
    compiled_result = compile_func(self, token)
  File "D:\Projects\Current Projects\NDAS - Project\NDAS\venv\Lib\site-packages\django\template\loader_tags.py", line 232, in do_block
    nodelist = parser.parse(("endblock",))
  File "D:\Projects\Current Projects\NDAS - Project\NDAS\venv\Lib\site-packages\django\template\base.py", line 513, in parse
    raise self.error(token, e)
  File "D:\Projects\Current Projects\NDAS - Project\NDAS\venv\Lib\site-packages\django\template\base.py", line 511, in parse
    compiled_result = compile_func(self, token)
  File "D:\Projects\Current Projects\NDAS - Project\NDAS\venv\Lib\site-packages\django\template\defaulttags.py", line 954, in do_if
    nodelist = parser.parse(("elif", "else", "endif"))
  File "D:\Projects\Current Projects\NDAS - Project\NDAS\venv\Lib\site-packages\django\template\base.py", line 507, in parse
    self.invalid_block_tag(token, command, parse_until)
    ~~~~~~~~~~~~~~~~~~~~~~^^^^^^^^^^^^^^^^^^^^^^^^^^^^^
  File "D:\Projects\Current Projects\NDAS - Project\NDAS\venv\Lib\site-packages\django\template\base.py", line 558, in invalid_block_tag
    raise self.error(
    ...<8 lines>...
    )
django.template.exceptions.TemplateSyntaxError: Invalid block tag on line 443: 'endblock', expected 'elif', 'else' or 'endif'. Did you forget to register or load this tag?
ERROR 2025-09-25 12:58:12,216 basehttp 7424 1680 "GET /manager/patient/ HTTP/1.1" 500 222675
INFO 2025-09-25 12:58:30,011 basehttp 7424 1680 "GET /manager/patient/ HTTP/1.1" 200 56208
INFO 2025-09-25 13:01:29,606 basehttp 7424 17488 "GET /manager/patient/ HTTP/1.1" 200 56208
INFO 2025-09-25 13:01:31,802 basehttp 7424 17488 "GET /manager/patient/ HTTP/1.1" 200 56208
INFO 2025-09-25 13:01:32,851 basehttp 7424 17488 "GET /manager/patient/ HTTP/1.1" 200 56208
ERROR 2025-09-25 13:01:36,865 log 7424 17488 Internal Server Error: /attachment/manager/
Traceback (most recent call last):
  File "D:\Projects\Current Projects\NDAS - Project\NDAS\venv\Lib\site-packages\django\template\base.py", line 505, in parse
    compile_func = self.tags[command]
                   ~~~~~~~~~^^^^^^^^^
KeyError: 'else'

During handling of the above exception, another exception occurred:

Traceback (most recent call last):
  File "D:\Projects\Current Projects\NDAS - Project\NDAS\venv\Lib\site-packages\django\core\handlers\exception.py", line 55, in inner
    response = get_response(request)
  File "D:\Projects\Current Projects\NDAS - Project\NDAS\venv\Lib\site-packages\django\core\handlers\base.py", line 197, in _get_response
    response = wrapped_callback(request, *callback_args, **callback_kwargs)
  File "D:\Projects\Current Projects\NDAS - Project\NDAS\venv\Lib\site-packages\django\contrib\auth\decorators.py", line 23, in _wrapped_view
    return view_func(request, *args, **kwargs)
  File "D:\Projects\Current Projects\NDAS - Project\NDAS\patients\views.py", line 1378, in attachment_manager
    return render(
        request, "attachment/manager.html", {"attachment_page_obj": attachment_list}
    )
  File "D:\Projects\Current Projects\NDAS - Project\NDAS\venv\Lib\site-packages\django\shortcuts.py", line 24, in render
    content = loader.render_to_string(template_name, context, request, using=using)
  File "D:\Projects\Current Projects\NDAS - Project\NDAS\venv\Lib\site-packages\django\template\loader.py", line 61, in render_to_string
    template = get_template(template_name, using=using)
  File "D:\Projects\Current Projects\NDAS - Project\NDAS\venv\Lib\site-packages\django\template\loader.py", line 15, in get_template
    return engine.get_template(template_name)
           ~~~~~~~~~~~~~~~~~~~^^^^^^^^^^^^^^^
  File "D:\Projects\Current Projects\NDAS - Project\NDAS\venv\Lib\site-packages\django\template\backends\django.py", line 34, in get_template
    return Template(self.engine.get_template(template_name), self)
                    ~~~~~~~~~~~~~~~~~~~~~~~~^^^^^^^^^^^^^^^
  File "D:\Projects\Current Projects\NDAS - Project\NDAS\venv\Lib\site-packages\django\template\engine.py", line 175, in get_template
    template, origin = self.find_template(template_name)
                       ~~~~~~~~~~~~~~~~~~^^^^^^^^^^^^^^^
  File "D:\Projects\Current Projects\NDAS - Project\NDAS\venv\Lib\site-packages\django\template\engine.py", line 157, in find_template
    template = loader.get_template(name, skip=skip)
  File "D:\Projects\Current Projects\NDAS - Project\NDAS\venv\Lib\site-packages\django\template\loaders\cached.py", line 57, in get_template
    template = super().get_template(template_name, skip)
  File "D:\Projects\Current Projects\NDAS - Project\NDAS\venv\Lib\site-packages\django\template\loaders\base.py", line 28, in get_template
    return Template(
        contents,
    ...<2 lines>...
        self.engine,
    )
  File "D:\Projects\Current Projects\NDAS - Project\NDAS\venv\Lib\site-packages\django\template\base.py", line 154, in __init__
    self.nodelist = self.compile_nodelist()
                    ~~~~~~~~~~~~~~~~~~~~~^^
  File "D:\Projects\Current Projects\NDAS - Project\NDAS\venv\Lib\site-packages\django\template\base.py", line 200, in compile_nodelist
    return parser.parse()
           ~~~~~~~~~~~~^^
  File "D:\Projects\Current Projects\NDAS - Project\NDAS\venv\Lib\site-packages\django\template\base.py", line 513, in parse
    raise self.error(token, e)
  File "D:\Projects\Current Projects\NDAS - Project\NDAS\venv\Lib\site-packages\django\template\base.py", line 511, in parse
    compiled_result = compile_func(self, token)
  File "D:\Projects\Current Projects\NDAS - Project\NDAS\venv\Lib\site-packages\django\template\loader_tags.py", line 293, in do_extends
    nodelist = parser.parse()
  File "D:\Projects\Current Projects\NDAS - Project\NDAS\venv\Lib\site-packages\django\template\base.py", line 513, in parse
    raise self.error(token, e)
  File "D:\Projects\Current Projects\NDAS - Project\NDAS\venv\Lib\site-packages\django\template\base.py", line 511, in parse
    compiled_result = compile_func(self, token)
  File "D:\Projects\Current Projects\NDAS - Project\NDAS\venv\Lib\site-packages\django\template\loader_tags.py", line 232, in do_block
    nodelist = parser.parse(("endblock",))
  File "D:\Projects\Current Projects\NDAS - Project\NDAS\venv\Lib\site-packages\django\template\base.py", line 507, in parse
    self.invalid_block_tag(token, command, parse_until)
    ~~~~~~~~~~~~~~~~~~~~~~^^^^^^^^^^^^^^^^^^^^^^^^^^^^^
  File "D:\Projects\Current Projects\NDAS - Project\NDAS\venv\Lib\site-packages\django\template\base.py", line 558, in invalid_block_tag
    raise self.error(
    ...<8 lines>...
    )
django.template.exceptions.TemplateSyntaxError: Invalid block tag on line 352: 'else', expected 'endblock'. Did you forget to register or load this tag?
ERROR 2025-09-25 13:01:36,894 basehttp 7424 17488 "GET /attachment/manager/ HTTP/1.1" 500 218373
ERROR 2025-09-25 13:02:16,367 log 7424 17488 Internal Server Error: /attachment/manager/
Traceback (most recent call last):
  File "D:\Projects\Current Projects\NDAS - Project\NDAS\venv\Lib\site-packages\django\template\base.py", line 505, in parse
    compile_func = self.tags[command]
                   ~~~~~~~~~^^^^^^^^^
KeyError: 'else'

During handling of the above exception, another exception occurred:

Traceback (most recent call last):
  File "D:\Projects\Current Projects\NDAS - Project\NDAS\venv\Lib\site-packages\django\core\handlers\exception.py", line 55, in inner
    response = get_response(request)
  File "D:\Projects\Current Projects\NDAS - Project\NDAS\venv\Lib\site-packages\django\core\handlers\base.py", line 197, in _get_response
    response = wrapped_callback(request, *callback_args, **callback_kwargs)
  File "D:\Projects\Current Projects\NDAS - Project\NDAS\venv\Lib\site-packages\django\contrib\auth\decorators.py", line 23, in _wrapped_view
    return view_func(request, *args, **kwargs)
  File "D:\Projects\Current Projects\NDAS - Project\NDAS\patients\views.py", line 1378, in attachment_manager
    return render(
        request, "attachment/manager.html", {"attachment_page_obj": attachment_list}
    )
  File "D:\Projects\Current Projects\NDAS - Project\NDAS\venv\Lib\site-packages\django\shortcuts.py", line 24, in render
    content = loader.render_to_string(template_name, context, request, using=using)
  File "D:\Projects\Current Projects\NDAS - Project\NDAS\venv\Lib\site-packages\django\template\loader.py", line 61, in render_to_string
    template = get_template(template_name, using=using)
  File "D:\Projects\Current Projects\NDAS - Project\NDAS\venv\Lib\site-packages\django\template\loader.py", line 15, in get_template
    return engine.get_template(template_name)
           ~~~~~~~~~~~~~~~~~~~^^^^^^^^^^^^^^^
  File "D:\Projects\Current Projects\NDAS - Project\NDAS\venv\Lib\site-packages\django\template\backends\django.py", line 34, in get_template
    return Template(self.engine.get_template(template_name), self)
                    ~~~~~~~~~~~~~~~~~~~~~~~~^^^^^^^^^^^^^^^
  File "D:\Projects\Current Projects\NDAS - Project\NDAS\venv\Lib\site-packages\django\template\engine.py", line 175, in get_template
    template, origin = self.find_template(template_name)
                       ~~~~~~~~~~~~~~~~~~^^^^^^^^^^^^^^^
  File "D:\Projects\Current Projects\NDAS - Project\NDAS\venv\Lib\site-packages\django\template\engine.py", line 157, in find_template
    template = loader.get_template(name, skip=skip)
  File "D:\Projects\Current Projects\NDAS - Project\NDAS\venv\Lib\site-packages\django\template\loaders\cached.py", line 57, in get_template
    template = super().get_template(template_name, skip)
  File "D:\Projects\Current Projects\NDAS - Project\NDAS\venv\Lib\site-packages\django\template\loaders\base.py", line 28, in get_template
    return Template(
        contents,
    ...<2 lines>...
        self.engine,
    )
  File "D:\Projects\Current Projects\NDAS - Project\NDAS\venv\Lib\site-packages\django\template\base.py", line 154, in __init__
    self.nodelist = self.compile_nodelist()
                    ~~~~~~~~~~~~~~~~~~~~~^^
  File "D:\Projects\Current Projects\NDAS - Project\NDAS\venv\Lib\site-packages\django\template\base.py", line 200, in compile_nodelist
    return parser.parse()
           ~~~~~~~~~~~~^^
  File "D:\Projects\Current Projects\NDAS - Project\NDAS\venv\Lib\site-packages\django\template\base.py", line 513, in parse
    raise self.error(token, e)
  File "D:\Projects\Current Projects\NDAS - Project\NDAS\venv\Lib\site-packages\django\template\base.py", line 511, in parse
    compiled_result = compile_func(self, token)
  File "D:\Projects\Current Projects\NDAS - Project\NDAS\venv\Lib\site-packages\django\template\loader_tags.py", line 293, in do_extends
    nodelist = parser.parse()
  File "D:\Projects\Current Projects\NDAS - Project\NDAS\venv\Lib\site-packages\django\template\base.py", line 513, in parse
    raise self.error(token, e)
  File "D:\Projects\Current Projects\NDAS - Project\NDAS\venv\Lib\site-packages\django\template\base.py", line 511, in parse
    compiled_result = compile_func(self, token)
  File "D:\Projects\Current Projects\NDAS - Project\NDAS\venv\Lib\site-packages\django\template\loader_tags.py", line 232, in do_block
    nodelist = parser.parse(("endblock",))
  File "D:\Projects\Current Projects\NDAS - Project\NDAS\venv\Lib\site-packages\django\template\base.py", line 507, in parse
    self.invalid_block_tag(token, command, parse_until)
    ~~~~~~~~~~~~~~~~~~~~~~^^^^^^^^^^^^^^^^^^^^^^^^^^^^^
  File "D:\Projects\Current Projects\NDAS - Project\NDAS\venv\Lib\site-packages\django\template\base.py", line 558, in invalid_block_tag
    raise self.error(
    ...<8 lines>...
    )
django.template.exceptions.TemplateSyntaxError: Invalid block tag on line 352: 'else', expected 'endblock'. Did you forget to register or load this tag?
ERROR 2025-09-25 13:02:16,380 basehttp 7424 17488 "GET /attachment/manager/ HTTP/1.1" 500 218510
INFO 2025-09-25 13:04:20,961 basehttp 7424 17488 "GET /attachment/manager/ HTTP/1.1" 200 70997
INFO 2025-09-25 13:04:33,951 basehttp 7424 17488 "GET /patient/view/4/ HTTP/1.1" 200 119528
INFO 2025-09-25 13:04:48,773 basehttp 7424 17488 "GET /manager/bookmarks/ HTTP/1.1" 200 41965
INFO 2025-09-25 13:04:49,695 basehttp 7424 17488 "GET /attachment/manager/ HTTP/1.1" 200 70997
INFO 2025-09-25 13:04:50,684 basehttp 7424 17488 "GET /manager/bookmarks/ HTTP/1.1" 200 41965
INFO 2025-09-25 13:04:52,028 basehttp 7424 17488 "GET /video/manager/ HTTP/1.1" 200 60057
INFO 2025-09-25 13:04:56,598 basehttp 7424 17488 "GET /attachment/manager/ HTTP/1.1" 200 70997
INFO 2025-09-25 13:04:58,430 basehttp 7424 17488 "GET /video/manager/ HTTP/1.1" 200 60057
INFO 2025-09-25 13:05:03,789 basehttp 7424 17488 "GET /manager/assessment/ HTTP/1.1" 200 61090
INFO 2025-09-25 13:05:06,284 basehttp 7424 17488 "GET /hine/manager/ HTTP/1.1" 200 50145
INFO 2025-09-25 13:05:07,620 basehttp 7424 17488 "GET /da/manager/ HTTP/1.1" 200 41852
INFO 2025-09-25 13:05:09,048 basehttp 7424 17488 "GET /cdic/manager/ HTTP/1.1" 200 42425
INFO 2025-09-25 13:05:14,324 basehttp 7424 17488 "GET /help/article/ HTTP/1.1" 200 38389
INFO 2025-09-25 13:05:16,387 basehttp 7424 17488 "GET /users/contact-developer/ HTTP/1.1" 200 26539
INFO 2025-09-25 13:08:10,457 basehttp 7424 17520 "GET /users/contact-developer/ HTTP/1.1" 200 26626
INFO 2025-09-25 13:08:13,566 basehttp 7424 17520 "GET /users/contact-developer/ HTTP/1.1" 200 26626
INFO 2025-09-25 13:08:14,609 basehttp 7424 17520 "GET /users/contact-developer/ HTTP/1.1" 200 26626
INFO 2025-09-25 13:08:24,965 basehttp 7424 17520 "GET /users/view/1/ HTTP/1.1" 200 74378
INFO 2025-09-25 13:08:27,690 basehttp 7424 17520 "GET / HTTP/1.1" 200 50189
INFO 2025-09-25 13:08:34,862 basehttp 7424 17520 "GET /users/logout/ HTTP/1.1" 302 0
INFO 2025-09-25 13:08:34,873 basehttp 7424 17520 "GET /users/login/ HTTP/1.1" 200 16070
ERROR 2025-09-25 13:08:36,905 log 7424 17520 Internal Server Error: /users/contact-developer/
Traceback (most recent call last):
  File "D:\Projects\Current Projects\NDAS - Project\NDAS\venv\Lib\site-packages\django\template\base.py", line 505, in parse
    compile_func = self.tags[command]
                   ~~~~~~~~~^^^^^^^^^
KeyError: 'else'

During handling of the above exception, another exception occurred:

Traceback (most recent call last):
  File "D:\Projects\Current Projects\NDAS - Project\NDAS\venv\Lib\site-packages\django\core\handlers\exception.py", line 55, in inner
    response = get_response(request)
  File "D:\Projects\Current Projects\NDAS - Project\NDAS\venv\Lib\site-packages\django\core\handlers\base.py", line 197, in _get_response
    response = wrapped_callback(request, *callback_args, **callback_kwargs)
  File "D:\Projects\Current Projects\NDAS - Project\NDAS\users\views.py", line 263, in developerContacts
    return render(request, 'users/contact-developer.html', {'logged_user': logged_user, 'developer': developer, 'var': var})
  File "D:\Projects\Current Projects\NDAS - Project\NDAS\venv\Lib\site-packages\django\shortcuts.py", line 24, in render
    content = loader.render_to_string(template_name, context, request, using=using)
  File "D:\Projects\Current Projects\NDAS - Project\NDAS\venv\Lib\site-packages\django\template\loader.py", line 61, in render_to_string
    template = get_template(template_name, using=using)
  File "D:\Projects\Current Projects\NDAS - Project\NDAS\venv\Lib\site-packages\django\template\loader.py", line 15, in get_template
    return engine.get_template(template_name)
           ~~~~~~~~~~~~~~~~~~~^^^^^^^^^^^^^^^
  File "D:\Projects\Current Projects\NDAS - Project\NDAS\venv\Lib\site-packages\django\template\backends\django.py", line 34, in get_template
    return Template(self.engine.get_template(template_name), self)
                    ~~~~~~~~~~~~~~~~~~~~~~~~^^^^^^^^^^^^^^^
  File "D:\Projects\Current Projects\NDAS - Project\NDAS\venv\Lib\site-packages\django\template\engine.py", line 175, in get_template
    template, origin = self.find_template(template_name)
                       ~~~~~~~~~~~~~~~~~~^^^^^^^^^^^^^^^
  File "D:\Projects\Current Projects\NDAS - Project\NDAS\venv\Lib\site-packages\django\template\engine.py", line 157, in find_template
    template = loader.get_template(name, skip=skip)
  File "D:\Projects\Current Projects\NDAS - Project\NDAS\venv\Lib\site-packages\django\template\loaders\cached.py", line 57, in get_template
    template = super().get_template(template_name, skip)
  File "D:\Projects\Current Projects\NDAS - Project\NDAS\venv\Lib\site-packages\django\template\loaders\base.py", line 28, in get_template
    return Template(
        contents,
    ...<2 lines>...
        self.engine,
    )
  File "D:\Projects\Current Projects\NDAS - Project\NDAS\venv\Lib\site-packages\django\template\base.py", line 154, in __init__
    self.nodelist = self.compile_nodelist()
                    ~~~~~~~~~~~~~~~~~~~~~^^
  File "D:\Projects\Current Projects\NDAS - Project\NDAS\venv\Lib\site-packages\django\template\base.py", line 200, in compile_nodelist
    return parser.parse()
           ~~~~~~~~~~~~^^
  File "D:\Projects\Current Projects\NDAS - Project\NDAS\venv\Lib\site-packages\django\template\base.py", line 513, in parse
    raise self.error(token, e)
  File "D:\Projects\Current Projects\NDAS - Project\NDAS\venv\Lib\site-packages\django\template\base.py", line 511, in parse
    compiled_result = compile_func(self, token)
  File "D:\Projects\Current Projects\NDAS - Project\NDAS\venv\Lib\site-packages\django\template\loader_tags.py", line 293, in do_extends
    nodelist = parser.parse()
  File "D:\Projects\Current Projects\NDAS - Project\NDAS\venv\Lib\site-packages\django\template\base.py", line 513, in parse
    raise self.error(token, e)
  File "D:\Projects\Current Projects\NDAS - Project\NDAS\venv\Lib\site-packages\django\template\base.py", line 511, in parse
    compiled_result = compile_func(self, token)
  File "D:\Projects\Current Projects\NDAS - Project\NDAS\venv\Lib\site-packages\django\template\loader_tags.py", line 232, in do_block
    nodelist = parser.parse(("endblock",))
  File "D:\Projects\Current Projects\NDAS - Project\NDAS\venv\Lib\site-packages\django\template\base.py", line 507, in parse
    self.invalid_block_tag(token, command, parse_until)
    ~~~~~~~~~~~~~~~~~~~~~~^^^^^^^^^^^^^^^^^^^^^^^^^^^^^
  File "D:\Projects\Current Projects\NDAS - Project\NDAS\venv\Lib\site-packages\django\template\base.py", line 558, in invalid_block_tag
    raise self.error(
    ...<8 lines>...
    )
django.template.exceptions.TemplateSyntaxError: Invalid block tag on line 227: 'else', expected 'endblock'. Did you forget to register or load this tag?
ERROR 2025-09-25 13:08:36,924 basehttp 7424 17520 "GET /users/contact-developer/ HTTP/1.1" 500 207833
ERROR 2025-09-25 13:08:56,544 log 7424 17520 Internal Server Error: /users/contact-developer/
Traceback (most recent call last):
  File "D:\Projects\Current Projects\NDAS - Project\NDAS\venv\Lib\site-packages\django\template\base.py", line 505, in parse
    compile_func = self.tags[command]
                   ~~~~~~~~~^^^^^^^^^
KeyError: 'else'

During handling of the above exception, another exception occurred:

Traceback (most recent call last):
  File "D:\Projects\Current Projects\NDAS - Project\NDAS\venv\Lib\site-packages\django\core\handlers\exception.py", line 55, in inner
    response = get_response(request)
  File "D:\Projects\Current Projects\NDAS - Project\NDAS\venv\Lib\site-packages\django\core\handlers\base.py", line 197, in _get_response
    response = wrapped_callback(request, *callback_args, **callback_kwargs)
  File "D:\Projects\Current Projects\NDAS - Project\NDAS\users\views.py", line 263, in developerContacts
    return render(request, 'users/contact-developer.html', {'logged_user': logged_user, 'developer': developer, 'var': var})
  File "D:\Projects\Current Projects\NDAS - Project\NDAS\venv\Lib\site-packages\django\shortcuts.py", line 24, in render
    content = loader.render_to_string(template_name, context, request, using=using)
  File "D:\Projects\Current Projects\NDAS - Project\NDAS\venv\Lib\site-packages\django\template\loader.py", line 61, in render_to_string
    template = get_template(template_name, using=using)
  File "D:\Projects\Current Projects\NDAS - Project\NDAS\venv\Lib\site-packages\django\template\loader.py", line 15, in get_template
    return engine.get_template(template_name)
           ~~~~~~~~~~~~~~~~~~~^^^^^^^^^^^^^^^
  File "D:\Projects\Current Projects\NDAS - Project\NDAS\venv\Lib\site-packages\django\template\backends\django.py", line 34, in get_template
    return Template(self.engine.get_template(template_name), self)
                    ~~~~~~~~~~~~~~~~~~~~~~~~^^^^^^^^^^^^^^^
  File "D:\Projects\Current Projects\NDAS - Project\NDAS\venv\Lib\site-packages\django\template\engine.py", line 175, in get_template
    template, origin = self.find_template(template_name)
                       ~~~~~~~~~~~~~~~~~~^^^^^^^^^^^^^^^
  File "D:\Projects\Current Projects\NDAS - Project\NDAS\venv\Lib\site-packages\django\template\engine.py", line 157, in find_template
    template = loader.get_template(name, skip=skip)
  File "D:\Projects\Current Projects\NDAS - Project\NDAS\venv\Lib\site-packages\django\template\loaders\cached.py", line 57, in get_template
    template = super().get_template(template_name, skip)
  File "D:\Projects\Current Projects\NDAS - Project\NDAS\venv\Lib\site-packages\django\template\loaders\base.py", line 28, in get_template
    return Template(
        contents,
    ...<2 lines>...
        self.engine,
    )
  File "D:\Projects\Current Projects\NDAS - Project\NDAS\venv\Lib\site-packages\django\template\base.py", line 154, in __init__
    self.nodelist = self.compile_nodelist()
                    ~~~~~~~~~~~~~~~~~~~~~^^
  File "D:\Projects\Current Projects\NDAS - Project\NDAS\venv\Lib\site-packages\django\template\base.py", line 200, in compile_nodelist
    return parser.parse()
           ~~~~~~~~~~~~^^
  File "D:\Projects\Current Projects\NDAS - Project\NDAS\venv\Lib\site-packages\django\template\base.py", line 513, in parse
    raise self.error(token, e)
  File "D:\Projects\Current Projects\NDAS - Project\NDAS\venv\Lib\site-packages\django\template\base.py", line 511, in parse
    compiled_result = compile_func(self, token)
  File "D:\Projects\Current Projects\NDAS - Project\NDAS\venv\Lib\site-packages\django\template\loader_tags.py", line 293, in do_extends
    nodelist = parser.parse()
  File "D:\Projects\Current Projects\NDAS - Project\NDAS\venv\Lib\site-packages\django\template\base.py", line 513, in parse
    raise self.error(token, e)
  File "D:\Projects\Current Projects\NDAS - Project\NDAS\venv\Lib\site-packages\django\template\base.py", line 511, in parse
    compiled_result = compile_func(self, token)
  File "D:\Projects\Current Projects\NDAS - Project\NDAS\venv\Lib\site-packages\django\template\loader_tags.py", line 232, in do_block
    nodelist = parser.parse(("endblock",))
  File "D:\Projects\Current Projects\NDAS - Project\NDAS\venv\Lib\site-packages\django\template\base.py", line 507, in parse
    self.invalid_block_tag(token, command, parse_until)
    ~~~~~~~~~~~~~~~~~~~~~~^^^^^^^^^^^^^^^^^^^^^^^^^^^^^
  File "D:\Projects\Current Projects\NDAS - Project\NDAS\venv\Lib\site-packages\django\template\base.py", line 558, in invalid_block_tag
    raise self.error(
    ...<8 lines>...
    )
django.template.exceptions.TemplateSyntaxError: Invalid block tag on line 227: 'else', expected 'endblock'. Did you forget to register or load this tag?
ERROR 2025-09-25 13:08:56,558 basehttp 7424 17520 "GET /users/contact-developer/ HTTP/1.1" 500 207970
ERROR 2025-09-25 13:08:58,575 log 7424 17520 Internal Server Error: /users/contact-developer/
Traceback (most recent call last):
  File "D:\Projects\Current Projects\NDAS - Project\NDAS\venv\Lib\site-packages\django\template\base.py", line 505, in parse
    compile_func = self.tags[command]
                   ~~~~~~~~~^^^^^^^^^
KeyError: 'else'

During handling of the above exception, another exception occurred:

Traceback (most recent call last):
  File "D:\Projects\Current Projects\NDAS - Project\NDAS\venv\Lib\site-packages\django\core\handlers\exception.py", line 55, in inner
    response = get_response(request)
  File "D:\Projects\Current Projects\NDAS - Project\NDAS\venv\Lib\site-packages\django\core\handlers\base.py", line 197, in _get_response
    response = wrapped_callback(request, *callback_args, **callback_kwargs)
  File "D:\Projects\Current Projects\NDAS - Project\NDAS\users\views.py", line 263, in developerContacts
    return render(request, 'users/contact-developer.html', {'logged_user': logged_user, 'developer': developer, 'var': var})
  File "D:\Projects\Current Projects\NDAS - Project\NDAS\venv\Lib\site-packages\django\shortcuts.py", line 24, in render
    content = loader.render_to_string(template_name, context, request, using=using)
  File "D:\Projects\Current Projects\NDAS - Project\NDAS\venv\Lib\site-packages\django\template\loader.py", line 61, in render_to_string
    template = get_template(template_name, using=using)
  File "D:\Projects\Current Projects\NDAS - Project\NDAS\venv\Lib\site-packages\django\template\loader.py", line 15, in get_template
    return engine.get_template(template_name)
           ~~~~~~~~~~~~~~~~~~~^^^^^^^^^^^^^^^
  File "D:\Projects\Current Projects\NDAS - Project\NDAS\venv\Lib\site-packages\django\template\backends\django.py", line 34, in get_template
    return Template(self.engine.get_template(template_name), self)
                    ~~~~~~~~~~~~~~~~~~~~~~~~^^^^^^^^^^^^^^^
  File "D:\Projects\Current Projects\NDAS - Project\NDAS\venv\Lib\site-packages\django\template\engine.py", line 175, in get_template
    template, origin = self.find_template(template_name)
                       ~~~~~~~~~~~~~~~~~~^^^^^^^^^^^^^^^
  File "D:\Projects\Current Projects\NDAS - Project\NDAS\venv\Lib\site-packages\django\template\engine.py", line 157, in find_template
    template = loader.get_template(name, skip=skip)
  File "D:\Projects\Current Projects\NDAS - Project\NDAS\venv\Lib\site-packages\django\template\loaders\cached.py", line 57, in get_template
    template = super().get_template(template_name, skip)
  File "D:\Projects\Current Projects\NDAS - Project\NDAS\venv\Lib\site-packages\django\template\loaders\base.py", line 28, in get_template
    return Template(
        contents,
    ...<2 lines>...
        self.engine,
    )
  File "D:\Projects\Current Projects\NDAS - Project\NDAS\venv\Lib\site-packages\django\template\base.py", line 154, in __init__
    self.nodelist = self.compile_nodelist()
                    ~~~~~~~~~~~~~~~~~~~~~^^
  File "D:\Projects\Current Projects\NDAS - Project\NDAS\venv\Lib\site-packages\django\template\base.py", line 200, in compile_nodelist
    return parser.parse()
           ~~~~~~~~~~~~^^
  File "D:\Projects\Current Projects\NDAS - Project\NDAS\venv\Lib\site-packages\django\template\base.py", line 513, in parse
    raise self.error(token, e)
  File "D:\Projects\Current Projects\NDAS - Project\NDAS\venv\Lib\site-packages\django\template\base.py", line 511, in parse
    compiled_result = compile_func(self, token)
  File "D:\Projects\Current Projects\NDAS - Project\NDAS\venv\Lib\site-packages\django\template\loader_tags.py", line 293, in do_extends
    nodelist = parser.parse()
  File "D:\Projects\Current Projects\NDAS - Project\NDAS\venv\Lib\site-packages\django\template\base.py", line 513, in parse
    raise self.error(token, e)
  File "D:\Projects\Current Projects\NDAS - Project\NDAS\venv\Lib\site-packages\django\template\base.py", line 511, in parse
    compiled_result = compile_func(self, token)
  File "D:\Projects\Current Projects\NDAS - Project\NDAS\venv\Lib\site-packages\django\template\loader_tags.py", line 232, in do_block
    nodelist = parser.parse(("endblock",))
  File "D:\Projects\Current Projects\NDAS - Project\NDAS\venv\Lib\site-packages\django\template\base.py", line 507, in parse
    self.invalid_block_tag(token, command, parse_until)
    ~~~~~~~~~~~~~~~~~~~~~~^^^^^^^^^^^^^^^^^^^^^^^^^^^^^
  File "D:\Projects\Current Projects\NDAS - Project\NDAS\venv\Lib\site-packages\django\template\base.py", line 558, in invalid_block_tag
    raise self.error(
    ...<8 lines>...
    )
django.template.exceptions.TemplateSyntaxError: Invalid block tag on line 227: 'else', expected 'endblock'. Did you forget to register or load this tag?
ERROR 2025-09-25 13:08:58,588 basehttp 7424 17520 "GET /users/contact-developer/ HTTP/1.1" 500 207970
ERROR 2025-09-25 13:08:59,451 log 7424 17520 Internal Server Error: /users/contact-developer/
Traceback (most recent call last):
  File "D:\Projects\Current Projects\NDAS - Project\NDAS\venv\Lib\site-packages\django\template\base.py", line 505, in parse
    compile_func = self.tags[command]
                   ~~~~~~~~~^^^^^^^^^
KeyError: 'else'

During handling of the above exception, another exception occurred:

Traceback (most recent call last):
  File "D:\Projects\Current Projects\NDAS - Project\NDAS\venv\Lib\site-packages\django\core\handlers\exception.py", line 55, in inner
    response = get_response(request)
  File "D:\Projects\Current Projects\NDAS - Project\NDAS\venv\Lib\site-packages\django\core\handlers\base.py", line 197, in _get_response
    response = wrapped_callback(request, *callback_args, **callback_kwargs)
  File "D:\Projects\Current Projects\NDAS - Project\NDAS\users\views.py", line 263, in developerContacts
    return render(request, 'users/contact-developer.html', {'logged_user': logged_user, 'developer': developer, 'var': var})
  File "D:\Projects\Current Projects\NDAS - Project\NDAS\venv\Lib\site-packages\django\shortcuts.py", line 24, in render
    content = loader.render_to_string(template_name, context, request, using=using)
  File "D:\Projects\Current Projects\NDAS - Project\NDAS\venv\Lib\site-packages\django\template\loader.py", line 61, in render_to_string
    template = get_template(template_name, using=using)
  File "D:\Projects\Current Projects\NDAS - Project\NDAS\venv\Lib\site-packages\django\template\loader.py", line 15, in get_template
    return engine.get_template(template_name)
           ~~~~~~~~~~~~~~~~~~~^^^^^^^^^^^^^^^
  File "D:\Projects\Current Projects\NDAS - Project\NDAS\venv\Lib\site-packages\django\template\backends\django.py", line 34, in get_template
    return Template(self.engine.get_template(template_name), self)
                    ~~~~~~~~~~~~~~~~~~~~~~~~^^^^^^^^^^^^^^^
  File "D:\Projects\Current Projects\NDAS - Project\NDAS\venv\Lib\site-packages\django\template\engine.py", line 175, in get_template
    template, origin = self.find_template(template_name)
                       ~~~~~~~~~~~~~~~~~~^^^^^^^^^^^^^^^
  File "D:\Projects\Current Projects\NDAS - Project\NDAS\venv\Lib\site-packages\django\template\engine.py", line 157, in find_template
    template = loader.get_template(name, skip=skip)
  File "D:\Projects\Current Projects\NDAS - Project\NDAS\venv\Lib\site-packages\django\template\loaders\cached.py", line 57, in get_template
    template = super().get_template(template_name, skip)
  File "D:\Projects\Current Projects\NDAS - Project\NDAS\venv\Lib\site-packages\django\template\loaders\base.py", line 28, in get_template
    return Template(
        contents,
    ...<2 lines>...
        self.engine,
    )
  File "D:\Projects\Current Projects\NDAS - Project\NDAS\venv\Lib\site-packages\django\template\base.py", line 154, in __init__
    self.nodelist = self.compile_nodelist()
                    ~~~~~~~~~~~~~~~~~~~~~^^
  File "D:\Projects\Current Projects\NDAS - Project\NDAS\venv\Lib\site-packages\django\template\base.py", line 200, in compile_nodelist
    return parser.parse()
           ~~~~~~~~~~~~^^
  File "D:\Projects\Current Projects\NDAS - Project\NDAS\venv\Lib\site-packages\django\template\base.py", line 513, in parse
    raise self.error(token, e)
  File "D:\Projects\Current Projects\NDAS - Project\NDAS\venv\Lib\site-packages\django\template\base.py", line 511, in parse
    compiled_result = compile_func(self, token)
  File "D:\Projects\Current Projects\NDAS - Project\NDAS\venv\Lib\site-packages\django\template\loader_tags.py", line 293, in do_extends
    nodelist = parser.parse()
  File "D:\Projects\Current Projects\NDAS - Project\NDAS\venv\Lib\site-packages\django\template\base.py", line 513, in parse
    raise self.error(token, e)
  File "D:\Projects\Current Projects\NDAS - Project\NDAS\venv\Lib\site-packages\django\template\base.py", line 511, in parse
    compiled_result = compile_func(self, token)
  File "D:\Projects\Current Projects\NDAS - Project\NDAS\venv\Lib\site-packages\django\template\loader_tags.py", line 232, in do_block
    nodelist = parser.parse(("endblock",))
  File "D:\Projects\Current Projects\NDAS - Project\NDAS\venv\Lib\site-packages\django\template\base.py", line 507, in parse
    self.invalid_block_tag(token, command, parse_until)
    ~~~~~~~~~~~~~~~~~~~~~~^^^^^^^^^^^^^^^^^^^^^^^^^^^^^
  File "D:\Projects\Current Projects\NDAS - Project\NDAS\venv\Lib\site-packages\django\template\base.py", line 558, in invalid_block_tag
    raise self.error(
    ...<8 lines>...
    )
django.template.exceptions.TemplateSyntaxError: Invalid block tag on line 227: 'else', expected 'endblock'. Did you forget to register or load this tag?
ERROR 2025-09-25 13:08:59,480 basehttp 7424 17520 "GET /users/contact-developer/ HTTP/1.1" 500 207970
ERROR 2025-09-25 13:08:59,920 log 7424 17520 Internal Server Error: /users/contact-developer/
Traceback (most recent call last):
  File "D:\Projects\Current Projects\NDAS - Project\NDAS\venv\Lib\site-packages\django\template\base.py", line 505, in parse
    compile_func = self.tags[command]
                   ~~~~~~~~~^^^^^^^^^
KeyError: 'else'

During handling of the above exception, another exception occurred:

Traceback (most recent call last):
  File "D:\Projects\Current Projects\NDAS - Project\NDAS\venv\Lib\site-packages\django\core\handlers\exception.py", line 55, in inner
    response = get_response(request)
  File "D:\Projects\Current Projects\NDAS - Project\NDAS\venv\Lib\site-packages\django\core\handlers\base.py", line 197, in _get_response
    response = wrapped_callback(request, *callback_args, **callback_kwargs)
  File "D:\Projects\Current Projects\NDAS - Project\NDAS\users\views.py", line 263, in developerContacts
    return render(request, 'users/contact-developer.html', {'logged_user': logged_user, 'developer': developer, 'var': var})
  File "D:\Projects\Current Projects\NDAS - Project\NDAS\venv\Lib\site-packages\django\shortcuts.py", line 24, in render
    content = loader.render_to_string(template_name, context, request, using=using)
  File "D:\Projects\Current Projects\NDAS - Project\NDAS\venv\Lib\site-packages\django\template\loader.py", line 61, in render_to_string
    template = get_template(template_name, using=using)
  File "D:\Projects\Current Projects\NDAS - Project\NDAS\venv\Lib\site-packages\django\template\loader.py", line 15, in get_template
    return engine.get_template(template_name)
           ~~~~~~~~~~~~~~~~~~~^^^^^^^^^^^^^^^
  File "D:\Projects\Current Projects\NDAS - Project\NDAS\venv\Lib\site-packages\django\template\backends\django.py", line 34, in get_template
    return Template(self.engine.get_template(template_name), self)
                    ~~~~~~~~~~~~~~~~~~~~~~~~^^^^^^^^^^^^^^^
  File "D:\Projects\Current Projects\NDAS - Project\NDAS\venv\Lib\site-packages\django\template\engine.py", line 175, in get_template
    template, origin = self.find_template(template_name)
                       ~~~~~~~~~~~~~~~~~~^^^^^^^^^^^^^^^
  File "D:\Projects\Current Projects\NDAS - Project\NDAS\venv\Lib\site-packages\django\template\engine.py", line 157, in find_template
    template = loader.get_template(name, skip=skip)
  File "D:\Projects\Current Projects\NDAS - Project\NDAS\venv\Lib\site-packages\django\template\loaders\cached.py", line 57, in get_template
    template = super().get_template(template_name, skip)
  File "D:\Projects\Current Projects\NDAS - Project\NDAS\venv\Lib\site-packages\django\template\loaders\base.py", line 28, in get_template
    return Template(
        contents,
    ...<2 lines>...
        self.engine,
    )
  File "D:\Projects\Current Projects\NDAS - Project\NDAS\venv\Lib\site-packages\django\template\base.py", line 154, in __init__
    self.nodelist = self.compile_nodelist()
                    ~~~~~~~~~~~~~~~~~~~~~^^
  File "D:\Projects\Current Projects\NDAS - Project\NDAS\venv\Lib\site-packages\django\template\base.py", line 200, in compile_nodelist
    return parser.parse()
           ~~~~~~~~~~~~^^
  File "D:\Projects\Current Projects\NDAS - Project\NDAS\venv\Lib\site-packages\django\template\base.py", line 513, in parse
    raise self.error(token, e)
  File "D:\Projects\Current Projects\NDAS - Project\NDAS\venv\Lib\site-packages\django\template\base.py", line 511, in parse
    compiled_result = compile_func(self, token)
  File "D:\Projects\Current Projects\NDAS - Project\NDAS\venv\Lib\site-packages\django\template\loader_tags.py", line 293, in do_extends
    nodelist = parser.parse()
  File "D:\Projects\Current Projects\NDAS - Project\NDAS\venv\Lib\site-packages\django\template\base.py", line 513, in parse
    raise self.error(token, e)
  File "D:\Projects\Current Projects\NDAS - Project\NDAS\venv\Lib\site-packages\django\template\base.py", line 511, in parse
    compiled_result = compile_func(self, token)
  File "D:\Projects\Current Projects\NDAS - Project\NDAS\venv\Lib\site-packages\django\template\loader_tags.py", line 232, in do_block
    nodelist = parser.parse(("endblock",))
  File "D:\Projects\Current Projects\NDAS - Project\NDAS\venv\Lib\site-packages\django\template\base.py", line 507, in parse
    self.invalid_block_tag(token, command, parse_until)
    ~~~~~~~~~~~~~~~~~~~~~~^^^^^^^^^^^^^^^^^^^^^^^^^^^^^
  File "D:\Projects\Current Projects\NDAS - Project\NDAS\venv\Lib\site-packages\django\template\base.py", line 558, in invalid_block_tag
    raise self.error(
    ...<8 lines>...
    )
django.template.exceptions.TemplateSyntaxError: Invalid block tag on line 227: 'else', expected 'endblock'. Did you forget to register or load this tag?
ERROR 2025-09-25 13:08:59,941 basehttp 7424 17520 "GET /users/contact-developer/ HTTP/1.1" 500 207970
INFO 2025-09-25 13:11:20,759 autoreload 8016 6720 Watching for file changes with StatReloader
ERROR 2025-09-25 13:11:26,853 log 8016 2544 Internal Server Error: /users/contact-developer/
Traceback (most recent call last):
  File "D:\Projects\Current Projects\NDAS - Project\NDAS\venv\Lib\site-packages\django\template\base.py", line 505, in parse
    compile_func = self.tags[command]
                   ~~~~~~~~~^^^^^^^^^
KeyError: 'else'

During handling of the above exception, another exception occurred:

Traceback (most recent call last):
  File "D:\Projects\Current Projects\NDAS - Project\NDAS\venv\Lib\site-packages\django\core\handlers\exception.py", line 55, in inner
    response = get_response(request)
  File "D:\Projects\Current Projects\NDAS - Project\NDAS\venv\Lib\site-packages\django\core\handlers\base.py", line 197, in _get_response
    response = wrapped_callback(request, *callback_args, **callback_kwargs)
  File "D:\Projects\Current Projects\NDAS - Project\NDAS\users\views.py", line 263, in developerContacts
    return render(request, 'users/contact-developer.html', {'logged_user': logged_user, 'developer': developer, 'var': var})
  File "D:\Projects\Current Projects\NDAS - Project\NDAS\venv\Lib\site-packages\django\shortcuts.py", line 24, in render
    content = loader.render_to_string(template_name, context, request, using=using)
  File "D:\Projects\Current Projects\NDAS - Project\NDAS\venv\Lib\site-packages\django\template\loader.py", line 61, in render_to_string
    template = get_template(template_name, using=using)
  File "D:\Projects\Current Projects\NDAS - Project\NDAS\venv\Lib\site-packages\django\template\loader.py", line 15, in get_template
    return engine.get_template(template_name)
           ~~~~~~~~~~~~~~~~~~~^^^^^^^^^^^^^^^
  File "D:\Projects\Current Projects\NDAS - Project\NDAS\venv\Lib\site-packages\django\template\backends\django.py", line 34, in get_template
    return Template(self.engine.get_template(template_name), self)
                    ~~~~~~~~~~~~~~~~~~~~~~~~^^^^^^^^^^^^^^^
  File "D:\Projects\Current Projects\NDAS - Project\NDAS\venv\Lib\site-packages\django\template\engine.py", line 175, in get_template
    template, origin = self.find_template(template_name)
                       ~~~~~~~~~~~~~~~~~~^^^^^^^^^^^^^^^
  File "D:\Projects\Current Projects\NDAS - Project\NDAS\venv\Lib\site-packages\django\template\engine.py", line 157, in find_template
    template = loader.get_template(name, skip=skip)
  File "D:\Projects\Current Projects\NDAS - Project\NDAS\venv\Lib\site-packages\django\template\loaders\cached.py", line 57, in get_template
    template = super().get_template(template_name, skip)
  File "D:\Projects\Current Projects\NDAS - Project\NDAS\venv\Lib\site-packages\django\template\loaders\base.py", line 28, in get_template
    return Template(
        contents,
    ...<2 lines>...
        self.engine,
    )
  File "D:\Projects\Current Projects\NDAS - Project\NDAS\venv\Lib\site-packages\django\template\base.py", line 154, in __init__
    self.nodelist = self.compile_nodelist()
                    ~~~~~~~~~~~~~~~~~~~~~^^
  File "D:\Projects\Current Projects\NDAS - Project\NDAS\venv\Lib\site-packages\django\template\base.py", line 200, in compile_nodelist
    return parser.parse()
           ~~~~~~~~~~~~^^
  File "D:\Projects\Current Projects\NDAS - Project\NDAS\venv\Lib\site-packages\django\template\base.py", line 513, in parse
    raise self.error(token, e)
  File "D:\Projects\Current Projects\NDAS - Project\NDAS\venv\Lib\site-packages\django\template\base.py", line 511, in parse
    compiled_result = compile_func(self, token)
  File "D:\Projects\Current Projects\NDAS - Project\NDAS\venv\Lib\site-packages\django\template\loader_tags.py", line 293, in do_extends
    nodelist = parser.parse()
  File "D:\Projects\Current Projects\NDAS - Project\NDAS\venv\Lib\site-packages\django\template\base.py", line 513, in parse
    raise self.error(token, e)
  File "D:\Projects\Current Projects\NDAS - Project\NDAS\venv\Lib\site-packages\django\template\base.py", line 511, in parse
    compiled_result = compile_func(self, token)
  File "D:\Projects\Current Projects\NDAS - Project\NDAS\venv\Lib\site-packages\django\template\loader_tags.py", line 232, in do_block
    nodelist = parser.parse(("endblock",))
  File "D:\Projects\Current Projects\NDAS - Project\NDAS\venv\Lib\site-packages\django\template\base.py", line 507, in parse
    self.invalid_block_tag(token, command, parse_until)
    ~~~~~~~~~~~~~~~~~~~~~~^^^^^^^^^^^^^^^^^^^^^^^^^^^^^
  File "D:\Projects\Current Projects\NDAS - Project\NDAS\venv\Lib\site-packages\django\template\base.py", line 558, in invalid_block_tag
    raise self.error(
    ...<8 lines>...
    )
django.template.exceptions.TemplateSyntaxError: Invalid block tag on line 282: 'else', expected 'endblock'. Did you forget to register or load this tag?
ERROR 2025-09-25 13:11:26,868 basehttp 8016 2544 "GET /users/contact-developer/ HTTP/1.1" 500 249878
ERROR 2025-09-25 13:11:47,397 log 8016 7540 Internal Server Error: /users/contact-developer/
Traceback (most recent call last):
  File "D:\Projects\Current Projects\NDAS - Project\NDAS\venv\Lib\site-packages\django\template\base.py", line 505, in parse
    compile_func = self.tags[command]
                   ~~~~~~~~~^^^^^^^^^
KeyError: 'else'

During handling of the above exception, another exception occurred:

Traceback (most recent call last):
  File "D:\Projects\Current Projects\NDAS - Project\NDAS\venv\Lib\site-packages\django\core\handlers\exception.py", line 55, in inner
    response = get_response(request)
  File "D:\Projects\Current Projects\NDAS - Project\NDAS\venv\Lib\site-packages\django\core\handlers\base.py", line 197, in _get_response
    response = wrapped_callback(request, *callback_args, **callback_kwargs)
  File "D:\Projects\Current Projects\NDAS - Project\NDAS\users\views.py", line 263, in developerContacts
    return render(request, 'users/contact-developer.html', {'logged_user': logged_user, 'developer': developer, 'var': var})
  File "D:\Projects\Current Projects\NDAS - Project\NDAS\venv\Lib\site-packages\django\shortcuts.py", line 24, in render
    content = loader.render_to_string(template_name, context, request, using=using)
  File "D:\Projects\Current Projects\NDAS - Project\NDAS\venv\Lib\site-packages\django\template\loader.py", line 61, in render_to_string
    template = get_template(template_name, using=using)
  File "D:\Projects\Current Projects\NDAS - Project\NDAS\venv\Lib\site-packages\django\template\loader.py", line 15, in get_template
    return engine.get_template(template_name)
           ~~~~~~~~~~~~~~~~~~~^^^^^^^^^^^^^^^
  File "D:\Projects\Current Projects\NDAS - Project\NDAS\venv\Lib\site-packages\django\template\backends\django.py", line 34, in get_template
    return Template(self.engine.get_template(template_name), self)
                    ~~~~~~~~~~~~~~~~~~~~~~~~^^^^^^^^^^^^^^^
  File "D:\Projects\Current Projects\NDAS - Project\NDAS\venv\Lib\site-packages\django\template\engine.py", line 175, in get_template
    template, origin = self.find_template(template_name)
                       ~~~~~~~~~~~~~~~~~~^^^^^^^^^^^^^^^
  File "D:\Projects\Current Projects\NDAS - Project\NDAS\venv\Lib\site-packages\django\template\engine.py", line 157, in find_template
    template = loader.get_template(name, skip=skip)
  File "D:\Projects\Current Projects\NDAS - Project\NDAS\venv\Lib\site-packages\django\template\loaders\cached.py", line 57, in get_template
    template = super().get_template(template_name, skip)
  File "D:\Projects\Current Projects\NDAS - Project\NDAS\venv\Lib\site-packages\django\template\loaders\base.py", line 28, in get_template
    return Template(
        contents,
    ...<2 lines>...
        self.engine,
    )
  File "D:\Projects\Current Projects\NDAS - Project\NDAS\venv\Lib\site-packages\django\template\base.py", line 154, in __init__
    self.nodelist = self.compile_nodelist()
                    ~~~~~~~~~~~~~~~~~~~~~^^
  File "D:\Projects\Current Projects\NDAS - Project\NDAS\venv\Lib\site-packages\django\template\base.py", line 200, in compile_nodelist
    return parser.parse()
           ~~~~~~~~~~~~^^
  File "D:\Projects\Current Projects\NDAS - Project\NDAS\venv\Lib\site-packages\django\template\base.py", line 513, in parse
    raise self.error(token, e)
  File "D:\Projects\Current Projects\NDAS - Project\NDAS\venv\Lib\site-packages\django\template\base.py", line 511, in parse
    compiled_result = compile_func(self, token)
  File "D:\Projects\Current Projects\NDAS - Project\NDAS\venv\Lib\site-packages\django\template\loader_tags.py", line 293, in do_extends
    nodelist = parser.parse()
  File "D:\Projects\Current Projects\NDAS - Project\NDAS\venv\Lib\site-packages\django\template\base.py", line 513, in parse
    raise self.error(token, e)
  File "D:\Projects\Current Projects\NDAS - Project\NDAS\venv\Lib\site-packages\django\template\base.py", line 511, in parse
    compiled_result = compile_func(self, token)
  File "D:\Projects\Current Projects\NDAS - Project\NDAS\venv\Lib\site-packages\django\template\loader_tags.py", line 232, in do_block
    nodelist = parser.parse(("endblock",))
  File "D:\Projects\Current Projects\NDAS - Project\NDAS\venv\Lib\site-packages\django\template\base.py", line 507, in parse
    self.invalid_block_tag(token, command, parse_until)
    ~~~~~~~~~~~~~~~~~~~~~~^^^^^^^^^^^^^^^^^^^^^^^^^^^^^
  File "D:\Projects\Current Projects\NDAS - Project\NDAS\venv\Lib\site-packages\django\template\base.py", line 558, in invalid_block_tag
    raise self.error(
    ...<8 lines>...
    )
django.template.exceptions.TemplateSyntaxError: Invalid block tag on line 282: 'else', expected 'endblock'. Did you forget to register or load this tag?
ERROR 2025-09-25 13:11:47,409 basehttp 8016 7540 "GET /users/contact-developer/ HTTP/1.1" 500 249878
ERROR 2025-09-25 13:14:54,163 log 8016 11804 Internal Server Error: /users/contact-developer/
Traceback (most recent call last):
  File "D:\Projects\Current Projects\NDAS - Project\NDAS\venv\Lib\site-packages\django\template\base.py", line 505, in parse
    compile_func = self.tags[command]
                   ~~~~~~~~~^^^^^^^^^
KeyError: 'endif'

During handling of the above exception, another exception occurred:

Traceback (most recent call last):
  File "D:\Projects\Current Projects\NDAS - Project\NDAS\venv\Lib\site-packages\django\core\handlers\exception.py", line 55, in inner
    response = get_response(request)
  File "D:\Projects\Current Projects\NDAS - Project\NDAS\venv\Lib\site-packages\django\core\handlers\base.py", line 197, in _get_response
    response = wrapped_callback(request, *callback_args, **callback_kwargs)
  File "D:\Projects\Current Projects\NDAS - Project\NDAS\users\views.py", line 263, in developerContacts
    return render(request, 'users/contact-developer.html', {'logged_user': logged_user, 'developer': developer, 'var': var})
  File "D:\Projects\Current Projects\NDAS - Project\NDAS\venv\Lib\site-packages\django\shortcuts.py", line 24, in render
    content = loader.render_to_string(template_name, context, request, using=using)
  File "D:\Projects\Current Projects\NDAS - Project\NDAS\venv\Lib\site-packages\django\template\loader.py", line 61, in render_to_string
    template = get_template(template_name, using=using)
  File "D:\Projects\Current Projects\NDAS - Project\NDAS\venv\Lib\site-packages\django\template\loader.py", line 15, in get_template
    return engine.get_template(template_name)
           ~~~~~~~~~~~~~~~~~~~^^^^^^^^^^^^^^^
  File "D:\Projects\Current Projects\NDAS - Project\NDAS\venv\Lib\site-packages\django\template\backends\django.py", line 34, in get_template
    return Template(self.engine.get_template(template_name), self)
                    ~~~~~~~~~~~~~~~~~~~~~~~~^^^^^^^^^^^^^^^
  File "D:\Projects\Current Projects\NDAS - Project\NDAS\venv\Lib\site-packages\django\template\engine.py", line 175, in get_template
    template, origin = self.find_template(template_name)
                       ~~~~~~~~~~~~~~~~~~^^^^^^^^^^^^^^^
  File "D:\Projects\Current Projects\NDAS - Project\NDAS\venv\Lib\site-packages\django\template\engine.py", line 157, in find_template
    template = loader.get_template(name, skip=skip)
  File "D:\Projects\Current Projects\NDAS - Project\NDAS\venv\Lib\site-packages\django\template\loaders\cached.py", line 57, in get_template
    template = super().get_template(template_name, skip)
  File "D:\Projects\Current Projects\NDAS - Project\NDAS\venv\Lib\site-packages\django\template\loaders\base.py", line 28, in get_template
    return Template(
        contents,
    ...<2 lines>...
        self.engine,
    )
  File "D:\Projects\Current Projects\NDAS - Project\NDAS\venv\Lib\site-packages\django\template\base.py", line 154, in __init__
    self.nodelist = self.compile_nodelist()
                    ~~~~~~~~~~~~~~~~~~~~~^^
  File "D:\Projects\Current Projects\NDAS - Project\NDAS\venv\Lib\site-packages\django\template\base.py", line 200, in compile_nodelist
    return parser.parse()
           ~~~~~~~~~~~~^^
  File "D:\Projects\Current Projects\NDAS - Project\NDAS\venv\Lib\site-packages\django\template\base.py", line 513, in parse
    raise self.error(token, e)
  File "D:\Projects\Current Projects\NDAS - Project\NDAS\venv\Lib\site-packages\django\template\base.py", line 511, in parse
    compiled_result = compile_func(self, token)
  File "D:\Projects\Current Projects\NDAS - Project\NDAS\venv\Lib\site-packages\django\template\loader_tags.py", line 293, in do_extends
    nodelist = parser.parse()
  File "D:\Projects\Current Projects\NDAS - Project\NDAS\venv\Lib\site-packages\django\template\base.py", line 513, in parse
    raise self.error(token, e)
  File "D:\Projects\Current Projects\NDAS - Project\NDAS\venv\Lib\site-packages\django\template\base.py", line 511, in parse
    compiled_result = compile_func(self, token)
  File "D:\Projects\Current Projects\NDAS - Project\NDAS\venv\Lib\site-packages\django\template\loader_tags.py", line 232, in do_block
    nodelist = parser.parse(("endblock",))
  File "D:\Projects\Current Projects\NDAS - Project\NDAS\venv\Lib\site-packages\django\template\base.py", line 507, in parse
    self.invalid_block_tag(token, command, parse_until)
    ~~~~~~~~~~~~~~~~~~~~~~^^^^^^^^^^^^^^^^^^^^^^^^^^^^^
  File "D:\Projects\Current Projects\NDAS - Project\NDAS\venv\Lib\site-packages\django\template\base.py", line 558, in invalid_block_tag
    raise self.error(
    ...<8 lines>...
    )
django.template.exceptions.TemplateSyntaxError: Invalid block tag on line 450: 'endif', expected 'endblock'. Did you forget to register or load this tag?
ERROR 2025-09-25 13:14:54,188 basehttp 8016 11804 "GET /users/contact-developer/ HTTP/1.1" 500 202479
ERROR 2025-09-25 13:14:55,300 log 8016 11804 Internal Server Error: /users/contact-developer/
Traceback (most recent call last):
  File "D:\Projects\Current Projects\NDAS - Project\NDAS\venv\Lib\site-packages\django\template\base.py", line 505, in parse
    compile_func = self.tags[command]
                   ~~~~~~~~~^^^^^^^^^
KeyError: 'endif'

During handling of the above exception, another exception occurred:

Traceback (most recent call last):
  File "D:\Projects\Current Projects\NDAS - Project\NDAS\venv\Lib\site-packages\django\core\handlers\exception.py", line 55, in inner
    response = get_response(request)
  File "D:\Projects\Current Projects\NDAS - Project\NDAS\venv\Lib\site-packages\django\core\handlers\base.py", line 197, in _get_response
    response = wrapped_callback(request, *callback_args, **callback_kwargs)
  File "D:\Projects\Current Projects\NDAS - Project\NDAS\users\views.py", line 263, in developerContacts
    return render(request, 'users/contact-developer.html', {'logged_user': logged_user, 'developer': developer, 'var': var})
  File "D:\Projects\Current Projects\NDAS - Project\NDAS\venv\Lib\site-packages\django\shortcuts.py", line 24, in render
    content = loader.render_to_string(template_name, context, request, using=using)
  File "D:\Projects\Current Projects\NDAS - Project\NDAS\venv\Lib\site-packages\django\template\loader.py", line 61, in render_to_string
    template = get_template(template_name, using=using)
  File "D:\Projects\Current Projects\NDAS - Project\NDAS\venv\Lib\site-packages\django\template\loader.py", line 15, in get_template
    return engine.get_template(template_name)
           ~~~~~~~~~~~~~~~~~~~^^^^^^^^^^^^^^^
  File "D:\Projects\Current Projects\NDAS - Project\NDAS\venv\Lib\site-packages\django\template\backends\django.py", line 34, in get_template
    return Template(self.engine.get_template(template_name), self)
                    ~~~~~~~~~~~~~~~~~~~~~~~~^^^^^^^^^^^^^^^
  File "D:\Projects\Current Projects\NDAS - Project\NDAS\venv\Lib\site-packages\django\template\engine.py", line 175, in get_template
    template, origin = self.find_template(template_name)
                       ~~~~~~~~~~~~~~~~~~^^^^^^^^^^^^^^^
  File "D:\Projects\Current Projects\NDAS - Project\NDAS\venv\Lib\site-packages\django\template\engine.py", line 157, in find_template
    template = loader.get_template(name, skip=skip)
  File "D:\Projects\Current Projects\NDAS - Project\NDAS\venv\Lib\site-packages\django\template\loaders\cached.py", line 57, in get_template
    template = super().get_template(template_name, skip)
  File "D:\Projects\Current Projects\NDAS - Project\NDAS\venv\Lib\site-packages\django\template\loaders\base.py", line 28, in get_template
    return Template(
        contents,
    ...<2 lines>...
        self.engine,
    )
  File "D:\Projects\Current Projects\NDAS - Project\NDAS\venv\Lib\site-packages\django\template\base.py", line 154, in __init__
    self.nodelist = self.compile_nodelist()
                    ~~~~~~~~~~~~~~~~~~~~~^^
  File "D:\Projects\Current Projects\NDAS - Project\NDAS\venv\Lib\site-packages\django\template\base.py", line 200, in compile_nodelist
    return parser.parse()
           ~~~~~~~~~~~~^^
  File "D:\Projects\Current Projects\NDAS - Project\NDAS\venv\Lib\site-packages\django\template\base.py", line 513, in parse
    raise self.error(token, e)
  File "D:\Projects\Current Projects\NDAS - Project\NDAS\venv\Lib\site-packages\django\template\base.py", line 511, in parse
    compiled_result = compile_func(self, token)
  File "D:\Projects\Current Projects\NDAS - Project\NDAS\venv\Lib\site-packages\django\template\loader_tags.py", line 293, in do_extends
    nodelist = parser.parse()
  File "D:\Projects\Current Projects\NDAS - Project\NDAS\venv\Lib\site-packages\django\template\base.py", line 513, in parse
    raise self.error(token, e)
  File "D:\Projects\Current Projects\NDAS - Project\NDAS\venv\Lib\site-packages\django\template\base.py", line 511, in parse
    compiled_result = compile_func(self, token)
  File "D:\Projects\Current Projects\NDAS - Project\NDAS\venv\Lib\site-packages\django\template\loader_tags.py", line 232, in do_block
    nodelist = parser.parse(("endblock",))
  File "D:\Projects\Current Projects\NDAS - Project\NDAS\venv\Lib\site-packages\django\template\base.py", line 507, in parse
    self.invalid_block_tag(token, command, parse_until)
    ~~~~~~~~~~~~~~~~~~~~~~^^^^^^^^^^^^^^^^^^^^^^^^^^^^^
  File "D:\Projects\Current Projects\NDAS - Project\NDAS\venv\Lib\site-packages\django\template\base.py", line 558, in invalid_block_tag
    raise self.error(
    ...<8 lines>...
    )
django.template.exceptions.TemplateSyntaxError: Invalid block tag on line 450: 'endif', expected 'endblock'. Did you forget to register or load this tag?
ERROR 2025-09-25 13:14:55,316 basehttp 8016 11804 "GET /users/contact-developer/ HTTP/1.1" 500 202479
ERROR 2025-09-25 13:15:21,410 log 8016 12320 Internal Server Error: /users/contact-developer/
Traceback (most recent call last):
  File "D:\Projects\Current Projects\NDAS - Project\NDAS\venv\Lib\site-packages\django\template\base.py", line 505, in parse
    compile_func = self.tags[command]
                   ~~~~~~~~~^^^^^^^^^
KeyError: 'endif'

During handling of the above exception, another exception occurred:

Traceback (most recent call last):
  File "D:\Projects\Current Projects\NDAS - Project\NDAS\venv\Lib\site-packages\django\core\handlers\exception.py", line 55, in inner
    response = get_response(request)
  File "D:\Projects\Current Projects\NDAS - Project\NDAS\venv\Lib\site-packages\django\core\handlers\base.py", line 197, in _get_response
    response = wrapped_callback(request, *callback_args, **callback_kwargs)
  File "D:\Projects\Current Projects\NDAS - Project\NDAS\users\views.py", line 263, in developerContacts
    return render(request, 'users/contact-developer.html', {'logged_user': logged_user, 'developer': developer, 'var': var})
  File "D:\Projects\Current Projects\NDAS - Project\NDAS\venv\Lib\site-packages\django\shortcuts.py", line 24, in render
    content = loader.render_to_string(template_name, context, request, using=using)
  File "D:\Projects\Current Projects\NDAS - Project\NDAS\venv\Lib\site-packages\django\template\loader.py", line 61, in render_to_string
    template = get_template(template_name, using=using)
  File "D:\Projects\Current Projects\NDAS - Project\NDAS\venv\Lib\site-packages\django\template\loader.py", line 15, in get_template
    return engine.get_template(template_name)
           ~~~~~~~~~~~~~~~~~~~^^^^^^^^^^^^^^^
  File "D:\Projects\Current Projects\NDAS - Project\NDAS\venv\Lib\site-packages\django\template\backends\django.py", line 34, in get_template
    return Template(self.engine.get_template(template_name), self)
                    ~~~~~~~~~~~~~~~~~~~~~~~~^^^^^^^^^^^^^^^
  File "D:\Projects\Current Projects\NDAS - Project\NDAS\venv\Lib\site-packages\django\template\engine.py", line 175, in get_template
    template, origin = self.find_template(template_name)
                       ~~~~~~~~~~~~~~~~~~^^^^^^^^^^^^^^^
  File "D:\Projects\Current Projects\NDAS - Project\NDAS\venv\Lib\site-packages\django\template\engine.py", line 157, in find_template
    template = loader.get_template(name, skip=skip)
  File "D:\Projects\Current Projects\NDAS - Project\NDAS\venv\Lib\site-packages\django\template\loaders\cached.py", line 57, in get_template
    template = super().get_template(template_name, skip)
  File "D:\Projects\Current Projects\NDAS - Project\NDAS\venv\Lib\site-packages\django\template\loaders\base.py", line 28, in get_template
    return Template(
        contents,
    ...<2 lines>...
        self.engine,
    )
  File "D:\Projects\Current Projects\NDAS - Project\NDAS\venv\Lib\site-packages\django\template\base.py", line 154, in __init__
    self.nodelist = self.compile_nodelist()
                    ~~~~~~~~~~~~~~~~~~~~~^^
  File "D:\Projects\Current Projects\NDAS - Project\NDAS\venv\Lib\site-packages\django\template\base.py", line 200, in compile_nodelist
    return parser.parse()
           ~~~~~~~~~~~~^^
  File "D:\Projects\Current Projects\NDAS - Project\NDAS\venv\Lib\site-packages\django\template\base.py", line 513, in parse
    raise self.error(token, e)
  File "D:\Projects\Current Projects\NDAS - Project\NDAS\venv\Lib\site-packages\django\template\base.py", line 511, in parse
    compiled_result = compile_func(self, token)
  File "D:\Projects\Current Projects\NDAS - Project\NDAS\venv\Lib\site-packages\django\template\loader_tags.py", line 293, in do_extends
    nodelist = parser.parse()
  File "D:\Projects\Current Projects\NDAS - Project\NDAS\venv\Lib\site-packages\django\template\base.py", line 513, in parse
    raise self.error(token, e)
  File "D:\Projects\Current Projects\NDAS - Project\NDAS\venv\Lib\site-packages\django\template\base.py", line 511, in parse
    compiled_result = compile_func(self, token)
  File "D:\Projects\Current Projects\NDAS - Project\NDAS\venv\Lib\site-packages\django\template\loader_tags.py", line 232, in do_block
    nodelist = parser.parse(("endblock",))
  File "D:\Projects\Current Projects\NDAS - Project\NDAS\venv\Lib\site-packages\django\template\base.py", line 507, in parse
    self.invalid_block_tag(token, command, parse_until)
    ~~~~~~~~~~~~~~~~~~~~~~^^^^^^^^^^^^^^^^^^^^^^^^^^^^^
  File "D:\Projects\Current Projects\NDAS - Project\NDAS\venv\Lib\site-packages\django\template\base.py", line 558, in invalid_block_tag
    raise self.error(
    ...<8 lines>...
    )
django.template.exceptions.TemplateSyntaxError: Invalid block tag on line 450: 'endif', expected 'endblock'. Did you forget to register or load this tag?
ERROR 2025-09-25 13:15:21,421 basehttp 8016 12320 "GET /users/contact-developer/ HTTP/1.1" 500 202479
ERROR 2025-09-25 13:15:30,433 log 8016 864 Internal Server Error: /users/contact-developer/
Traceback (most recent call last):
  File "D:\Projects\Current Projects\NDAS - Project\NDAS\venv\Lib\site-packages\django\template\base.py", line 505, in parse
    compile_func = self.tags[command]
                   ~~~~~~~~~^^^^^^^^^
KeyError: 'endif'

During handling of the above exception, another exception occurred:

Traceback (most recent call last):
  File "D:\Projects\Current Projects\NDAS - Project\NDAS\venv\Lib\site-packages\django\core\handlers\exception.py", line 55, in inner
    response = get_response(request)
  File "D:\Projects\Current Projects\NDAS - Project\NDAS\venv\Lib\site-packages\django\core\handlers\base.py", line 197, in _get_response
    response = wrapped_callback(request, *callback_args, **callback_kwargs)
  File "D:\Projects\Current Projects\NDAS - Project\NDAS\users\views.py", line 263, in developerContacts
    return render(request, 'users/contact-developer.html', {'logged_user': logged_user, 'developer': developer, 'var': var})
  File "D:\Projects\Current Projects\NDAS - Project\NDAS\venv\Lib\site-packages\django\shortcuts.py", line 24, in render
    content = loader.render_to_string(template_name, context, request, using=using)
  File "D:\Projects\Current Projects\NDAS - Project\NDAS\venv\Lib\site-packages\django\template\loader.py", line 61, in render_to_string
    template = get_template(template_name, using=using)
  File "D:\Projects\Current Projects\NDAS - Project\NDAS\venv\Lib\site-packages\django\template\loader.py", line 15, in get_template
    return engine.get_template(template_name)
           ~~~~~~~~~~~~~~~~~~~^^^^^^^^^^^^^^^
  File "D:\Projects\Current Projects\NDAS - Project\NDAS\venv\Lib\site-packages\django\template\backends\django.py", line 34, in get_template
    return Template(self.engine.get_template(template_name), self)
                    ~~~~~~~~~~~~~~~~~~~~~~~~^^^^^^^^^^^^^^^
  File "D:\Projects\Current Projects\NDAS - Project\NDAS\venv\Lib\site-packages\django\template\engine.py", line 175, in get_template
    template, origin = self.find_template(template_name)
                       ~~~~~~~~~~~~~~~~~~^^^^^^^^^^^^^^^
  File "D:\Projects\Current Projects\NDAS - Project\NDAS\venv\Lib\site-packages\django\template\engine.py", line 157, in find_template
    template = loader.get_template(name, skip=skip)
  File "D:\Projects\Current Projects\NDAS - Project\NDAS\venv\Lib\site-packages\django\template\loaders\cached.py", line 57, in get_template
    template = super().get_template(template_name, skip)
  File "D:\Projects\Current Projects\NDAS - Project\NDAS\venv\Lib\site-packages\django\template\loaders\base.py", line 28, in get_template
    return Template(
        contents,
    ...<2 lines>...
        self.engine,
    )
  File "D:\Projects\Current Projects\NDAS - Project\NDAS\venv\Lib\site-packages\django\template\base.py", line 154, in __init__
    self.nodelist = self.compile_nodelist()
                    ~~~~~~~~~~~~~~~~~~~~~^^
  File "D:\Projects\Current Projects\NDAS - Project\NDAS\venv\Lib\site-packages\django\template\base.py", line 200, in compile_nodelist
    return parser.parse()
           ~~~~~~~~~~~~^^
  File "D:\Projects\Current Projects\NDAS - Project\NDAS\venv\Lib\site-packages\django\template\base.py", line 513, in parse
    raise self.error(token, e)
  File "D:\Projects\Current Projects\NDAS - Project\NDAS\venv\Lib\site-packages\django\template\base.py", line 511, in parse
    compiled_result = compile_func(self, token)
  File "D:\Projects\Current Projects\NDAS - Project\NDAS\venv\Lib\site-packages\django\template\loader_tags.py", line 293, in do_extends
    nodelist = parser.parse()
  File "D:\Projects\Current Projects\NDAS - Project\NDAS\venv\Lib\site-packages\django\template\base.py", line 513, in parse
    raise self.error(token, e)
  File "D:\Projects\Current Projects\NDAS - Project\NDAS\venv\Lib\site-packages\django\template\base.py", line 511, in parse
    compiled_result = compile_func(self, token)
  File "D:\Projects\Current Projects\NDAS - Project\NDAS\venv\Lib\site-packages\django\template\loader_tags.py", line 232, in do_block
    nodelist = parser.parse(("endblock",))
  File "D:\Projects\Current Projects\NDAS - Project\NDAS\venv\Lib\site-packages\django\template\base.py", line 507, in parse
    self.invalid_block_tag(token, command, parse_until)
    ~~~~~~~~~~~~~~~~~~~~~~^^^^^^^^^^^^^^^^^^^^^^^^^^^^^
  File "D:\Projects\Current Projects\NDAS - Project\NDAS\venv\Lib\site-packages\django\template\base.py", line 558, in invalid_block_tag
    raise self.error(
    ...<8 lines>...
    )
django.template.exceptions.TemplateSyntaxError: Invalid block tag on line 450: 'endif', expected 'endblock'. Did you forget to register or load this tag?
ERROR 2025-09-25 13:15:30,444 basehttp 8016 864 "GET /users/contact-developer/ HTTP/1.1" 500 202479
ERROR 2025-09-25 13:15:30,648 log 8016 864 Internal Server Error: /users/contact-developer/
Traceback (most recent call last):
  File "D:\Projects\Current Projects\NDAS - Project\NDAS\venv\Lib\site-packages\django\template\base.py", line 505, in parse
    compile_func = self.tags[command]
                   ~~~~~~~~~^^^^^^^^^
KeyError: 'endif'

During handling of the above exception, another exception occurred:

Traceback (most recent call last):
  File "D:\Projects\Current Projects\NDAS - Project\NDAS\venv\Lib\site-packages\django\core\handlers\exception.py", line 55, in inner
    response = get_response(request)
  File "D:\Projects\Current Projects\NDAS - Project\NDAS\venv\Lib\site-packages\django\core\handlers\base.py", line 197, in _get_response
    response = wrapped_callback(request, *callback_args, **callback_kwargs)
  File "D:\Projects\Current Projects\NDAS - Project\NDAS\users\views.py", line 263, in developerContacts
    return render(request, 'users/contact-developer.html', {'logged_user': logged_user, 'developer': developer, 'var': var})
  File "D:\Projects\Current Projects\NDAS - Project\NDAS\venv\Lib\site-packages\django\shortcuts.py", line 24, in render
    content = loader.render_to_string(template_name, context, request, using=using)
  File "D:\Projects\Current Projects\NDAS - Project\NDAS\venv\Lib\site-packages\django\template\loader.py", line 61, in render_to_string
    template = get_template(template_name, using=using)
  File "D:\Projects\Current Projects\NDAS - Project\NDAS\venv\Lib\site-packages\django\template\loader.py", line 15, in get_template
    return engine.get_template(template_name)
           ~~~~~~~~~~~~~~~~~~~^^^^^^^^^^^^^^^
  File "D:\Projects\Current Projects\NDAS - Project\NDAS\venv\Lib\site-packages\django\template\backends\django.py", line 34, in get_template
    return Template(self.engine.get_template(template_name), self)
                    ~~~~~~~~~~~~~~~~~~~~~~~~^^^^^^^^^^^^^^^
  File "D:\Projects\Current Projects\NDAS - Project\NDAS\venv\Lib\site-packages\django\template\engine.py", line 175, in get_template
    template, origin = self.find_template(template_name)
                       ~~~~~~~~~~~~~~~~~~^^^^^^^^^^^^^^^
  File "D:\Projects\Current Projects\NDAS - Project\NDAS\venv\Lib\site-packages\django\template\engine.py", line 157, in find_template
    template = loader.get_template(name, skip=skip)
  File "D:\Projects\Current Projects\NDAS - Project\NDAS\venv\Lib\site-packages\django\template\loaders\cached.py", line 57, in get_template
    template = super().get_template(template_name, skip)
  File "D:\Projects\Current Projects\NDAS - Project\NDAS\venv\Lib\site-packages\django\template\loaders\base.py", line 28, in get_template
    return Template(
        contents,
    ...<2 lines>...
        self.engine,
    )
  File "D:\Projects\Current Projects\NDAS - Project\NDAS\venv\Lib\site-packages\django\template\base.py", line 154, in __init__
    self.nodelist = self.compile_nodelist()
                    ~~~~~~~~~~~~~~~~~~~~~^^
  File "D:\Projects\Current Projects\NDAS - Project\NDAS\venv\Lib\site-packages\django\template\base.py", line 200, in compile_nodelist
    return parser.parse()
           ~~~~~~~~~~~~^^
  File "D:\Projects\Current Projects\NDAS - Project\NDAS\venv\Lib\site-packages\django\template\base.py", line 513, in parse
    raise self.error(token, e)
  File "D:\Projects\Current Projects\NDAS - Project\NDAS\venv\Lib\site-packages\django\template\base.py", line 511, in parse
    compiled_result = compile_func(self, token)
  File "D:\Projects\Current Projects\NDAS - Project\NDAS\venv\Lib\site-packages\django\template\loader_tags.py", line 293, in do_extends
    nodelist = parser.parse()
  File "D:\Projects\Current Projects\NDAS - Project\NDAS\venv\Lib\site-packages\django\template\base.py", line 513, in parse
    raise self.error(token, e)
  File "D:\Projects\Current Projects\NDAS - Project\NDAS\venv\Lib\site-packages\django\template\base.py", line 511, in parse
    compiled_result = compile_func(self, token)
  File "D:\Projects\Current Projects\NDAS - Project\NDAS\venv\Lib\site-packages\django\template\loader_tags.py", line 232, in do_block
    nodelist = parser.parse(("endblock",))
  File "D:\Projects\Current Projects\NDAS - Project\NDAS\venv\Lib\site-packages\django\template\base.py", line 507, in parse
    self.invalid_block_tag(token, command, parse_until)
    ~~~~~~~~~~~~~~~~~~~~~~^^^^^^^^^^^^^^^^^^^^^^^^^^^^^
  File "D:\Projects\Current Projects\NDAS - Project\NDAS\venv\Lib\site-packages\django\template\base.py", line 558, in invalid_block_tag
    raise self.error(
    ...<8 lines>...
    )
django.template.exceptions.TemplateSyntaxError: Invalid block tag on line 450: 'endif', expected 'endblock'. Did you forget to register or load this tag?
ERROR 2025-09-25 13:15:30,659 basehttp 8016 864 "GET /users/contact-developer/ HTTP/1.1" 500 202479
ERROR 2025-09-25 13:15:30,867 log 8016 864 Internal Server Error: /users/contact-developer/
Traceback (most recent call last):
  File "D:\Projects\Current Projects\NDAS - Project\NDAS\venv\Lib\site-packages\django\template\base.py", line 505, in parse
    compile_func = self.tags[command]
                   ~~~~~~~~~^^^^^^^^^
KeyError: 'endif'

During handling of the above exception, another exception occurred:

Traceback (most recent call last):
  File "D:\Projects\Current Projects\NDAS - Project\NDAS\venv\Lib\site-packages\django\core\handlers\exception.py", line 55, in inner
    response = get_response(request)
  File "D:\Projects\Current Projects\NDAS - Project\NDAS\venv\Lib\site-packages\django\core\handlers\base.py", line 197, in _get_response
    response = wrapped_callback(request, *callback_args, **callback_kwargs)
  File "D:\Projects\Current Projects\NDAS - Project\NDAS\users\views.py", line 263, in developerContacts
    return render(request, 'users/contact-developer.html', {'logged_user': logged_user, 'developer': developer, 'var': var})
  File "D:\Projects\Current Projects\NDAS - Project\NDAS\venv\Lib\site-packages\django\shortcuts.py", line 24, in render
    content = loader.render_to_string(template_name, context, request, using=using)
  File "D:\Projects\Current Projects\NDAS - Project\NDAS\venv\Lib\site-packages\django\template\loader.py", line 61, in render_to_string
    template = get_template(template_name, using=using)
  File "D:\Projects\Current Projects\NDAS - Project\NDAS\venv\Lib\site-packages\django\template\loader.py", line 15, in get_template
    return engine.get_template(template_name)
           ~~~~~~~~~~~~~~~~~~~^^^^^^^^^^^^^^^
  File "D:\Projects\Current Projects\NDAS - Project\NDAS\venv\Lib\site-packages\django\template\backends\django.py", line 34, in get_template
    return Template(self.engine.get_template(template_name), self)
                    ~~~~~~~~~~~~~~~~~~~~~~~~^^^^^^^^^^^^^^^
  File "D:\Projects\Current Projects\NDAS - Project\NDAS\venv\Lib\site-packages\django\template\engine.py", line 175, in get_template
    template, origin = self.find_template(template_name)
                       ~~~~~~~~~~~~~~~~~~^^^^^^^^^^^^^^^
  File "D:\Projects\Current Projects\NDAS - Project\NDAS\venv\Lib\site-packages\django\template\engine.py", line 157, in find_template
    template = loader.get_template(name, skip=skip)
  File "D:\Projects\Current Projects\NDAS - Project\NDAS\venv\Lib\site-packages\django\template\loaders\cached.py", line 57, in get_template
    template = super().get_template(template_name, skip)
  File "D:\Projects\Current Projects\NDAS - Project\NDAS\venv\Lib\site-packages\django\template\loaders\base.py", line 28, in get_template
    return Template(
        contents,
    ...<2 lines>...
        self.engine,
    )
  File "D:\Projects\Current Projects\NDAS - Project\NDAS\venv\Lib\site-packages\django\template\base.py", line 154, in __init__
    self.nodelist = self.compile_nodelist()
                    ~~~~~~~~~~~~~~~~~~~~~^^
  File "D:\Projects\Current Projects\NDAS - Project\NDAS\venv\Lib\site-packages\django\template\base.py", line 200, in compile_nodelist
    return parser.parse()
           ~~~~~~~~~~~~^^
  File "D:\Projects\Current Projects\NDAS - Project\NDAS\venv\Lib\site-packages\django\template\base.py", line 513, in parse
    raise self.error(token, e)
  File "D:\Projects\Current Projects\NDAS - Project\NDAS\venv\Lib\site-packages\django\template\base.py", line 511, in parse
    compiled_result = compile_func(self, token)
  File "D:\Projects\Current Projects\NDAS - Project\NDAS\venv\Lib\site-packages\django\template\loader_tags.py", line 293, in do_extends
    nodelist = parser.parse()
  File "D:\Projects\Current Projects\NDAS - Project\NDAS\venv\Lib\site-packages\django\template\base.py", line 513, in parse
    raise self.error(token, e)
  File "D:\Projects\Current Projects\NDAS - Project\NDAS\venv\Lib\site-packages\django\template\base.py", line 511, in parse
    compiled_result = compile_func(self, token)
  File "D:\Projects\Current Projects\NDAS - Project\NDAS\venv\Lib\site-packages\django\template\loader_tags.py", line 232, in do_block
    nodelist = parser.parse(("endblock",))
  File "D:\Projects\Current Projects\NDAS - Project\NDAS\venv\Lib\site-packages\django\template\base.py", line 507, in parse
    self.invalid_block_tag(token, command, parse_until)
    ~~~~~~~~~~~~~~~~~~~~~~^^^^^^^^^^^^^^^^^^^^^^^^^^^^^
  File "D:\Projects\Current Projects\NDAS - Project\NDAS\venv\Lib\site-packages\django\template\base.py", line 558, in invalid_block_tag
    raise self.error(
    ...<8 lines>...
    )
django.template.exceptions.TemplateSyntaxError: Invalid block tag on line 450: 'endif', expected 'endblock'. Did you forget to register or load this tag?
ERROR 2025-09-25 13:15:30,877 basehttp 8016 864 "GET /users/contact-developer/ HTTP/1.1" 500 202479
ERROR 2025-09-25 13:17:14,419 log 8016 5344 Internal Server Error: /users/contact-developer/
Traceback (most recent call last):
  File "D:\Projects\Current Projects\NDAS - Project\NDAS\venv\Lib\site-packages\django\template\base.py", line 505, in parse
    compile_func = self.tags[command]
                   ~~~~~~~~~^^^^^^^^^
KeyError: 'endif'

During handling of the above exception, another exception occurred:

Traceback (most recent call last):
  File "D:\Projects\Current Projects\NDAS - Project\NDAS\venv\Lib\site-packages\django\core\handlers\exception.py", line 55, in inner
    response = get_response(request)
  File "D:\Projects\Current Projects\NDAS - Project\NDAS\venv\Lib\site-packages\django\core\handlers\base.py", line 197, in _get_response
    response = wrapped_callback(request, *callback_args, **callback_kwargs)
  File "D:\Projects\Current Projects\NDAS - Project\NDAS\users\views.py", line 263, in developerContacts
    return render(request, 'users/contact-developer.html', {'logged_user': logged_user, 'developer': developer, 'var': var})
  File "D:\Projects\Current Projects\NDAS - Project\NDAS\venv\Lib\site-packages\django\shortcuts.py", line 24, in render
    content = loader.render_to_string(template_name, context, request, using=using)
  File "D:\Projects\Current Projects\NDAS - Project\NDAS\venv\Lib\site-packages\django\template\loader.py", line 61, in render_to_string
    template = get_template(template_name, using=using)
  File "D:\Projects\Current Projects\NDAS - Project\NDAS\venv\Lib\site-packages\django\template\loader.py", line 15, in get_template
    return engine.get_template(template_name)
           ~~~~~~~~~~~~~~~~~~~^^^^^^^^^^^^^^^
  File "D:\Projects\Current Projects\NDAS - Project\NDAS\venv\Lib\site-packages\django\template\backends\django.py", line 34, in get_template
    return Template(self.engine.get_template(template_name), self)
                    ~~~~~~~~~~~~~~~~~~~~~~~~^^^^^^^^^^^^^^^
  File "D:\Projects\Current Projects\NDAS - Project\NDAS\venv\Lib\site-packages\django\template\engine.py", line 175, in get_template
    template, origin = self.find_template(template_name)
                       ~~~~~~~~~~~~~~~~~~^^^^^^^^^^^^^^^
  File "D:\Projects\Current Projects\NDAS - Project\NDAS\venv\Lib\site-packages\django\template\engine.py", line 157, in find_template
    template = loader.get_template(name, skip=skip)
  File "D:\Projects\Current Projects\NDAS - Project\NDAS\venv\Lib\site-packages\django\template\loaders\cached.py", line 57, in get_template
    template = super().get_template(template_name, skip)
  File "D:\Projects\Current Projects\NDAS - Project\NDAS\venv\Lib\site-packages\django\template\loaders\base.py", line 28, in get_template
    return Template(
        contents,
    ...<2 lines>...
        self.engine,
    )
  File "D:\Projects\Current Projects\NDAS - Project\NDAS\venv\Lib\site-packages\django\template\base.py", line 154, in __init__
    self.nodelist = self.compile_nodelist()
                    ~~~~~~~~~~~~~~~~~~~~~^^
  File "D:\Projects\Current Projects\NDAS - Project\NDAS\venv\Lib\site-packages\django\template\base.py", line 200, in compile_nodelist
    return parser.parse()
           ~~~~~~~~~~~~^^
  File "D:\Projects\Current Projects\NDAS - Project\NDAS\venv\Lib\site-packages\django\template\base.py", line 513, in parse
    raise self.error(token, e)
  File "D:\Projects\Current Projects\NDAS - Project\NDAS\venv\Lib\site-packages\django\template\base.py", line 511, in parse
    compiled_result = compile_func(self, token)
  File "D:\Projects\Current Projects\NDAS - Project\NDAS\venv\Lib\site-packages\django\template\loader_tags.py", line 293, in do_extends
    nodelist = parser.parse()
  File "D:\Projects\Current Projects\NDAS - Project\NDAS\venv\Lib\site-packages\django\template\base.py", line 513, in parse
    raise self.error(token, e)
  File "D:\Projects\Current Projects\NDAS - Project\NDAS\venv\Lib\site-packages\django\template\base.py", line 511, in parse
    compiled_result = compile_func(self, token)
  File "D:\Projects\Current Projects\NDAS - Project\NDAS\venv\Lib\site-packages\django\template\loader_tags.py", line 232, in do_block
    nodelist = parser.parse(("endblock",))
  File "D:\Projects\Current Projects\NDAS - Project\NDAS\venv\Lib\site-packages\django\template\base.py", line 507, in parse
    self.invalid_block_tag(token, command, parse_until)
    ~~~~~~~~~~~~~~~~~~~~~~^^^^^^^^^^^^^^^^^^^^^^^^^^^^^
  File "D:\Projects\Current Projects\NDAS - Project\NDAS\venv\Lib\site-packages\django\template\base.py", line 558, in invalid_block_tag
    raise self.error(
    ...<8 lines>...
    )
django.template.exceptions.TemplateSyntaxError: Invalid block tag on line 450: 'endif', expected 'endblock'. Did you forget to register or load this tag?
ERROR 2025-09-25 13:17:14,436 basehttp 8016 5344 "GET /users/contact-developer/ HTTP/1.1" 500 202479
ERROR 2025-09-25 13:17:16,141 log 8016 5344 Internal Server Error: /users/contact-developer/
Traceback (most recent call last):
  File "D:\Projects\Current Projects\NDAS - Project\NDAS\venv\Lib\site-packages\django\template\base.py", line 505, in parse
    compile_func = self.tags[command]
                   ~~~~~~~~~^^^^^^^^^
KeyError: 'endif'

During handling of the above exception, another exception occurred:

Traceback (most recent call last):
  File "D:\Projects\Current Projects\NDAS - Project\NDAS\venv\Lib\site-packages\django\core\handlers\exception.py", line 55, in inner
    response = get_response(request)
  File "D:\Projects\Current Projects\NDAS - Project\NDAS\venv\Lib\site-packages\django\core\handlers\base.py", line 197, in _get_response
    response = wrapped_callback(request, *callback_args, **callback_kwargs)
  File "D:\Projects\Current Projects\NDAS - Project\NDAS\users\views.py", line 263, in developerContacts
    return render(request, 'users/contact-developer.html', {'logged_user': logged_user, 'developer': developer, 'var': var})
  File "D:\Projects\Current Projects\NDAS - Project\NDAS\venv\Lib\site-packages\django\shortcuts.py", line 24, in render
    content = loader.render_to_string(template_name, context, request, using=using)
  File "D:\Projects\Current Projects\NDAS - Project\NDAS\venv\Lib\site-packages\django\template\loader.py", line 61, in render_to_string
    template = get_template(template_name, using=using)
  File "D:\Projects\Current Projects\NDAS - Project\NDAS\venv\Lib\site-packages\django\template\loader.py", line 15, in get_template
    return engine.get_template(template_name)
           ~~~~~~~~~~~~~~~~~~~^^^^^^^^^^^^^^^
  File "D:\Projects\Current Projects\NDAS - Project\NDAS\venv\Lib\site-packages\django\template\backends\django.py", line 34, in get_template
    return Template(self.engine.get_template(template_name), self)
                    ~~~~~~~~~~~~~~~~~~~~~~~~^^^^^^^^^^^^^^^
  File "D:\Projects\Current Projects\NDAS - Project\NDAS\venv\Lib\site-packages\django\template\engine.py", line 175, in get_template
    template, origin = self.find_template(template_name)
                       ~~~~~~~~~~~~~~~~~~^^^^^^^^^^^^^^^
  File "D:\Projects\Current Projects\NDAS - Project\NDAS\venv\Lib\site-packages\django\template\engine.py", line 157, in find_template
    template = loader.get_template(name, skip=skip)
  File "D:\Projects\Current Projects\NDAS - Project\NDAS\venv\Lib\site-packages\django\template\loaders\cached.py", line 57, in get_template
    template = super().get_template(template_name, skip)
  File "D:\Projects\Current Projects\NDAS - Project\NDAS\venv\Lib\site-packages\django\template\loaders\base.py", line 28, in get_template
    return Template(
        contents,
    ...<2 lines>...
        self.engine,
    )
  File "D:\Projects\Current Projects\NDAS - Project\NDAS\venv\Lib\site-packages\django\template\base.py", line 154, in __init__
    self.nodelist = self.compile_nodelist()
                    ~~~~~~~~~~~~~~~~~~~~~^^
  File "D:\Projects\Current Projects\NDAS - Project\NDAS\venv\Lib\site-packages\django\template\base.py", line 200, in compile_nodelist
    return parser.parse()
           ~~~~~~~~~~~~^^
  File "D:\Projects\Current Projects\NDAS - Project\NDAS\venv\Lib\site-packages\django\template\base.py", line 513, in parse
    raise self.error(token, e)
  File "D:\Projects\Current Projects\NDAS - Project\NDAS\venv\Lib\site-packages\django\template\base.py", line 511, in parse
    compiled_result = compile_func(self, token)
  File "D:\Projects\Current Projects\NDAS - Project\NDAS\venv\Lib\site-packages\django\template\loader_tags.py", line 293, in do_extends
    nodelist = parser.parse()
  File "D:\Projects\Current Projects\NDAS - Project\NDAS\venv\Lib\site-packages\django\template\base.py", line 513, in parse
    raise self.error(token, e)
  File "D:\Projects\Current Projects\NDAS - Project\NDAS\venv\Lib\site-packages\django\template\base.py", line 511, in parse
    compiled_result = compile_func(self, token)
  File "D:\Projects\Current Projects\NDAS - Project\NDAS\venv\Lib\site-packages\django\template\loader_tags.py", line 232, in do_block
    nodelist = parser.parse(("endblock",))
  File "D:\Projects\Current Projects\NDAS - Project\NDAS\venv\Lib\site-packages\django\template\base.py", line 507, in parse
    self.invalid_block_tag(token, command, parse_until)
    ~~~~~~~~~~~~~~~~~~~~~~^^^^^^^^^^^^^^^^^^^^^^^^^^^^^
  File "D:\Projects\Current Projects\NDAS - Project\NDAS\venv\Lib\site-packages\django\template\base.py", line 558, in invalid_block_tag
    raise self.error(
    ...<8 lines>...
    )
django.template.exceptions.TemplateSyntaxError: Invalid block tag on line 450: 'endif', expected 'endblock'. Did you forget to register or load this tag?
ERROR 2025-09-25 13:17:16,154 basehttp 8016 5344 "GET /users/contact-developer/ HTTP/1.1" 500 202479
ERROR 2025-09-25 13:17:47,453 log 8016 18272 Internal Server Error: /users/contact-developer/
Traceback (most recent call last):
  File "D:\Projects\Current Projects\NDAS - Project\NDAS\venv\Lib\site-packages\django\template\base.py", line 505, in parse
    compile_func = self.tags[command]
                   ~~~~~~~~~^^^^^^^^^
KeyError: 'endif'

During handling of the above exception, another exception occurred:

Traceback (most recent call last):
  File "D:\Projects\Current Projects\NDAS - Project\NDAS\venv\Lib\site-packages\django\core\handlers\exception.py", line 55, in inner
    response = get_response(request)
  File "D:\Projects\Current Projects\NDAS - Project\NDAS\venv\Lib\site-packages\django\core\handlers\base.py", line 197, in _get_response
    response = wrapped_callback(request, *callback_args, **callback_kwargs)
  File "D:\Projects\Current Projects\NDAS - Project\NDAS\users\views.py", line 263, in developerContacts
    return render(request, 'users/contact-developer.html', {'logged_user': logged_user, 'developer': developer, 'var': var})
  File "D:\Projects\Current Projects\NDAS - Project\NDAS\venv\Lib\site-packages\django\shortcuts.py", line 24, in render
    content = loader.render_to_string(template_name, context, request, using=using)
  File "D:\Projects\Current Projects\NDAS - Project\NDAS\venv\Lib\site-packages\django\template\loader.py", line 61, in render_to_string
    template = get_template(template_name, using=using)
  File "D:\Projects\Current Projects\NDAS - Project\NDAS\venv\Lib\site-packages\django\template\loader.py", line 15, in get_template
    return engine.get_template(template_name)
           ~~~~~~~~~~~~~~~~~~~^^^^^^^^^^^^^^^
  File "D:\Projects\Current Projects\NDAS - Project\NDAS\venv\Lib\site-packages\django\template\backends\django.py", line 34, in get_template
    return Template(self.engine.get_template(template_name), self)
                    ~~~~~~~~~~~~~~~~~~~~~~~~^^^^^^^^^^^^^^^
  File "D:\Projects\Current Projects\NDAS - Project\NDAS\venv\Lib\site-packages\django\template\engine.py", line 175, in get_template
    template, origin = self.find_template(template_name)
                       ~~~~~~~~~~~~~~~~~~^^^^^^^^^^^^^^^
  File "D:\Projects\Current Projects\NDAS - Project\NDAS\venv\Lib\site-packages\django\template\engine.py", line 157, in find_template
    template = loader.get_template(name, skip=skip)
  File "D:\Projects\Current Projects\NDAS - Project\NDAS\venv\Lib\site-packages\django\template\loaders\cached.py", line 57, in get_template
    template = super().get_template(template_name, skip)
  File "D:\Projects\Current Projects\NDAS - Project\NDAS\venv\Lib\site-packages\django\template\loaders\base.py", line 28, in get_template
    return Template(
        contents,
    ...<2 lines>...
        self.engine,
    )
  File "D:\Projects\Current Projects\NDAS - Project\NDAS\venv\Lib\site-packages\django\template\base.py", line 154, in __init__
    self.nodelist = self.compile_nodelist()
                    ~~~~~~~~~~~~~~~~~~~~~^^
  File "D:\Projects\Current Projects\NDAS - Project\NDAS\venv\Lib\site-packages\django\template\base.py", line 200, in compile_nodelist
    return parser.parse()
           ~~~~~~~~~~~~^^
  File "D:\Projects\Current Projects\NDAS - Project\NDAS\venv\Lib\site-packages\django\template\base.py", line 513, in parse
    raise self.error(token, e)
  File "D:\Projects\Current Projects\NDAS - Project\NDAS\venv\Lib\site-packages\django\template\base.py", line 511, in parse
    compiled_result = compile_func(self, token)
  File "D:\Projects\Current Projects\NDAS - Project\NDAS\venv\Lib\site-packages\django\template\loader_tags.py", line 293, in do_extends
    nodelist = parser.parse()
  File "D:\Projects\Current Projects\NDAS - Project\NDAS\venv\Lib\site-packages\django\template\base.py", line 513, in parse
    raise self.error(token, e)
  File "D:\Projects\Current Projects\NDAS - Project\NDAS\venv\Lib\site-packages\django\template\base.py", line 511, in parse
    compiled_result = compile_func(self, token)
  File "D:\Projects\Current Projects\NDAS - Project\NDAS\venv\Lib\site-packages\django\template\loader_tags.py", line 232, in do_block
    nodelist = parser.parse(("endblock",))
  File "D:\Projects\Current Projects\NDAS - Project\NDAS\venv\Lib\site-packages\django\template\base.py", line 507, in parse
    self.invalid_block_tag(token, command, parse_until)
    ~~~~~~~~~~~~~~~~~~~~~~^^^^^^^^^^^^^^^^^^^^^^^^^^^^^
  File "D:\Projects\Current Projects\NDAS - Project\NDAS\venv\Lib\site-packages\django\template\base.py", line 558, in invalid_block_tag
    raise self.error(
    ...<8 lines>...
    )
django.template.exceptions.TemplateSyntaxError: Invalid block tag on line 450: 'endif', expected 'endblock'. Did you forget to register or load this tag?
ERROR 2025-09-25 13:17:47,466 basehttp 8016 18272 "GET /users/contact-developer/ HTTP/1.1" 500 202479
ERROR 2025-09-25 13:17:48,480 log 8016 18272 Internal Server Error: /users/contact-developer/
Traceback (most recent call last):
  File "D:\Projects\Current Projects\NDAS - Project\NDAS\venv\Lib\site-packages\django\template\base.py", line 505, in parse
    compile_func = self.tags[command]
                   ~~~~~~~~~^^^^^^^^^
KeyError: 'endif'

During handling of the above exception, another exception occurred:

Traceback (most recent call last):
  File "D:\Projects\Current Projects\NDAS - Project\NDAS\venv\Lib\site-packages\django\core\handlers\exception.py", line 55, in inner
    response = get_response(request)
  File "D:\Projects\Current Projects\NDAS - Project\NDAS\venv\Lib\site-packages\django\core\handlers\base.py", line 197, in _get_response
    response = wrapped_callback(request, *callback_args, **callback_kwargs)
  File "D:\Projects\Current Projects\NDAS - Project\NDAS\users\views.py", line 263, in developerContacts
    return render(request, 'users/contact-developer.html', {'logged_user': logged_user, 'developer': developer, 'var': var})
  File "D:\Projects\Current Projects\NDAS - Project\NDAS\venv\Lib\site-packages\django\shortcuts.py", line 24, in render
    content = loader.render_to_string(template_name, context, request, using=using)
  File "D:\Projects\Current Projects\NDAS - Project\NDAS\venv\Lib\site-packages\django\template\loader.py", line 61, in render_to_string
    template = get_template(template_name, using=using)
  File "D:\Projects\Current Projects\NDAS - Project\NDAS\venv\Lib\site-packages\django\template\loader.py", line 15, in get_template
    return engine.get_template(template_name)
           ~~~~~~~~~~~~~~~~~~~^^^^^^^^^^^^^^^
  File "D:\Projects\Current Projects\NDAS - Project\NDAS\venv\Lib\site-packages\django\template\backends\django.py", line 34, in get_template
    return Template(self.engine.get_template(template_name), self)
                    ~~~~~~~~~~~~~~~~~~~~~~~~^^^^^^^^^^^^^^^
  File "D:\Projects\Current Projects\NDAS - Project\NDAS\venv\Lib\site-packages\django\template\engine.py", line 175, in get_template
    template, origin = self.find_template(template_name)
                       ~~~~~~~~~~~~~~~~~~^^^^^^^^^^^^^^^
  File "D:\Projects\Current Projects\NDAS - Project\NDAS\venv\Lib\site-packages\django\template\engine.py", line 157, in find_template
    template = loader.get_template(name, skip=skip)
  File "D:\Projects\Current Projects\NDAS - Project\NDAS\venv\Lib\site-packages\django\template\loaders\cached.py", line 57, in get_template
    template = super().get_template(template_name, skip)
  File "D:\Projects\Current Projects\NDAS - Project\NDAS\venv\Lib\site-packages\django\template\loaders\base.py", line 28, in get_template
    return Template(
        contents,
    ...<2 lines>...
        self.engine,
    )
  File "D:\Projects\Current Projects\NDAS - Project\NDAS\venv\Lib\site-packages\django\template\base.py", line 154, in __init__
    self.nodelist = self.compile_nodelist()
                    ~~~~~~~~~~~~~~~~~~~~~^^
  File "D:\Projects\Current Projects\NDAS - Project\NDAS\venv\Lib\site-packages\django\template\base.py", line 200, in compile_nodelist
    return parser.parse()
           ~~~~~~~~~~~~^^
  File "D:\Projects\Current Projects\NDAS - Project\NDAS\venv\Lib\site-packages\django\template\base.py", line 513, in parse
    raise self.error(token, e)
  File "D:\Projects\Current Projects\NDAS - Project\NDAS\venv\Lib\site-packages\django\template\base.py", line 511, in parse
    compiled_result = compile_func(self, token)
  File "D:\Projects\Current Projects\NDAS - Project\NDAS\venv\Lib\site-packages\django\template\loader_tags.py", line 293, in do_extends
    nodelist = parser.parse()
  File "D:\Projects\Current Projects\NDAS - Project\NDAS\venv\Lib\site-packages\django\template\base.py", line 513, in parse
    raise self.error(token, e)
  File "D:\Projects\Current Projects\NDAS - Project\NDAS\venv\Lib\site-packages\django\template\base.py", line 511, in parse
    compiled_result = compile_func(self, token)
  File "D:\Projects\Current Projects\NDAS - Project\NDAS\venv\Lib\site-packages\django\template\loader_tags.py", line 232, in do_block
    nodelist = parser.parse(("endblock",))
  File "D:\Projects\Current Projects\NDAS - Project\NDAS\venv\Lib\site-packages\django\template\base.py", line 507, in parse
    self.invalid_block_tag(token, command, parse_until)
    ~~~~~~~~~~~~~~~~~~~~~~^^^^^^^^^^^^^^^^^^^^^^^^^^^^^
  File "D:\Projects\Current Projects\NDAS - Project\NDAS\venv\Lib\site-packages\django\template\base.py", line 558, in invalid_block_tag
    raise self.error(
    ...<8 lines>...
    )
django.template.exceptions.TemplateSyntaxError: Invalid block tag on line 450: 'endif', expected 'endblock'. Did you forget to register or load this tag?
ERROR 2025-09-25 13:17:48,495 basehttp 8016 18272 "GET /users/contact-developer/ HTTP/1.1" 500 202479
ERROR 2025-09-25 13:17:49,144 log 8016 18272 Internal Server Error: /users/contact-developer/
Traceback (most recent call last):
  File "D:\Projects\Current Projects\NDAS - Project\NDAS\venv\Lib\site-packages\django\template\base.py", line 505, in parse
    compile_func = self.tags[command]
                   ~~~~~~~~~^^^^^^^^^
KeyError: 'endif'

During handling of the above exception, another exception occurred:

Traceback (most recent call last):
  File "D:\Projects\Current Projects\NDAS - Project\NDAS\venv\Lib\site-packages\django\core\handlers\exception.py", line 55, in inner
    response = get_response(request)
  File "D:\Projects\Current Projects\NDAS - Project\NDAS\venv\Lib\site-packages\django\core\handlers\base.py", line 197, in _get_response
    response = wrapped_callback(request, *callback_args, **callback_kwargs)
  File "D:\Projects\Current Projects\NDAS - Project\NDAS\users\views.py", line 263, in developerContacts
    return render(request, 'users/contact-developer.html', {'logged_user': logged_user, 'developer': developer, 'var': var})
  File "D:\Projects\Current Projects\NDAS - Project\NDAS\venv\Lib\site-packages\django\shortcuts.py", line 24, in render
    content = loader.render_to_string(template_name, context, request, using=using)
  File "D:\Projects\Current Projects\NDAS - Project\NDAS\venv\Lib\site-packages\django\template\loader.py", line 61, in render_to_string
    template = get_template(template_name, using=using)
  File "D:\Projects\Current Projects\NDAS - Project\NDAS\venv\Lib\site-packages\django\template\loader.py", line 15, in get_template
    return engine.get_template(template_name)
           ~~~~~~~~~~~~~~~~~~~^^^^^^^^^^^^^^^
  File "D:\Projects\Current Projects\NDAS - Project\NDAS\venv\Lib\site-packages\django\template\backends\django.py", line 34, in get_template
    return Template(self.engine.get_template(template_name), self)
                    ~~~~~~~~~~~~~~~~~~~~~~~~^^^^^^^^^^^^^^^
  File "D:\Projects\Current Projects\NDAS - Project\NDAS\venv\Lib\site-packages\django\template\engine.py", line 175, in get_template
    template, origin = self.find_template(template_name)
                       ~~~~~~~~~~~~~~~~~~^^^^^^^^^^^^^^^
  File "D:\Projects\Current Projects\NDAS - Project\NDAS\venv\Lib\site-packages\django\template\engine.py", line 157, in find_template
    template = loader.get_template(name, skip=skip)
  File "D:\Projects\Current Projects\NDAS - Project\NDAS\venv\Lib\site-packages\django\template\loaders\cached.py", line 57, in get_template
    template = super().get_template(template_name, skip)
  File "D:\Projects\Current Projects\NDAS - Project\NDAS\venv\Lib\site-packages\django\template\loaders\base.py", line 28, in get_template
    return Template(
        contents,
    ...<2 lines>...
        self.engine,
    )
  File "D:\Projects\Current Projects\NDAS - Project\NDAS\venv\Lib\site-packages\django\template\base.py", line 154, in __init__
    self.nodelist = self.compile_nodelist()
                    ~~~~~~~~~~~~~~~~~~~~~^^
  File "D:\Projects\Current Projects\NDAS - Project\NDAS\venv\Lib\site-packages\django\template\base.py", line 200, in compile_nodelist
    return parser.parse()
           ~~~~~~~~~~~~^^
  File "D:\Projects\Current Projects\NDAS - Project\NDAS\venv\Lib\site-packages\django\template\base.py", line 513, in parse
    raise self.error(token, e)
  File "D:\Projects\Current Projects\NDAS - Project\NDAS\venv\Lib\site-packages\django\template\base.py", line 511, in parse
    compiled_result = compile_func(self, token)
  File "D:\Projects\Current Projects\NDAS - Project\NDAS\venv\Lib\site-packages\django\template\loader_tags.py", line 293, in do_extends
    nodelist = parser.parse()
  File "D:\Projects\Current Projects\NDAS - Project\NDAS\venv\Lib\site-packages\django\template\base.py", line 513, in parse
    raise self.error(token, e)
  File "D:\Projects\Current Projects\NDAS - Project\NDAS\venv\Lib\site-packages\django\template\base.py", line 511, in parse
    compiled_result = compile_func(self, token)
  File "D:\Projects\Current Projects\NDAS - Project\NDAS\venv\Lib\site-packages\django\template\loader_tags.py", line 232, in do_block
    nodelist = parser.parse(("endblock",))
  File "D:\Projects\Current Projects\NDAS - Project\NDAS\venv\Lib\site-packages\django\template\base.py", line 507, in parse
    self.invalid_block_tag(token, command, parse_until)
    ~~~~~~~~~~~~~~~~~~~~~~^^^^^^^^^^^^^^^^^^^^^^^^^^^^^
  File "D:\Projects\Current Projects\NDAS - Project\NDAS\venv\Lib\site-packages\django\template\base.py", line 558, in invalid_block_tag
    raise self.error(
    ...<8 lines>...
    )
django.template.exceptions.TemplateSyntaxError: Invalid block tag on line 450: 'endif', expected 'endblock'. Did you forget to register or load this tag?
ERROR 2025-09-25 13:17:49,158 basehttp 8016 18272 "GET /users/contact-developer/ HTTP/1.1" 500 202479
ERROR 2025-09-25 13:17:49,525 log 8016 18272 Internal Server Error: /users/contact-developer/
Traceback (most recent call last):
  File "D:\Projects\Current Projects\NDAS - Project\NDAS\venv\Lib\site-packages\django\template\base.py", line 505, in parse
    compile_func = self.tags[command]
                   ~~~~~~~~~^^^^^^^^^
KeyError: 'endif'

During handling of the above exception, another exception occurred:

Traceback (most recent call last):
  File "D:\Projects\Current Projects\NDAS - Project\NDAS\venv\Lib\site-packages\django\core\handlers\exception.py", line 55, in inner
    response = get_response(request)
  File "D:\Projects\Current Projects\NDAS - Project\NDAS\venv\Lib\site-packages\django\core\handlers\base.py", line 197, in _get_response
    response = wrapped_callback(request, *callback_args, **callback_kwargs)
  File "D:\Projects\Current Projects\NDAS - Project\NDAS\users\views.py", line 263, in developerContacts
    return render(request, 'users/contact-developer.html', {'logged_user': logged_user, 'developer': developer, 'var': var})
  File "D:\Projects\Current Projects\NDAS - Project\NDAS\venv\Lib\site-packages\django\shortcuts.py", line 24, in render
    content = loader.render_to_string(template_name, context, request, using=using)
  File "D:\Projects\Current Projects\NDAS - Project\NDAS\venv\Lib\site-packages\django\template\loader.py", line 61, in render_to_string
    template = get_template(template_name, using=using)
  File "D:\Projects\Current Projects\NDAS - Project\NDAS\venv\Lib\site-packages\django\template\loader.py", line 15, in get_template
    return engine.get_template(template_name)
           ~~~~~~~~~~~~~~~~~~~^^^^^^^^^^^^^^^
  File "D:\Projects\Current Projects\NDAS - Project\NDAS\venv\Lib\site-packages\django\template\backends\django.py", line 34, in get_template
    return Template(self.engine.get_template(template_name), self)
                    ~~~~~~~~~~~~~~~~~~~~~~~~^^^^^^^^^^^^^^^
  File "D:\Projects\Current Projects\NDAS - Project\NDAS\venv\Lib\site-packages\django\template\engine.py", line 175, in get_template
    template, origin = self.find_template(template_name)
                       ~~~~~~~~~~~~~~~~~~^^^^^^^^^^^^^^^
  File "D:\Projects\Current Projects\NDAS - Project\NDAS\venv\Lib\site-packages\django\template\engine.py", line 157, in find_template
    template = loader.get_template(name, skip=skip)
  File "D:\Projects\Current Projects\NDAS - Project\NDAS\venv\Lib\site-packages\django\template\loaders\cached.py", line 57, in get_template
    template = super().get_template(template_name, skip)
  File "D:\Projects\Current Projects\NDAS - Project\NDAS\venv\Lib\site-packages\django\template\loaders\base.py", line 28, in get_template
    return Template(
        contents,
    ...<2 lines>...
        self.engine,
    )
  File "D:\Projects\Current Projects\NDAS - Project\NDAS\venv\Lib\site-packages\django\template\base.py", line 154, in __init__
    self.nodelist = self.compile_nodelist()
                    ~~~~~~~~~~~~~~~~~~~~~^^
  File "D:\Projects\Current Projects\NDAS - Project\NDAS\venv\Lib\site-packages\django\template\base.py", line 200, in compile_nodelist
    return parser.parse()
           ~~~~~~~~~~~~^^
  File "D:\Projects\Current Projects\NDAS - Project\NDAS\venv\Lib\site-packages\django\template\base.py", line 513, in parse
    raise self.error(token, e)
  File "D:\Projects\Current Projects\NDAS - Project\NDAS\venv\Lib\site-packages\django\template\base.py", line 511, in parse
    compiled_result = compile_func(self, token)
  File "D:\Projects\Current Projects\NDAS - Project\NDAS\venv\Lib\site-packages\django\template\loader_tags.py", line 293, in do_extends
    nodelist = parser.parse()
  File "D:\Projects\Current Projects\NDAS - Project\NDAS\venv\Lib\site-packages\django\template\base.py", line 513, in parse
    raise self.error(token, e)
  File "D:\Projects\Current Projects\NDAS - Project\NDAS\venv\Lib\site-packages\django\template\base.py", line 511, in parse
    compiled_result = compile_func(self, token)
  File "D:\Projects\Current Projects\NDAS - Project\NDAS\venv\Lib\site-packages\django\template\loader_tags.py", line 232, in do_block
    nodelist = parser.parse(("endblock",))
  File "D:\Projects\Current Projects\NDAS - Project\NDAS\venv\Lib\site-packages\django\template\base.py", line 507, in parse
    self.invalid_block_tag(token, command, parse_until)
    ~~~~~~~~~~~~~~~~~~~~~~^^^^^^^^^^^^^^^^^^^^^^^^^^^^^
  File "D:\Projects\Current Projects\NDAS - Project\NDAS\venv\Lib\site-packages\django\template\base.py", line 558, in invalid_block_tag
    raise self.error(
    ...<8 lines>...
    )
django.template.exceptions.TemplateSyntaxError: Invalid block tag on line 450: 'endif', expected 'endblock'. Did you forget to register or load this tag?
ERROR 2025-09-25 13:17:49,539 basehttp 8016 18272 "GET /users/contact-developer/ HTTP/1.1" 500 202479
ERROR 2025-09-25 13:17:49,781 log 8016 18272 Internal Server Error: /users/contact-developer/
Traceback (most recent call last):
  File "D:\Projects\Current Projects\NDAS - Project\NDAS\venv\Lib\site-packages\django\template\base.py", line 505, in parse
    compile_func = self.tags[command]
                   ~~~~~~~~~^^^^^^^^^
KeyError: 'endif'

During handling of the above exception, another exception occurred:

Traceback (most recent call last):
  File "D:\Projects\Current Projects\NDAS - Project\NDAS\venv\Lib\site-packages\django\core\handlers\exception.py", line 55, in inner
    response = get_response(request)
  File "D:\Projects\Current Projects\NDAS - Project\NDAS\venv\Lib\site-packages\django\core\handlers\base.py", line 197, in _get_response
    response = wrapped_callback(request, *callback_args, **callback_kwargs)
  File "D:\Projects\Current Projects\NDAS - Project\NDAS\users\views.py", line 263, in developerContacts
    return render(request, 'users/contact-developer.html', {'logged_user': logged_user, 'developer': developer, 'var': var})
  File "D:\Projects\Current Projects\NDAS - Project\NDAS\venv\Lib\site-packages\django\shortcuts.py", line 24, in render
    content = loader.render_to_string(template_name, context, request, using=using)
  File "D:\Projects\Current Projects\NDAS - Project\NDAS\venv\Lib\site-packages\django\template\loader.py", line 61, in render_to_string
    template = get_template(template_name, using=using)
  File "D:\Projects\Current Projects\NDAS - Project\NDAS\venv\Lib\site-packages\django\template\loader.py", line 15, in get_template
    return engine.get_template(template_name)
           ~~~~~~~~~~~~~~~~~~~^^^^^^^^^^^^^^^
  File "D:\Projects\Current Projects\NDAS - Project\NDAS\venv\Lib\site-packages\django\template\backends\django.py", line 34, in get_template
    return Template(self.engine.get_template(template_name), self)
                    ~~~~~~~~~~~~~~~~~~~~~~~~^^^^^^^^^^^^^^^
  File "D:\Projects\Current Projects\NDAS - Project\NDAS\venv\Lib\site-packages\django\template\engine.py", line 175, in get_template
    template, origin = self.find_template(template_name)
                       ~~~~~~~~~~~~~~~~~~^^^^^^^^^^^^^^^
  File "D:\Projects\Current Projects\NDAS - Project\NDAS\venv\Lib\site-packages\django\template\engine.py", line 157, in find_template
    template = loader.get_template(name, skip=skip)
  File "D:\Projects\Current Projects\NDAS - Project\NDAS\venv\Lib\site-packages\django\template\loaders\cached.py", line 57, in get_template
    template = super().get_template(template_name, skip)
  File "D:\Projects\Current Projects\NDAS - Project\NDAS\venv\Lib\site-packages\django\template\loaders\base.py", line 28, in get_template
    return Template(
        contents,
    ...<2 lines>...
        self.engine,
    )
  File "D:\Projects\Current Projects\NDAS - Project\NDAS\venv\Lib\site-packages\django\template\base.py", line 154, in __init__
    self.nodelist = self.compile_nodelist()
                    ~~~~~~~~~~~~~~~~~~~~~^^
  File "D:\Projects\Current Projects\NDAS - Project\NDAS\venv\Lib\site-packages\django\template\base.py", line 200, in compile_nodelist
    return parser.parse()
           ~~~~~~~~~~~~^^
  File "D:\Projects\Current Projects\NDAS - Project\NDAS\venv\Lib\site-packages\django\template\base.py", line 513, in parse
    raise self.error(token, e)
  File "D:\Projects\Current Projects\NDAS - Project\NDAS\venv\Lib\site-packages\django\template\base.py", line 511, in parse
    compiled_result = compile_func(self, token)
  File "D:\Projects\Current Projects\NDAS - Project\NDAS\venv\Lib\site-packages\django\template\loader_tags.py", line 293, in do_extends
    nodelist = parser.parse()
  File "D:\Projects\Current Projects\NDAS - Project\NDAS\venv\Lib\site-packages\django\template\base.py", line 513, in parse
    raise self.error(token, e)
  File "D:\Projects\Current Projects\NDAS - Project\NDAS\venv\Lib\site-packages\django\template\base.py", line 511, in parse
    compiled_result = compile_func(self, token)
  File "D:\Projects\Current Projects\NDAS - Project\NDAS\venv\Lib\site-packages\django\template\loader_tags.py", line 232, in do_block
    nodelist = parser.parse(("endblock",))
  File "D:\Projects\Current Projects\NDAS - Project\NDAS\venv\Lib\site-packages\django\template\base.py", line 507, in parse
    self.invalid_block_tag(token, command, parse_until)
    ~~~~~~~~~~~~~~~~~~~~~~^^^^^^^^^^^^^^^^^^^^^^^^^^^^^
  File "D:\Projects\Current Projects\NDAS - Project\NDAS\venv\Lib\site-packages\django\template\base.py", line 558, in invalid_block_tag
    raise self.error(
    ...<8 lines>...
    )
django.template.exceptions.TemplateSyntaxError: Invalid block tag on line 450: 'endif', expected 'endblock'. Did you forget to register or load this tag?
ERROR 2025-09-25 13:17:49,794 basehttp 8016 18272 "GET /users/contact-developer/ HTTP/1.1" 500 202479
ERROR 2025-09-25 13:17:49,995 log 8016 18272 Internal Server Error: /users/contact-developer/
Traceback (most recent call last):
  File "D:\Projects\Current Projects\NDAS - Project\NDAS\venv\Lib\site-packages\django\template\base.py", line 505, in parse
    compile_func = self.tags[command]
                   ~~~~~~~~~^^^^^^^^^
KeyError: 'endif'

During handling of the above exception, another exception occurred:

Traceback (most recent call last):
  File "D:\Projects\Current Projects\NDAS - Project\NDAS\venv\Lib\site-packages\django\core\handlers\exception.py", line 55, in inner
    response = get_response(request)
  File "D:\Projects\Current Projects\NDAS - Project\NDAS\venv\Lib\site-packages\django\core\handlers\base.py", line 197, in _get_response
    response = wrapped_callback(request, *callback_args, **callback_kwargs)
  File "D:\Projects\Current Projects\NDAS - Project\NDAS\users\views.py", line 263, in developerContacts
    return render(request, 'users/contact-developer.html', {'logged_user': logged_user, 'developer': developer, 'var': var})
  File "D:\Projects\Current Projects\NDAS - Project\NDAS\venv\Lib\site-packages\django\shortcuts.py", line 24, in render
    content = loader.render_to_string(template_name, context, request, using=using)
  File "D:\Projects\Current Projects\NDAS - Project\NDAS\venv\Lib\site-packages\django\template\loader.py", line 61, in render_to_string
    template = get_template(template_name, using=using)
  File "D:\Projects\Current Projects\NDAS - Project\NDAS\venv\Lib\site-packages\django\template\loader.py", line 15, in get_template
    return engine.get_template(template_name)
           ~~~~~~~~~~~~~~~~~~~^^^^^^^^^^^^^^^
  File "D:\Projects\Current Projects\NDAS - Project\NDAS\venv\Lib\site-packages\django\template\backends\django.py", line 34, in get_template
    return Template(self.engine.get_template(template_name), self)
                    ~~~~~~~~~~~~~~~~~~~~~~~~^^^^^^^^^^^^^^^
  File "D:\Projects\Current Projects\NDAS - Project\NDAS\venv\Lib\site-packages\django\template\engine.py", line 175, in get_template
    template, origin = self.find_template(template_name)
                       ~~~~~~~~~~~~~~~~~~^^^^^^^^^^^^^^^
  File "D:\Projects\Current Projects\NDAS - Project\NDAS\venv\Lib\site-packages\django\template\engine.py", line 157, in find_template
    template = loader.get_template(name, skip=skip)
  File "D:\Projects\Current Projects\NDAS - Project\NDAS\venv\Lib\site-packages\django\template\loaders\cached.py", line 57, in get_template
    template = super().get_template(template_name, skip)
  File "D:\Projects\Current Projects\NDAS - Project\NDAS\venv\Lib\site-packages\django\template\loaders\base.py", line 28, in get_template
    return Template(
        contents,
    ...<2 lines>...
        self.engine,
    )
  File "D:\Projects\Current Projects\NDAS - Project\NDAS\venv\Lib\site-packages\django\template\base.py", line 154, in __init__
    self.nodelist = self.compile_nodelist()
                    ~~~~~~~~~~~~~~~~~~~~~^^
  File "D:\Projects\Current Projects\NDAS - Project\NDAS\venv\Lib\site-packages\django\template\base.py", line 200, in compile_nodelist
    return parser.parse()
           ~~~~~~~~~~~~^^
  File "D:\Projects\Current Projects\NDAS - Project\NDAS\venv\Lib\site-packages\django\template\base.py", line 513, in parse
    raise self.error(token, e)
  File "D:\Projects\Current Projects\NDAS - Project\NDAS\venv\Lib\site-packages\django\template\base.py", line 511, in parse
    compiled_result = compile_func(self, token)
  File "D:\Projects\Current Projects\NDAS - Project\NDAS\venv\Lib\site-packages\django\template\loader_tags.py", line 293, in do_extends
    nodelist = parser.parse()
  File "D:\Projects\Current Projects\NDAS - Project\NDAS\venv\Lib\site-packages\django\template\base.py", line 513, in parse
    raise self.error(token, e)
  File "D:\Projects\Current Projects\NDAS - Project\NDAS\venv\Lib\site-packages\django\template\base.py", line 511, in parse
    compiled_result = compile_func(self, token)
  File "D:\Projects\Current Projects\NDAS - Project\NDAS\venv\Lib\site-packages\django\template\loader_tags.py", line 232, in do_block
    nodelist = parser.parse(("endblock",))
  File "D:\Projects\Current Projects\NDAS - Project\NDAS\venv\Lib\site-packages\django\template\base.py", line 507, in parse
    self.invalid_block_tag(token, command, parse_until)
    ~~~~~~~~~~~~~~~~~~~~~~^^^^^^^^^^^^^^^^^^^^^^^^^^^^^
  File "D:\Projects\Current Projects\NDAS - Project\NDAS\venv\Lib\site-packages\django\template\base.py", line 558, in invalid_block_tag
    raise self.error(
    ...<8 lines>...
    )
django.template.exceptions.TemplateSyntaxError: Invalid block tag on line 450: 'endif', expected 'endblock'. Did you forget to register or load this tag?
ERROR 2025-09-25 13:17:50,010 basehttp 8016 18272 "GET /users/contact-developer/ HTTP/1.1" 500 202479
ERROR 2025-09-25 13:19:33,617 log 8016 18272 Internal Server Error: /users/contact-developer/
Traceback (most recent call last):
  File "D:\Projects\Current Projects\NDAS - Project\NDAS\venv\Lib\site-packages\django\template\base.py", line 505, in parse
    compile_func = self.tags[command]
                   ~~~~~~~~~^^^^^^^^^
KeyError: 'endif'

During handling of the above exception, another exception occurred:

Traceback (most recent call last):
  File "D:\Projects\Current Projects\NDAS - Project\NDAS\venv\Lib\site-packages\django\core\handlers\exception.py", line 55, in inner
    response = get_response(request)
  File "D:\Projects\Current Projects\NDAS - Project\NDAS\venv\Lib\site-packages\django\core\handlers\base.py", line 197, in _get_response
    response = wrapped_callback(request, *callback_args, **callback_kwargs)
  File "D:\Projects\Current Projects\NDAS - Project\NDAS\users\views.py", line 263, in developerContacts
    return render(request, 'users/contact-developer.html', {'logged_user': logged_user, 'developer': developer, 'var': var})
  File "D:\Projects\Current Projects\NDAS - Project\NDAS\venv\Lib\site-packages\django\shortcuts.py", line 24, in render
    content = loader.render_to_string(template_name, context, request, using=using)
  File "D:\Projects\Current Projects\NDAS - Project\NDAS\venv\Lib\site-packages\django\template\loader.py", line 61, in render_to_string
    template = get_template(template_name, using=using)
  File "D:\Projects\Current Projects\NDAS - Project\NDAS\venv\Lib\site-packages\django\template\loader.py", line 15, in get_template
    return engine.get_template(template_name)
           ~~~~~~~~~~~~~~~~~~~^^^^^^^^^^^^^^^
  File "D:\Projects\Current Projects\NDAS - Project\NDAS\venv\Lib\site-packages\django\template\backends\django.py", line 34, in get_template
    return Template(self.engine.get_template(template_name), self)
                    ~~~~~~~~~~~~~~~~~~~~~~~~^^^^^^^^^^^^^^^
  File "D:\Projects\Current Projects\NDAS - Project\NDAS\venv\Lib\site-packages\django\template\engine.py", line 175, in get_template
    template, origin = self.find_template(template_name)
                       ~~~~~~~~~~~~~~~~~~^^^^^^^^^^^^^^^
  File "D:\Projects\Current Projects\NDAS - Project\NDAS\venv\Lib\site-packages\django\template\engine.py", line 157, in find_template
    template = loader.get_template(name, skip=skip)
  File "D:\Projects\Current Projects\NDAS - Project\NDAS\venv\Lib\site-packages\django\template\loaders\cached.py", line 57, in get_template
    template = super().get_template(template_name, skip)
  File "D:\Projects\Current Projects\NDAS - Project\NDAS\venv\Lib\site-packages\django\template\loaders\base.py", line 28, in get_template
    return Template(
        contents,
    ...<2 lines>...
        self.engine,
    )
  File "D:\Projects\Current Projects\NDAS - Project\NDAS\venv\Lib\site-packages\django\template\base.py", line 154, in __init__
    self.nodelist = self.compile_nodelist()
                    ~~~~~~~~~~~~~~~~~~~~~^^
  File "D:\Projects\Current Projects\NDAS - Project\NDAS\venv\Lib\site-packages\django\template\base.py", line 200, in compile_nodelist
    return parser.parse()
           ~~~~~~~~~~~~^^
  File "D:\Projects\Current Projects\NDAS - Project\NDAS\venv\Lib\site-packages\django\template\base.py", line 513, in parse
    raise self.error(token, e)
  File "D:\Projects\Current Projects\NDAS - Project\NDAS\venv\Lib\site-packages\django\template\base.py", line 511, in parse
    compiled_result = compile_func(self, token)
  File "D:\Projects\Current Projects\NDAS - Project\NDAS\venv\Lib\site-packages\django\template\loader_tags.py", line 293, in do_extends
    nodelist = parser.parse()
  File "D:\Projects\Current Projects\NDAS - Project\NDAS\venv\Lib\site-packages\django\template\base.py", line 513, in parse
    raise self.error(token, e)
  File "D:\Projects\Current Projects\NDAS - Project\NDAS\venv\Lib\site-packages\django\template\base.py", line 511, in parse
    compiled_result = compile_func(self, token)
  File "D:\Projects\Current Projects\NDAS - Project\NDAS\venv\Lib\site-packages\django\template\loader_tags.py", line 232, in do_block
    nodelist = parser.parse(("endblock",))
  File "D:\Projects\Current Projects\NDAS - Project\NDAS\venv\Lib\site-packages\django\template\base.py", line 507, in parse
    self.invalid_block_tag(token, command, parse_until)
    ~~~~~~~~~~~~~~~~~~~~~~^^^^^^^^^^^^^^^^^^^^^^^^^^^^^
  File "D:\Projects\Current Projects\NDAS - Project\NDAS\venv\Lib\site-packages\django\template\base.py", line 558, in invalid_block_tag
    raise self.error(
    ...<8 lines>...
    )
django.template.exceptions.TemplateSyntaxError: Invalid block tag on line 450: 'endif', expected 'endblock'. Did you forget to register or load this tag?
ERROR 2025-09-25 13:19:33,631 basehttp 8016 18272 "GET /users/contact-developer/ HTTP/1.1" 500 202479
INFO 2025-09-25 13:19:57,521 basehttp 8016 16140 "GET /users/contact-developer/ HTTP/1.1" 200 17705
INFO 2025-09-25 13:20:07,291 basehttp 8016 18240 "GET /users/login/ HTTP/1.1" 200 15740
INFO 2025-09-25 13:20:10,826 basehttp 8016 18240 "GET /users/contact-developer/ HTTP/1.1" 200 17705
INFO 2025-09-25 13:20:42,992 basehttp 8016 18240 "GET /users/login/ HTTP/1.1" 200 15740
INFO 2025-09-25 13:20:45,658 basehttp 8016 18240 "POST /users/login/ HTTP/1.1" 302 0
INFO 2025-09-25 13:20:45,886 basehttp 8016 18240 "GET / HTTP/1.1" 200 50513
INFO 2025-09-25 13:20:48,885 basehttp 8016 18240 "GET /users/contact-developer/ HTTP/1.1" 200 32668
INFO 2025-09-25 13:20:52,842 basehttp 8016 10672 "GET /help/article/ HTTP/1.1" 200 38389
INFO 2025-09-25 13:20:54,027 basehttp 8016 10672 "GET /users/contact-developer/ HTTP/1.1" 200 32668
INFO 2025-09-25 13:21:02,700 basehttp 8016 10672 "GET /users/contact-developer/ HTTP/1.1" 200 32668
INFO 2025-09-25 13:21:05,952 basehttp 8016 2944 "GET /users/contact-developer/ HTTP/1.1" 200 32668
INFO 2025-09-25 13:21:10,739 basehttp 8016 2944 "GET / HTTP/1.1" 200 50189
INFO 2025-09-25 13:21:16,690 basehttp 8016 2592 "GET /users/logout/ HTTP/1.1" 302 0
INFO 2025-09-25 13:21:16,709 basehttp 8016 2592 "GET /users/login/ HTTP/1.1" 200 16070
INFO 2025-09-25 13:21:19,395 basehttp 8016 2592 "GET /users/contact-developer/ HTTP/1.1" 200 17705
INFO 2025-09-25 13:22:08,528 basehttp 8016 17632 "GET /users/login/ HTTP/1.1" 200 15740
INFO 2025-09-25 13:22:11,081 basehttp 8016 17632 "GET /users/reset_password/ HTTP/1.1" 200 20301
INFO 2025-09-25 13:22:13,712 basehttp 8016 17632 "GET /users/login/ HTTP/1.1" 200 15740
INFO 2025-09-25 13:22:31,214 basehttp 8016 10916 "GET /users/contact-developer/?id=0925416b-dbbd-42cf-b670-0850e62f424e&vscodeBrowserReqId=1758786751201 HTTP/1.1" 200 17705
INFO 2025-09-26 09:50:28,539 autoreload 8120 15016 Watching for file changes with StatReloader
INFO 2025-09-26 09:50:48,870 basehttp 8120 11076 "GET / HTTP/1.1" 302 0
INFO 2025-09-26 09:50:49,063 basehttp 8120 11076 "GET /users/login/?next=/ HTTP/1.1" 200 15740
INFO 2025-09-26 09:50:49,374 basehttp 8120 11076 "GET /static/css/login.css HTTP/1.1" 304 0
INFO 2025-09-26 09:50:49,374 basehttp 8120 13732 "GET /static/js/login.js HTTP/1.1" 304 0
WARNING 2025-09-26 09:50:50,024 log 8120 13732 Not Found: /favicon.ico
WARNING 2025-09-26 09:50:50,025 basehttp 8120 13732 "GET /favicon.ico HTTP/1.1" 404 15877
WARNING 2025-09-26 09:50:50,039 log 8120 18400 Not Found: /favicon.ico
WARNING 2025-09-26 09:50:50,040 basehttp 8120 18400 "GET /favicon.ico HTTP/1.1" 404 15877
INFO 2025-09-26 09:51:05,639 basehttp 8120 18148 "POST /users/login/ HTTP/1.1" 302 0
INFO 2025-09-26 09:51:06,188 basehttp 8120 18148 "GET / HTTP/1.1" 200 50513
INFO 2025-09-26 09:51:12,427 basehttp 8120 18148 "GET /manager/patient/ HTTP/1.1" 200 56208
INFO 2025-09-26 09:51:27,654 basehttp 8120 15152 "GET /manager/assessment/ HTTP/1.1" 200 61090
INFO 2025-09-26 09:51:31,775 basehttp 8120 15152 "GET /hine/manager/ HTTP/1.1" 200 50145
INFO 2025-09-26 09:51:35,356 basehttp 8120 2636 "GET /da/manager/ HTTP/1.1" 200 41852
INFO 2025-09-26 09:51:37,878 basehttp 8120 2636 "GET /cdic/manager/ HTTP/1.1" 200 42425
INFO 2025-09-26 09:51:44,009 basehttp 8120 12556 "GET /manager/assessment/ HTTP/1.1" 200 61090
INFO 2025-09-26 09:51:45,989 basehttp 8120 12556 "GET /manager/patient/ HTTP/1.1" 200 56208
INFO 2025-09-26 09:51:53,925 basehttp 8120 15760 "GET /manager/assessment/ HTTP/1.1" 200 61090
INFO 2025-09-26 09:52:04,577 basehttp 8120 8236 "GET /hine/manager/ HTTP/1.1" 200 50145
INFO 2025-09-26 09:52:09,418 basehttp 8120 8236 "GET /da/manager/ HTTP/1.1" 200 41852
INFO 2025-09-26 09:52:15,452 basehttp 8120 7136 "GET /cdic/manager/ HTTP/1.1" 200 42425
INFO 2025-09-26 09:52:24,428 basehttp 8120 11972 "GET /manager/patient/ HTTP/1.1" 200 56208
ERROR 2025-09-26 09:52:33,723 log 8120 3220 Internal Server Error: /manager/patient/diagnosed/da/normal
Traceback (most recent call last):
  File "D:\Projects\Current Projects\NDAS - Project\NDAS\venv\Lib\site-packages\django\core\handlers\exception.py", line 55, in inner
    response = get_response(request)
  File "D:\Projects\Current Projects\NDAS - Project\NDAS\venv\Lib\site-packages\django\core\handlers\base.py", line 197, in _get_response
    response = wrapped_callback(request, *callback_args, **callback_kwargs)
  File "D:\Projects\Current Projects\NDAS - Project\NDAS\venv\Lib\site-packages\django\contrib\auth\decorators.py", line 23, in _wrapped_view
    return view_func(request, *args, **kwargs)
  File "D:\Projects\Current Projects\NDAS - Project\NDAS\patients\views.py", line 227, in patient_manager_da_normal
    patients_list = getPatientList(PtStatus.DX_DA_NORMAL).order_by("-id")
                    ~~~~~~~~~~~~~~^^^^^^^^^^^^^^^^^^^^^^^
  File "D:\Projects\Current Projects\NDAS - Project\NDAS\ndas\custom_codes\custom_methods.py", line 257, in getPatientList
    return var_ptl.filter(developmentalassessment__is_dx_normal=True).distinct()
           ~~~~~~~~~~~~~~^^^^^^^^^^^^^^^^^^^^^^^^^^^^^^^^^^^^^^^^^^^^
  File "D:\Projects\Current Projects\NDAS - Project\NDAS\venv\Lib\site-packages\django\db\models\query.py", line 1421, in filter
    return self._filter_or_exclude(False, args, kwargs)
           ~~~~~~~~~~~~~~~~~~~~~~~^^^^^^^^^^^^^^^^^^^^^
  File "D:\Projects\Current Projects\NDAS - Project\NDAS\venv\Lib\site-packages\django\db\models\query.py", line 1439, in _filter_or_exclude
    clone._filter_or_exclude_inplace(negate, args, kwargs)
    ~~~~~~~~~~~~~~~~~~~~~~~~~~~~~~~~^^^^^^^^^^^^^^^^^^^^^^
  File "D:\Projects\Current Projects\NDAS - Project\NDAS\venv\Lib\site-packages\django\db\models\query.py", line 1446, in _filter_or_exclude_inplace
    self._query.add_q(Q(*args, **kwargs))
    ~~~~~~~~~~~~~~~~~^^^^^^^^^^^^^^^^^^^^
  File "D:\Projects\Current Projects\NDAS - Project\NDAS\venv\Lib\site-packages\django\db\models\sql\query.py", line 1532, in add_q
    clause, _ = self._add_q(q_object, self.used_aliases)
                ~~~~~~~~~~~^^^^^^^^^^^^^^^^^^^^^^^^^^^^^
  File "D:\Projects\Current Projects\NDAS - Project\NDAS\venv\Lib\site-packages\django\db\models\sql\query.py", line 1562, in _add_q
    child_clause, needed_inner = self.build_filter(
                                 ~~~~~~~~~~~~~~~~~^
        child,
        ^^^^^^
    ...<5 lines>...
        check_filterable=check_filterable,
        ^^^^^^^^^^^^^^^^^^^^^^^^^^^^^^^^^^
    )
    ^
  File "D:\Projects\Current Projects\NDAS - Project\NDAS\venv\Lib\site-packages\django\db\models\sql\query.py", line 1407, in build_filter
    lookups, parts, reffed_expression = self.solve_lookup_type(arg)
                                        ~~~~~~~~~~~~~~~~~~~~~~^^^^^
  File "D:\Projects\Current Projects\NDAS - Project\NDAS\venv\Lib\site-packages\django\db\models\sql\query.py", line 1217, in solve_lookup_type
    _, field, _, lookup_parts = self.names_to_path(lookup_splitted, self.get_meta())
                                ~~~~~~~~~~~~~~~~~~^^^^^^^^^^^^^^^^^^^^^^^^^^^^^^^^^^
  File "D:\Projects\Current Projects\NDAS - Project\NDAS\venv\Lib\site-packages\django\db\models\sql\query.py", line 1709, in names_to_path
    raise FieldError(
    ...<2 lines>...
    )
django.core.exceptions.FieldError: Cannot resolve keyword 'developmentalassessment' into field. Choices are: added_by, added_by_id, address, antenatal_hx, apgar_1, apgar_10, apgar_5, attachments, baby_name, bht, birth_weight, cdicrecord, created_at, developmental_assessments, disk_no, do_admission, do_discharge, dob_tob, gender, gmassessment, hine_assessments, id, indecation_for_gma, intranatal_hx, last_edit_by, last_edit_by_id, length, mo_delivery, moh_area, mother_name, nnc_no, ofc, other_relavent_details, pc_no, phm_area, pin, pog_days, pog_wks, postnatal_hx, problems, ptc_no, resuscitated, resustn_note, tp_lan, tp_mobile, updated_at, videos
ERROR 2025-09-26 09:52:33,737 basehttp 8120 3220 "GET /manager/patient/diagnosed/da/normal HTTP/1.1" 500 134029
INFO 2025-09-26 09:52:48,106 basehttp 8120 2560 "GET /patient/view/4/ HTTP/1.1" 200 119528
INFO 2025-09-26 10:24:18,462 basehttp 8120 9220 "GET /patient/view/4/ HTTP/1.1" 200 119212
INFO 2025-09-26 10:25:44,518 basehttp 8120 9220 "GET /patient/view/4/ HTTP/1.1" 200 119124
INFO 2025-09-26 10:26:43,291 basehttp 8120 9220 "GET /patient/view/4/ HTTP/1.1" 200 118640
INFO 2025-09-26 10:26:45,573 basehttp 8120 9220 "GET /patient/view/4/ HTTP/1.1" 200 118640
INFO 2025-09-26 10:27:30,878 basehttp 8120 9220 "GET /patient/view/4/ HTTP/1.1" 200 118683
INFO 2025-09-26 10:40:05,290 basehttp 8120 15864 "GET /patient/view/4/ HTTP/1.1" 200 118494
INFO 2025-09-26 10:40:08,241 basehttp 8120 15864 "GET /patient/view/4/ HTTP/1.1" 200 118494
INFO 2025-09-26 10:40:11,312 basehttp 8120 15864 "GET /patient/view/4/ HTTP/1.1" 200 118494
INFO 2025-09-26 10:42:18,233 basehttp 8120 15864 "GET /manager/patient/ HTTP/1.1" 200 56208
INFO 2025-09-26 10:42:25,902 basehttp 8120 15864 "GET /manager/patient/new HTTP/1.1" 200 42947
ERROR 2025-09-26 10:42:30,931 log 8120 15864 Internal Server Error: /manager/patient/diagnosed/any
Traceback (most recent call last):
  File "D:\Projects\Current Projects\NDAS - Project\NDAS\venv\Lib\site-packages\django\core\handlers\exception.py", line 55, in inner
    response = get_response(request)
  File "D:\Projects\Current Projects\NDAS - Project\NDAS\venv\Lib\site-packages\django\core\handlers\base.py", line 197, in _get_response
    response = wrapped_callback(request, *callback_args, **callback_kwargs)
  File "D:\Projects\Current Projects\NDAS - Project\NDAS\venv\Lib\site-packages\django\contrib\auth\decorators.py", line 23, in _wrapped_view
    return view_func(request, *args, **kwargs)
  File "D:\Projects\Current Projects\NDAS - Project\NDAS\patients\views.py", line 162, in patient_manager_diagnosed_any
    patients_list = getPatientList(PtStatus.DIAGNOSED).order_by("-id")
                    ~~~~~~~~~~~~~~^^^^^^^^^^^^^^^^^^^^
  File "D:\Projects\Current Projects\NDAS - Project\NDAS\ndas\custom_codes\custom_methods.py", line 249, in getPatientList
    return var_ptl.filter(Q(gmassessment__diagnosis_conclusion='ABNORMAL') | Q(hineassessment__score__lt = 73) | Q(developmentalassessment__is_dx_normal=False)).distinct()
           ~~~~~~~~~~~~~~^^^^^^^^^^^^^^^^^^^^^^^^^^^^^^^^^^^^^^^^^^^^^^^^^^^^^^^^^^^^^^^^^^^^^^^^^^^^^^^^^^^^^^^^^^^^^^^^^^^^^^^^^^^^^^^^^^^^^^^^^^^^^^^^^^^^^^^
  File "D:\Projects\Current Projects\NDAS - Project\NDAS\venv\Lib\site-packages\django\db\models\query.py", line 1421, in filter
    return self._filter_or_exclude(False, args, kwargs)
           ~~~~~~~~~~~~~~~~~~~~~~~^^^^^^^^^^^^^^^^^^^^^
  File "D:\Projects\Current Projects\NDAS - Project\NDAS\venv\Lib\site-packages\django\db\models\query.py", line 1439, in _filter_or_exclude
    clone._filter_or_exclude_inplace(negate, args, kwargs)
    ~~~~~~~~~~~~~~~~~~~~~~~~~~~~~~~~^^^^^^^^^^^^^^^^^^^^^^
  File "D:\Projects\Current Projects\NDAS - Project\NDAS\venv\Lib\site-packages\django\db\models\query.py", line 1446, in _filter_or_exclude_inplace
    self._query.add_q(Q(*args, **kwargs))
    ~~~~~~~~~~~~~~~~~^^^^^^^^^^^^^^^^^^^^
  File "D:\Projects\Current Projects\NDAS - Project\NDAS\venv\Lib\site-packages\django\db\models\sql\query.py", line 1532, in add_q
    clause, _ = self._add_q(q_object, self.used_aliases)
                ~~~~~~~~~~~^^^^^^^^^^^^^^^^^^^^^^^^^^^^^
  File "D:\Projects\Current Projects\NDAS - Project\NDAS\venv\Lib\site-packages\django\db\models\sql\query.py", line 1562, in _add_q
    child_clause, needed_inner = self.build_filter(
                                 ~~~~~~~~~~~~~~~~~^
        child,
        ^^^^^^
    ...<5 lines>...
        check_filterable=check_filterable,
        ^^^^^^^^^^^^^^^^^^^^^^^^^^^^^^^^^^
    )
    ^
  File "D:\Projects\Current Projects\NDAS - Project\NDAS\venv\Lib\site-packages\django\db\models\sql\query.py", line 1388, in build_filter
    return self._add_q(
           ~~~~~~~~~~~^
        filter_expr,
        ^^^^^^^^^^^^
    ...<5 lines>...
        check_filterable=check_filterable,
        ^^^^^^^^^^^^^^^^^^^^^^^^^^^^^^^^^^
    )
    ^
  File "D:\Projects\Current Projects\NDAS - Project\NDAS\venv\Lib\site-packages\django\db\models\sql\query.py", line 1562, in _add_q
    child_clause, needed_inner = self.build_filter(
                                 ~~~~~~~~~~~~~~~~~^
        child,
        ^^^^^^
    ...<5 lines>...
        check_filterable=check_filterable,
        ^^^^^^^^^^^^^^^^^^^^^^^^^^^^^^^^^^
    )
    ^
  File "D:\Projects\Current Projects\NDAS - Project\NDAS\venv\Lib\site-packages\django\db\models\sql\query.py", line 1407, in build_filter
    lookups, parts, reffed_expression = self.solve_lookup_type(arg)
                                        ~~~~~~~~~~~~~~~~~~~~~~^^^^^
  File "D:\Projects\Current Projects\NDAS - Project\NDAS\venv\Lib\site-packages\django\db\models\sql\query.py", line 1217, in solve_lookup_type
    _, field, _, lookup_parts = self.names_to_path(lookup_splitted, self.get_meta())
                                ~~~~~~~~~~~~~~~~~~^^^^^^^^^^^^^^^^^^^^^^^^^^^^^^^^^^
  File "D:\Projects\Current Projects\NDAS - Project\NDAS\venv\Lib\site-packages\django\db\models\sql\query.py", line 1709, in names_to_path
    raise FieldError(
    ...<2 lines>...
    )
django.core.exceptions.FieldError: Cannot resolve keyword 'hineassessment' into field. Choices are: added_by, added_by_id, address, antenatal_hx, apgar_1, apgar_10, apgar_5, attachments, baby_name, bht, birth_weight, cdicrecord, created_at, developmental_assessments, disk_no, do_admission, do_discharge, dob_tob, gender, gmassessment, hine_assessments, id, indecation_for_gma, intranatal_hx, last_edit_by, last_edit_by_id, length, mo_delivery, moh_area, mother_name, nnc_no, ofc, other_relavent_details, pc_no, phm_area, pin, pog_days, pog_wks, postnatal_hx, problems, ptc_no, resuscitated, resustn_note, tp_lan, tp_mobile, updated_at, videos
ERROR 2025-09-26 10:42:30,960 basehttp 8120 15864 "GET /manager/patient/diagnosed/any HTTP/1.1" 500 147090
INFO 2025-09-26 10:44:37,387 autoreload 8120 15016 D:\Projects\Current Projects\NDAS - Project\NDAS\ndas\custom_codes\custom_methods.py changed, reloading.
INFO 2025-09-26 10:44:42,542 autoreload 13472 17828 Watching for file changes with StatReloader
INFO 2025-09-26 10:44:54,758 basehttp 13472 6728 "GET /manager/patient/diagnosed/any HTTP/1.1" 302 0
INFO 2025-09-26 10:44:54,852 basehttp 13472 6728 "GET /users/login/?next=/manager/patient/diagnosed/any HTTP/1.1" 200 15740
INFO 2025-09-26 10:44:57,212 basehttp 13472 6728 "POST /users/login/ HTTP/1.1" 302 0
INFO 2025-09-26 10:44:57,450 basehttp 13472 6728 "GET / HTTP/1.1" 200 50513
INFO 2025-09-26 10:44:59,424 basehttp 13472 6728 "GET /manager/patient/ HTTP/1.1" 200 56208
INFO 2025-09-26 10:45:02,248 basehttp 13472 6728 "GET /manager/patient/new HTTP/1.1" 200 42947
ERROR 2025-09-26 10:45:05,344 log 13472 6728 Internal Server Error: /manager/patient/diagnosed/any
Traceback (most recent call last):
  File "D:\Projects\Current Projects\NDAS - Project\NDAS\venv\Lib\site-packages\django\core\handlers\exception.py", line 55, in inner
    response = get_response(request)
  File "D:\Projects\Current Projects\NDAS - Project\NDAS\venv\Lib\site-packages\django\core\handlers\base.py", line 197, in _get_response
    response = wrapped_callback(request, *callback_args, **callback_kwargs)
  File "D:\Projects\Current Projects\NDAS - Project\NDAS\venv\Lib\site-packages\django\contrib\auth\decorators.py", line 23, in _wrapped_view
    return view_func(request, *args, **kwargs)
  File "D:\Projects\Current Projects\NDAS - Project\NDAS\patients\views.py", line 162, in patient_manager_diagnosed_any
    patients_list = getPatientList(PtStatus.DIAGNOSED).order_by("-id")
                    ~~~~~~~~~~~~~~^^^^^^^^^^^^^^^^^^^^
  File "D:\Projects\Current Projects\NDAS - Project\NDAS\ndas\custom_codes\custom_methods.py", line 249, in getPatientList
    return var_ptl.filter(Q(gmassessment__diagnosis_conclusion='ABNORMAL') | Q(hine_assessments__score__lt = 73) | Q(developmentalassessment__is_dx_normal=False)).distinct()
           ~~~~~~~~~~~~~~^^^^^^^^^^^^^^^^^^^^^^^^^^^^^^^^^^^^^^^^^^^^^^^^^^^^^^^^^^^^^^^^^^^^^^^^^^^^^^^^^^^^^^^^^^^^^^^^^^^^^^^^^^^^^^^^^^^^^^^^^^^^^^^^^^^^^^^^^
  File "D:\Projects\Current Projects\NDAS - Project\NDAS\venv\Lib\site-packages\django\db\models\query.py", line 1421, in filter
    return self._filter_or_exclude(False, args, kwargs)
           ~~~~~~~~~~~~~~~~~~~~~~~^^^^^^^^^^^^^^^^^^^^^
  File "D:\Projects\Current Projects\NDAS - Project\NDAS\venv\Lib\site-packages\django\db\models\query.py", line 1439, in _filter_or_exclude
    clone._filter_or_exclude_inplace(negate, args, kwargs)
    ~~~~~~~~~~~~~~~~~~~~~~~~~~~~~~~~^^^^^^^^^^^^^^^^^^^^^^
  File "D:\Projects\Current Projects\NDAS - Project\NDAS\venv\Lib\site-packages\django\db\models\query.py", line 1446, in _filter_or_exclude_inplace
    self._query.add_q(Q(*args, **kwargs))
    ~~~~~~~~~~~~~~~~~^^^^^^^^^^^^^^^^^^^^
  File "D:\Projects\Current Projects\NDAS - Project\NDAS\venv\Lib\site-packages\django\db\models\sql\query.py", line 1532, in add_q
    clause, _ = self._add_q(q_object, self.used_aliases)
                ~~~~~~~~~~~^^^^^^^^^^^^^^^^^^^^^^^^^^^^^
  File "D:\Projects\Current Projects\NDAS - Project\NDAS\venv\Lib\site-packages\django\db\models\sql\query.py", line 1562, in _add_q
    child_clause, needed_inner = self.build_filter(
                                 ~~~~~~~~~~~~~~~~~^
        child,
        ^^^^^^
    ...<5 lines>...
        check_filterable=check_filterable,
        ^^^^^^^^^^^^^^^^^^^^^^^^^^^^^^^^^^
    )
    ^
  File "D:\Projects\Current Projects\NDAS - Project\NDAS\venv\Lib\site-packages\django\db\models\sql\query.py", line 1388, in build_filter
    return self._add_q(
           ~~~~~~~~~~~^
        filter_expr,
        ^^^^^^^^^^^^
    ...<5 lines>...
        check_filterable=check_filterable,
        ^^^^^^^^^^^^^^^^^^^^^^^^^^^^^^^^^^
    )
    ^
  File "D:\Projects\Current Projects\NDAS - Project\NDAS\venv\Lib\site-packages\django\db\models\sql\query.py", line 1562, in _add_q
    child_clause, needed_inner = self.build_filter(
                                 ~~~~~~~~~~~~~~~~~^
        child,
        ^^^^^^
    ...<5 lines>...
        check_filterable=check_filterable,
        ^^^^^^^^^^^^^^^^^^^^^^^^^^^^^^^^^^
    )
    ^
  File "D:\Projects\Current Projects\NDAS - Project\NDAS\venv\Lib\site-packages\django\db\models\sql\query.py", line 1407, in build_filter
    lookups, parts, reffed_expression = self.solve_lookup_type(arg)
                                        ~~~~~~~~~~~~~~~~~~~~~~^^^^^
  File "D:\Projects\Current Projects\NDAS - Project\NDAS\venv\Lib\site-packages\django\db\models\sql\query.py", line 1217, in solve_lookup_type
    _, field, _, lookup_parts = self.names_to_path(lookup_splitted, self.get_meta())
                                ~~~~~~~~~~~~~~~~~~^^^^^^^^^^^^^^^^^^^^^^^^^^^^^^^^^^
  File "D:\Projects\Current Projects\NDAS - Project\NDAS\venv\Lib\site-packages\django\db\models\sql\query.py", line 1709, in names_to_path
    raise FieldError(
    ...<2 lines>...
    )
django.core.exceptions.FieldError: Cannot resolve keyword 'developmentalassessment' into field. Choices are: added_by, added_by_id, address, antenatal_hx, apgar_1, apgar_10, apgar_5, attachments, baby_name, bht, birth_weight, cdicrecord, created_at, developmental_assessments, disk_no, do_admission, do_discharge, dob_tob, gender, gmassessment, hine_assessments, id, indecation_for_gma, intranatal_hx, last_edit_by, last_edit_by_id, length, mo_delivery, moh_area, mother_name, nnc_no, ofc, other_relavent_details, pc_no, phm_area, pin, pog_days, pog_wks, postnatal_hx, problems, ptc_no, resuscitated, resustn_note, tp_lan, tp_mobile, updated_at, videos
ERROR 2025-09-26 10:45:05,369 basehttp 13472 6728 "GET /manager/patient/diagnosed/any HTTP/1.1" 500 147436
INFO 2025-09-26 10:45:56,390 autoreload 13472 17828 D:\Projects\Current Projects\NDAS - Project\NDAS\ndas\custom_codes\custom_methods.py changed, reloading.
INFO 2025-09-26 10:45:57,391 autoreload 9316 15712 Watching for file changes with StatReloader
INFO 2025-09-26 10:46:12,855 basehttp 9316 1428 "GET /manager/patient/diagnosed/any HTTP/1.1" 302 0
INFO 2025-09-26 10:46:12,871 basehttp 9316 1428 "GET /users/login/?next=/manager/patient/diagnosed/any HTTP/1.1" 200 15740
INFO 2025-09-26 10:46:16,134 basehttp 9316 1428 "POST /users/login/ HTTP/1.1" 302 0
INFO 2025-09-26 10:46:16,376 basehttp 9316 1428 "GET / HTTP/1.1" 200 50513
INFO 2025-09-26 10:46:20,813 basehttp 9316 1428 "GET /manager/patient/ HTTP/1.1" 200 56208
INFO 2025-09-26 10:46:24,188 basehttp 9316 1428 "GET /manager/patient/diagnosed/any HTTP/1.1" 200 53326
INFO 2025-09-26 10:46:29,987 basehttp 9316 1428 "GET /manager/patient/new HTTP/1.1" 200 42947
INFO 2025-09-26 10:46:33,017 basehttp 9316 1428 "GET /manager/patient/normal HTTP/1.1" 200 56202
INFO 2025-09-26 10:46:36,928 basehttp 9316 1428 "GET /manager/patient/diagnosed/gma/normal HTTP/1.1" 200 53269
INFO 2025-09-26 10:46:43,912 basehttp 9316 1428 "GET /manager/patient/diagnosed/gma/abnormal HTTP/1.1" 200 50393
INFO 2025-09-26 10:46:48,758 basehttp 9316 1428 "GET /manager/patient/diagnosed/da/normal HTTP/1.1" 200 42947
INFO 2025-09-26 10:46:51,797 basehttp 9316 1428 "GET /manager/patient/diagnosed/da/abnormal HTTP/1.1" 200 42947
INFO 2025-09-26 10:46:55,643 basehttp 9316 1428 "GET /manager/patient/diagnosed/hine HTTP/1.1" 200 50436
INFO 2025-09-26 10:47:05,145 basehttp 9316 1428 "GET /manager/patient/discharged HTTP/1.1" 200 42947
INFO 2025-09-26 10:47:10,477 basehttp 9316 1428 "GET /manager/patient/diagnosed/any HTTP/1.1" 200 53326
INFO 2025-09-26 10:47:17,043 basehttp 9316 1428 "GET /manager/patient/ HTTP/1.1" 200 56208
INFO 2025-09-26 10:47:20,630 basehttp 9316 1428 "GET /manager/patient/diagnosed/any HTTP/1.1" 200 53326
INFO 2025-09-26 10:47:35,090 basehttp 9316 1428 "GET /patient/add/ HTTP/1.1" 200 64394
WARNING 2025-09-26 13:20:50,600 log 9316 13084 Not Found: /.well-known/appspecific/com.chrome.devtools.json
WARNING 2025-09-26 13:20:50,602 basehttp 9316 13084 "GET /.well-known/appspecific/com.chrome.devtools.json HTTP/1.1" 404 15988
INFO 2025-09-26 13:30:44,117 basehttp 9316 10552 "GET /patient/add/ HTTP/1.1" 302 0
INFO 2025-09-26 13:30:44,145 basehttp 9316 10552 "GET /users/login/?next=/patient/add/ HTTP/1.1" 200 15740
INFO 2025-09-26 13:30:46,596 basehttp 9316 10552 "POST /users/login/ HTTP/1.1" 302 0
INFO 2025-09-26 13:30:46,811 basehttp 9316 10552 "GET / HTTP/1.1" 200 50513
INFO 2025-09-26 13:30:48,302 basehttp 9316 10552 "GET /patient/add/ HTTP/1.1" 200 64394
INFO 2025-09-26 13:35:53,816 basehttp 9316 2508 "GET /patient/add/ HTTP/1.1" 200 66395
INFO 2025-09-26 13:39:41,818 basehttp 9316 2508 "GET /patient/add/ HTTP/1.1" 200 67323
WARNING 2025-09-26 13:42:01,211 log 9316 2508 Not Found: /.well-known/appspecific/com.chrome.devtools.json
WARNING 2025-09-26 13:42:01,213 basehttp 9316 2508 "GET /.well-known/appspecific/com.chrome.devtools.json HTTP/1.1" 404 15988
INFO 2025-09-26 13:43:15,392 basehttp 9316 18620 "GET /patient/add/ HTTP/1.1" 200 70058
INFO 2025-09-26 13:45:41,295 basehttp 9316 18620 "GET /patient/add/ HTTP/1.1" 200 68540
INFO 2025-09-26 13:47:19,635 basehttp 9316 18620 "GET /patient/add/ HTTP/1.1" 200 68455
INFO 2025-09-26 13:49:03,220 basehttp 9316 18620 "GET /patient/add/ HTTP/1.1" 200 68456
INFO 2025-09-26 13:49:04,709 basehttp 9316 18620 "GET /patient/add/ HTTP/1.1" 200 68456
INFO 2025-09-26 13:50:17,621 basehttp 9316 18620 "GET /patient/add/ HTTP/1.1" 200 68568
INFO 2025-09-26 13:50:43,216 basehttp 9316 18620 "GET /patient/add/ HTTP/1.1" 200 68596
INFO 2025-09-26 13:50:55,654 basehttp 9316 10428 "GET /patient/add/ HTTP/1.1" 200 68598
INFO 2025-09-26 13:51:19,023 basehttp 9316 10428 "GET /patient/add/ HTTP/1.1" 200 68480
INFO 2025-09-26 13:51:46,672 basehttp 9316 10428 "GET /patient/add/ HTTP/1.1" 200 68484
INFO 2025-09-26 13:58:55,358 basehttp 9316 3664 "GET /patient/add/ HTTP/1.1" 200 68505
INFO 2025-09-26 14:02:30,177 basehttp 9316 19892 "POST /patient/add/ HTTP/1.1" 200 69815
INFO 2025-09-26 14:03:10,393 basehttp 9316 19892 "POST /patient/add/ HTTP/1.1" 302 0
INFO 2025-09-26 14:03:10,608 basehttp 9316 19892 "GET /patient/view/5/ HTTP/1.1" 200 104774
INFO 2025-09-26 14:04:29,204 basehttp 9316 19892 "GET /da/add/5/ HTTP/1.1" 200 55476
INFO 2025-09-26 14:04:51,200 basehttp 9316 19892 "GET /patient/add/ HTTP/1.1" 200 68505
INFO 2025-09-27 20:15:52,807 autoreload 2600 4632 Watching for file changes with StatReloader
INFO 2025-09-27 20:15:59,474 basehttp 2600 4868 "GET / HTTP/1.1" 302 0
INFO 2025-09-27 20:15:59,661 basehttp 2600 4868 "GET /users/login/?next=/ HTTP/1.1" 200 15740
INFO 2025-09-27 20:15:59,752 basehttp 2600 4868 "GET /static/dist/css/custom_css.css HTTP/1.1" 304 0
INFO 2025-09-27 20:15:59,753 basehttp 2600 8540 "GET /static/dist/css/ndas-sidebar.css HTTP/1.1" 304 0
INFO 2025-09-27 20:15:59,763 basehttp 2600 11728 "GET /static/js/login.js HTTP/1.1" 304 0
INFO 2025-09-27 20:15:59,764 basehttp 2600 5248 "GET /static/css/login.css HTTP/1.1" 304 0
WARNING 2025-09-27 20:16:00,291 log 2600 5248 Not Found: /favicon.ico
WARNING 2025-09-27 20:16:00,292 basehttp 2600 5248 "GET /favicon.ico HTTP/1.1" 404 15877
INFO 2025-09-27 20:16:07,080 basehttp 2600 13644 "POST /users/login/ HTTP/1.1" 302 0
INFO 2025-09-27 20:16:07,571 basehttp 2600 13644 "GET / HTTP/1.1" 200 51230
INFO 2025-09-27 20:16:49,075 basehttp 2600 8552 "GET /?id=4aae8608-8b56-4a21-a81d-98d02b28db2a&vscodeBrowserReqId=1758984409063 HTTP/1.1" 302 0
INFO 2025-09-27 20:16:49,087 basehttp 2600 8552 "GET /users/login/?next=/%3Fid%3D4aae8608-8b56-4a21-a81d-98d02b28db2a%26vscodeBrowserReqId%3D1758984409063 HTTP/1.1" 200 15740
INFO 2025-09-27 20:17:33,075 basehttp 2600 20172 "GET / HTTP/1.1" 302 0
INFO 2025-09-27 20:17:33,084 basehttp 2600 20172 "GET /users/login/?next=/ HTTP/1.1" 200 15740
INFO 2025-09-27 20:17:33,316 basehttp 2600 20172 "GET /static/dist/css/social.css HTTP/1.1" 200 2189
INFO 2025-09-27 20:17:33,329 basehttp 2600 2468 "GET /static/js/login.js HTTP/1.1" 200 2964
INFO 2025-09-27 20:17:33,340 basehttp 2600 4144 "GET /static/dist/css/ndas-sidebar.css HTTP/1.1" 200 3918
INFO 2025-09-27 20:17:33,357 basehttp 2600 12416 "GET /static/css/login.css HTTP/1.1" 200 6558
INFO 2025-09-27 20:17:33,364 basehttp 2600 13280 "GET /static/dist/css/custom_css.css HTTP/1.1" 200 2900
INFO 2025-09-27 20:17:33,376 basehttp 2600 14992 "GET /static/js/videojs-failsafe.js HTTP/1.1" 200 3039
INFO 2025-09-27 20:17:33,389 basehttp 2600 2468 "GET /static/js/main.js HTTP/1.1" 200 2140
INFO 2025-09-27 20:17:33,408 basehttp 2600 20172 "GET /static/js/utils.js HTTP/1.1" 200 5565
INFO 2025-09-27 20:17:33,439 basehttp 2600 4144 "GET /static/js/debug.js HTTP/1.1" 200 4304
INFO 2025-09-27 20:17:33,513 basehttp 2600 20172 "GET /static/js/rotate.js HTTP/1.1" 200 4611
INFO 2025-09-27 20:17:33,514 basehttp 2600 4144 "GET /static/js/zoomrotate.js HTTP/1.1" 200 5853
WARNING 2025-09-27 20:17:34,599 log 2600 4144 Not Found: /favicon.ico
WARNING 2025-09-27 20:17:34,600 basehttp 2600 4144 "GET /favicon.ico HTTP/1.1" 404 15877
INFO 2025-09-27 20:18:22,173 basehttp 2600 13856 "GET /users/logout/ HTTP/1.1" 302 0
INFO 2025-09-27 20:18:22,187 basehttp 2600 13856 "GET /users/login/ HTTP/1.1" 200 16070
INFO 2025-09-27 20:24:48,087 basehttp 2600 18152 "GET /users/login/ HTTP/1.1" 200 15740
INFO 2025-09-27 20:24:48,138 basehttp 2600 18152 "GET /static/js/main.js HTTP/1.1" 304 0
INFO 2025-09-27 20:24:50,134 basehttp 2600 18152 "GET /users/login/ HTTP/1.1" 200 15740
INFO 2025-09-27 20:24:51,027 basehttp 2600 18152 "GET /users/login/ HTTP/1.1" 200 15740
INFO 2025-09-27 20:25:57,554 basehttp 2600 17568 "GET /users/login/ HTTP/1.1" 200 15740
INFO 2025-09-27 20:25:58,826 basehttp 2600 17568 "GET /users/login/ HTTP/1.1" 200 15740
INFO 2025-09-27 20:25:59,936 basehttp 2600 17568 "GET /users/login/ HTTP/1.1" 200 15740
INFO 2025-09-27 20:27:51,400 basehttp 2600 4660 "GET /users/login/ HTTP/1.1" 200 15740
INFO 2025-09-27 20:27:52,657 basehttp 2600 4660 "GET /users/login/ HTTP/1.1" 200 15740
INFO 2025-09-27 20:27:58,102 basehttp 2600 4660 "POST /users/login/ HTTP/1.1" 302 0
INFO 2025-09-27 20:27:58,308 basehttp 2600 4660 "GET / HTTP/1.1" 200 51230
INFO 2025-09-27 20:28:04,960 basehttp 2600 4660 "GET /users/logout/ HTTP/1.1" 302 0
INFO 2025-09-27 20:28:04,975 basehttp 2600 4660 "GET /users/login/ HTTP/1.1" 200 16070
ERROR 2025-09-27 20:28:19,703 log 2600 4660 Internal Server Error: /users/contact-developer/
Traceback (most recent call last):
  File "D:\Projects\Current Projects\NDAS - Project\NDAS\venv\Lib\site-packages\django\template\base.py", line 505, in parse
    compile_func = self.tags[command]
                   ~~~~~~~~~^^^^^^^^^
KeyError: 'endif'

During handling of the above exception, another exception occurred:

Traceback (most recent call last):
  File "D:\Projects\Current Projects\NDAS - Project\NDAS\venv\Lib\site-packages\django\core\handlers\exception.py", line 55, in inner
    response = get_response(request)
  File "D:\Projects\Current Projects\NDAS - Project\NDAS\venv\Lib\site-packages\django\core\handlers\base.py", line 197, in _get_response
    response = wrapped_callback(request, *callback_args, **callback_kwargs)
  File "D:\Projects\Current Projects\NDAS - Project\NDAS\users\views.py", line 263, in developerContacts
    return render(request, 'users/contact-developer.html', {'logged_user': logged_user, 'developer': developer, 'var': var})
  File "D:\Projects\Current Projects\NDAS - Project\NDAS\venv\Lib\site-packages\django\shortcuts.py", line 24, in render
    content = loader.render_to_string(template_name, context, request, using=using)
  File "D:\Projects\Current Projects\NDAS - Project\NDAS\venv\Lib\site-packages\django\template\loader.py", line 61, in render_to_string
    template = get_template(template_name, using=using)
  File "D:\Projects\Current Projects\NDAS - Project\NDAS\venv\Lib\site-packages\django\template\loader.py", line 15, in get_template
    return engine.get_template(template_name)
           ~~~~~~~~~~~~~~~~~~~^^^^^^^^^^^^^^^
  File "D:\Projects\Current Projects\NDAS - Project\NDAS\venv\Lib\site-packages\django\template\backends\django.py", line 34, in get_template
    return Template(self.engine.get_template(template_name), self)
                    ~~~~~~~~~~~~~~~~~~~~~~~~^^^^^^^^^^^^^^^
  File "D:\Projects\Current Projects\NDAS - Project\NDAS\venv\Lib\site-packages\django\template\engine.py", line 175, in get_template
    template, origin = self.find_template(template_name)
                       ~~~~~~~~~~~~~~~~~~^^^^^^^^^^^^^^^
  File "D:\Projects\Current Projects\NDAS - Project\NDAS\venv\Lib\site-packages\django\template\engine.py", line 157, in find_template
    template = loader.get_template(name, skip=skip)
  File "D:\Projects\Current Projects\NDAS - Project\NDAS\venv\Lib\site-packages\django\template\loaders\cached.py", line 57, in get_template
    template = super().get_template(template_name, skip)
  File "D:\Projects\Current Projects\NDAS - Project\NDAS\venv\Lib\site-packages\django\template\loaders\base.py", line 28, in get_template
    return Template(
        contents,
    ...<2 lines>...
        self.engine,
    )
  File "D:\Projects\Current Projects\NDAS - Project\NDAS\venv\Lib\site-packages\django\template\base.py", line 154, in __init__
    self.nodelist = self.compile_nodelist()
                    ~~~~~~~~~~~~~~~~~~~~~^^
  File "D:\Projects\Current Projects\NDAS - Project\NDAS\venv\Lib\site-packages\django\template\base.py", line 200, in compile_nodelist
    return parser.parse()
           ~~~~~~~~~~~~^^
  File "D:\Projects\Current Projects\NDAS - Project\NDAS\venv\Lib\site-packages\django\template\base.py", line 513, in parse
    raise self.error(token, e)
  File "D:\Projects\Current Projects\NDAS - Project\NDAS\venv\Lib\site-packages\django\template\base.py", line 511, in parse
    compiled_result = compile_func(self, token)
  File "D:\Projects\Current Projects\NDAS - Project\NDAS\venv\Lib\site-packages\django\template\loader_tags.py", line 293, in do_extends
    nodelist = parser.parse()
  File "D:\Projects\Current Projects\NDAS - Project\NDAS\venv\Lib\site-packages\django\template\base.py", line 513, in parse
    raise self.error(token, e)
  File "D:\Projects\Current Projects\NDAS - Project\NDAS\venv\Lib\site-packages\django\template\base.py", line 511, in parse
    compiled_result = compile_func(self, token)
  File "D:\Projects\Current Projects\NDAS - Project\NDAS\venv\Lib\site-packages\django\template\loader_tags.py", line 232, in do_block
    nodelist = parser.parse(("endblock",))
  File "D:\Projects\Current Projects\NDAS - Project\NDAS\venv\Lib\site-packages\django\template\base.py", line 507, in parse
    self.invalid_block_tag(token, command, parse_until)
    ~~~~~~~~~~~~~~~~~~~~~~^^^^^^^^^^^^^^^^^^^^^^^^^^^^^
  File "D:\Projects\Current Projects\NDAS - Project\NDAS\venv\Lib\site-packages\django\template\base.py", line 558, in invalid_block_tag
    raise self.error(
    ...<8 lines>...
    )
django.template.exceptions.TemplateSyntaxError: Invalid block tag on line 450: 'endif', expected 'endblock'. Did you forget to register or load this tag?
ERROR 2025-09-27 20:28:19,734 basehttp 2600 4660 "GET /users/contact-developer/ HTTP/1.1" 500 202465
INFO 2025-09-27 20:33:44,413 basehttp 2600 17248 "GET /users/login/ HTTP/1.1" 200 16885
INFO 2025-09-27 20:33:47,204 basehttp 2600 17248 "GET /users/login/ HTTP/1.1" 200 16885
INFO 2025-09-27 20:33:48,652 basehttp 2600 17248 "GET /users/login/ HTTP/1.1" 200 16885
INFO 2025-09-27 20:33:50,037 basehttp 2600 17248 "GET /users/login/ HTTP/1.1" 200 16885
INFO 2025-09-27 20:33:51,358 basehttp 2600 17248 "GET /users/login/ HTTP/1.1" 200 16885
INFO 2025-09-27 20:33:52,174 basehttp 2600 17248 "GET /users/login/ HTTP/1.1" 200 16885
INFO 2025-09-27 20:34:02,452 basehttp 2600 17248 "GET /users/login/ HTTP/1.1" 200 16885
INFO 2025-09-27 20:34:03,187 basehttp 2600 17248 "GET /users/login/ HTTP/1.1" 200 16885
INFO 2025-09-27 20:34:05,436 basehttp 2600 17248 "POST /users/login/ HTTP/1.1" 302 0
INFO 2025-09-27 20:34:05,646 basehttp 2600 17248 "GET / HTTP/1.1" 200 51230
INFO 2025-09-27 20:34:09,372 basehttp 2600 17248 "GET / HTTP/1.1" 200 50906
INFO 2025-09-27 20:34:15,756 basehttp 2600 17248 "GET /users/logout/ HTTP/1.1" 302 0
INFO 2025-09-27 20:34:15,770 basehttp 2600 17248 "GET /users/login/ HTTP/1.1" 200 17215
INFO 2025-09-27 20:34:20,656 basehttp 2600 17248 "GET /users/reset_password/ HTTP/1.1" 200 20301
ERROR 2025-09-27 20:34:38,826 log 2600 17248 Internal Server Error: /users/contact-developer/
Traceback (most recent call last):
  File "D:\Projects\Current Projects\NDAS - Project\NDAS\venv\Lib\site-packages\django\template\base.py", line 505, in parse
    compile_func = self.tags[command]
                   ~~~~~~~~~^^^^^^^^^
KeyError: 'endif'

During handling of the above exception, another exception occurred:

Traceback (most recent call last):
  File "D:\Projects\Current Projects\NDAS - Project\NDAS\venv\Lib\site-packages\django\core\handlers\exception.py", line 55, in inner
    response = get_response(request)
  File "D:\Projects\Current Projects\NDAS - Project\NDAS\venv\Lib\site-packages\django\core\handlers\base.py", line 197, in _get_response
    response = wrapped_callback(request, *callback_args, **callback_kwargs)
  File "D:\Projects\Current Projects\NDAS - Project\NDAS\users\views.py", line 263, in developerContacts
    return render(request, 'users/contact-developer.html', {'logged_user': logged_user, 'developer': developer, 'var': var})
  File "D:\Projects\Current Projects\NDAS - Project\NDAS\venv\Lib\site-packages\django\shortcuts.py", line 24, in render
    content = loader.render_to_string(template_name, context, request, using=using)
  File "D:\Projects\Current Projects\NDAS - Project\NDAS\venv\Lib\site-packages\django\template\loader.py", line 61, in render_to_string
    template = get_template(template_name, using=using)
  File "D:\Projects\Current Projects\NDAS - Project\NDAS\venv\Lib\site-packages\django\template\loader.py", line 15, in get_template
    return engine.get_template(template_name)
           ~~~~~~~~~~~~~~~~~~~^^^^^^^^^^^^^^^
  File "D:\Projects\Current Projects\NDAS - Project\NDAS\venv\Lib\site-packages\django\template\backends\django.py", line 34, in get_template
    return Template(self.engine.get_template(template_name), self)
                    ~~~~~~~~~~~~~~~~~~~~~~~~^^^^^^^^^^^^^^^
  File "D:\Projects\Current Projects\NDAS - Project\NDAS\venv\Lib\site-packages\django\template\engine.py", line 175, in get_template
    template, origin = self.find_template(template_name)
                       ~~~~~~~~~~~~~~~~~~^^^^^^^^^^^^^^^
  File "D:\Projects\Current Projects\NDAS - Project\NDAS\venv\Lib\site-packages\django\template\engine.py", line 157, in find_template
    template = loader.get_template(name, skip=skip)
  File "D:\Projects\Current Projects\NDAS - Project\NDAS\venv\Lib\site-packages\django\template\loaders\cached.py", line 57, in get_template
    template = super().get_template(template_name, skip)
  File "D:\Projects\Current Projects\NDAS - Project\NDAS\venv\Lib\site-packages\django\template\loaders\base.py", line 28, in get_template
    return Template(
        contents,
    ...<2 lines>...
        self.engine,
    )
  File "D:\Projects\Current Projects\NDAS - Project\NDAS\venv\Lib\site-packages\django\template\base.py", line 154, in __init__
    self.nodelist = self.compile_nodelist()
                    ~~~~~~~~~~~~~~~~~~~~~^^
  File "D:\Projects\Current Projects\NDAS - Project\NDAS\venv\Lib\site-packages\django\template\base.py", line 200, in compile_nodelist
    return parser.parse()
           ~~~~~~~~~~~~^^
  File "D:\Projects\Current Projects\NDAS - Project\NDAS\venv\Lib\site-packages\django\template\base.py", line 513, in parse
    raise self.error(token, e)
  File "D:\Projects\Current Projects\NDAS - Project\NDAS\venv\Lib\site-packages\django\template\base.py", line 511, in parse
    compiled_result = compile_func(self, token)
  File "D:\Projects\Current Projects\NDAS - Project\NDAS\venv\Lib\site-packages\django\template\loader_tags.py", line 293, in do_extends
    nodelist = parser.parse()
  File "D:\Projects\Current Projects\NDAS - Project\NDAS\venv\Lib\site-packages\django\template\base.py", line 513, in parse
    raise self.error(token, e)
  File "D:\Projects\Current Projects\NDAS - Project\NDAS\venv\Lib\site-packages\django\template\base.py", line 511, in parse
    compiled_result = compile_func(self, token)
  File "D:\Projects\Current Projects\NDAS - Project\NDAS\venv\Lib\site-packages\django\template\loader_tags.py", line 232, in do_block
    nodelist = parser.parse(("endblock",))
  File "D:\Projects\Current Projects\NDAS - Project\NDAS\venv\Lib\site-packages\django\template\base.py", line 507, in parse
    self.invalid_block_tag(token, command, parse_until)
    ~~~~~~~~~~~~~~~~~~~~~~^^^^^^^^^^^^^^^^^^^^^^^^^^^^^
  File "D:\Projects\Current Projects\NDAS - Project\NDAS\venv\Lib\site-packages\django\template\base.py", line 558, in invalid_block_tag
    raise self.error(
    ...<8 lines>...
    )
django.template.exceptions.TemplateSyntaxError: Invalid block tag on line 450: 'endif', expected 'endblock'. Did you forget to register or load this tag?
ERROR 2025-09-27 20:34:38,843 basehttp 2600 17248 "GET /users/contact-developer/ HTTP/1.1" 500 202465
INFO 2025-09-27 20:35:32,692 basehttp 2600 17248 "GET /users/login/ HTTP/1.1" 200 15740
INFO 2025-09-27 20:35:33,640 basehttp 2600 17248 "GET /users/login/ HTTP/1.1" 200 15740
INFO 2025-09-27 20:35:43,964 basehttp 2600 17248 "POST /users/login/ HTTP/1.1" 302 0
INFO 2025-09-27 20:35:44,202 basehttp 2600 17248 "GET / HTTP/1.1" 200 51230
ERROR 2025-09-27 20:36:11,275 log 2600 17248 Internal Server Error: /users/contact-developer/
Traceback (most recent call last):
  File "D:\Projects\Current Projects\NDAS - Project\NDAS\venv\Lib\site-packages\django\template\base.py", line 505, in parse
    compile_func = self.tags[command]
                   ~~~~~~~~~^^^^^^^^^
KeyError: 'endif'

During handling of the above exception, another exception occurred:

Traceback (most recent call last):
  File "D:\Projects\Current Projects\NDAS - Project\NDAS\venv\Lib\site-packages\django\core\handlers\exception.py", line 55, in inner
    response = get_response(request)
  File "D:\Projects\Current Projects\NDAS - Project\NDAS\venv\Lib\site-packages\django\core\handlers\base.py", line 197, in _get_response
    response = wrapped_callback(request, *callback_args, **callback_kwargs)
  File "D:\Projects\Current Projects\NDAS - Project\NDAS\users\views.py", line 263, in developerContacts
    return render(request, 'users/contact-developer.html', {'logged_user': logged_user, 'developer': developer, 'var': var})
  File "D:\Projects\Current Projects\NDAS - Project\NDAS\venv\Lib\site-packages\django\shortcuts.py", line 24, in render
    content = loader.render_to_string(template_name, context, request, using=using)
  File "D:\Projects\Current Projects\NDAS - Project\NDAS\venv\Lib\site-packages\django\template\loader.py", line 61, in render_to_string
    template = get_template(template_name, using=using)
  File "D:\Projects\Current Projects\NDAS - Project\NDAS\venv\Lib\site-packages\django\template\loader.py", line 15, in get_template
    return engine.get_template(template_name)
           ~~~~~~~~~~~~~~~~~~~^^^^^^^^^^^^^^^
  File "D:\Projects\Current Projects\NDAS - Project\NDAS\venv\Lib\site-packages\django\template\backends\django.py", line 34, in get_template
    return Template(self.engine.get_template(template_name), self)
                    ~~~~~~~~~~~~~~~~~~~~~~~~^^^^^^^^^^^^^^^
  File "D:\Projects\Current Projects\NDAS - Project\NDAS\venv\Lib\site-packages\django\template\engine.py", line 175, in get_template
    template, origin = self.find_template(template_name)
                       ~~~~~~~~~~~~~~~~~~^^^^^^^^^^^^^^^
  File "D:\Projects\Current Projects\NDAS - Project\NDAS\venv\Lib\site-packages\django\template\engine.py", line 157, in find_template
    template = loader.get_template(name, skip=skip)
  File "D:\Projects\Current Projects\NDAS - Project\NDAS\venv\Lib\site-packages\django\template\loaders\cached.py", line 57, in get_template
    template = super().get_template(template_name, skip)
  File "D:\Projects\Current Projects\NDAS - Project\NDAS\venv\Lib\site-packages\django\template\loaders\base.py", line 28, in get_template
    return Template(
        contents,
    ...<2 lines>...
        self.engine,
    )
  File "D:\Projects\Current Projects\NDAS - Project\NDAS\venv\Lib\site-packages\django\template\base.py", line 154, in __init__
    self.nodelist = self.compile_nodelist()
                    ~~~~~~~~~~~~~~~~~~~~~^^
  File "D:\Projects\Current Projects\NDAS - Project\NDAS\venv\Lib\site-packages\django\template\base.py", line 200, in compile_nodelist
    return parser.parse()
           ~~~~~~~~~~~~^^
  File "D:\Projects\Current Projects\NDAS - Project\NDAS\venv\Lib\site-packages\django\template\base.py", line 513, in parse
    raise self.error(token, e)
  File "D:\Projects\Current Projects\NDAS - Project\NDAS\venv\Lib\site-packages\django\template\base.py", line 511, in parse
    compiled_result = compile_func(self, token)
  File "D:\Projects\Current Projects\NDAS - Project\NDAS\venv\Lib\site-packages\django\template\loader_tags.py", line 293, in do_extends
    nodelist = parser.parse()
  File "D:\Projects\Current Projects\NDAS - Project\NDAS\venv\Lib\site-packages\django\template\base.py", line 513, in parse
    raise self.error(token, e)
  File "D:\Projects\Current Projects\NDAS - Project\NDAS\venv\Lib\site-packages\django\template\base.py", line 511, in parse
    compiled_result = compile_func(self, token)
  File "D:\Projects\Current Projects\NDAS - Project\NDAS\venv\Lib\site-packages\django\template\loader_tags.py", line 232, in do_block
    nodelist = parser.parse(("endblock",))
  File "D:\Projects\Current Projects\NDAS - Project\NDAS\venv\Lib\site-packages\django\template\base.py", line 507, in parse
    self.invalid_block_tag(token, command, parse_until)
    ~~~~~~~~~~~~~~~~~~~~~~^^^^^^^^^^^^^^^^^^^^^^^^^^^^^
  File "D:\Projects\Current Projects\NDAS - Project\NDAS\venv\Lib\site-packages\django\template\base.py", line 558, in invalid_block_tag
    raise self.error(
    ...<8 lines>...
    )
django.template.exceptions.TemplateSyntaxError: Invalid block tag on line 450: 'endif', expected 'endblock'. Did you forget to register or load this tag?
ERROR 2025-09-27 20:36:11,300 basehttp 2600 17248 "GET /users/contact-developer/ HTTP/1.1" 500 202582
INFO 2025-09-27 20:38:35,628 basehttp 2600 12980 "GET /users/contact-developer/ HTTP/1.1" 200 27625
INFO 2025-09-27 20:38:46,306 basehttp 2600 9448 "GET / HTTP/1.1" 200 50906
INFO 2025-09-27 20:38:52,749 basehttp 2600 18868 "GET /users/logout/ HTTP/1.1" 302 0
INFO 2025-09-27 20:38:52,760 basehttp 2600 18868 "GET /users/login/ HTTP/1.1" 200 16070
INFO 2025-09-27 20:38:55,717 basehttp 2600 18868 "POST /users/login/ HTTP/1.1" 302 0
INFO 2025-09-27 20:38:55,935 basehttp 2600 18868 "GET / HTTP/1.1" 200 51230
INFO 2025-09-27 20:39:04,673 basehttp 2600 6948 "GET /users/logout/ HTTP/1.1" 302 0
INFO 2025-09-27 20:39:04,696 basehttp 2600 6948 "GET /users/login/ HTTP/1.1" 200 16070
INFO 2025-09-27 20:39:06,989 basehttp 2600 6948 "GET /users/contact-developer/ HTTP/1.1" 200 17704
INFO 2025-09-27 20:41:07,938 basehttp 2600 2660 "GET /users/contact-developer/ HTTP/1.1" 200 16569
INFO 2025-09-27 20:41:56,090 basehttp 2600 10060 "GET /users/login/ HTTP/1.1" 200 15740
INFO 2025-09-27 20:41:58,179 basehttp 2600 10060 "POST /users/login/ HTTP/1.1" 302 0
INFO 2025-09-27 20:41:58,409 basehttp 2600 10060 "GET / HTTP/1.1" 200 51230
INFO 2025-09-27 20:42:07,819 basehttp 2600 10540 "GET /users/contact-developer/ HTTP/1.1" 200 27625
ERROR 2025-09-27 20:43:49,587 log 2600 10540 Internal Server Error: /users/contact-developer/
Traceback (most recent call last):
  File "D:\Projects\Current Projects\NDAS - Project\NDAS\venv\Lib\site-packages\django\template\base.py", line 505, in parse
    compile_func = self.tags[command]
                   ~~~~~~~~~^^^^^^^^^
KeyError: 'else'

During handling of the above exception, another exception occurred:

Traceback (most recent call last):
  File "D:\Projects\Current Projects\NDAS - Project\NDAS\venv\Lib\site-packages\django\core\handlers\exception.py", line 55, in inner
    response = get_response(request)
  File "D:\Projects\Current Projects\NDAS - Project\NDAS\venv\Lib\site-packages\django\core\handlers\base.py", line 197, in _get_response
    response = wrapped_callback(request, *callback_args, **callback_kwargs)
  File "D:\Projects\Current Projects\NDAS - Project\NDAS\users\views.py", line 263, in developerContacts
    return render(request, 'users/contact-developer.html', {'logged_user': logged_user, 'developer': developer, 'var': var})
  File "D:\Projects\Current Projects\NDAS - Project\NDAS\venv\Lib\site-packages\django\shortcuts.py", line 24, in render
    content = loader.render_to_string(template_name, context, request, using=using)
  File "D:\Projects\Current Projects\NDAS - Project\NDAS\venv\Lib\site-packages\django\template\loader.py", line 61, in render_to_string
    template = get_template(template_name, using=using)
  File "D:\Projects\Current Projects\NDAS - Project\NDAS\venv\Lib\site-packages\django\template\loader.py", line 15, in get_template
    return engine.get_template(template_name)
           ~~~~~~~~~~~~~~~~~~~^^^^^^^^^^^^^^^
  File "D:\Projects\Current Projects\NDAS - Project\NDAS\venv\Lib\site-packages\django\template\backends\django.py", line 34, in get_template
    return Template(self.engine.get_template(template_name), self)
                    ~~~~~~~~~~~~~~~~~~~~~~~~^^^^^^^^^^^^^^^
  File "D:\Projects\Current Projects\NDAS - Project\NDAS\venv\Lib\site-packages\django\template\engine.py", line 175, in get_template
    template, origin = self.find_template(template_name)
                       ~~~~~~~~~~~~~~~~~~^^^^^^^^^^^^^^^
  File "D:\Projects\Current Projects\NDAS - Project\NDAS\venv\Lib\site-packages\django\template\engine.py", line 157, in find_template
    template = loader.get_template(name, skip=skip)
  File "D:\Projects\Current Projects\NDAS - Project\NDAS\venv\Lib\site-packages\django\template\loaders\cached.py", line 57, in get_template
    template = super().get_template(template_name, skip)
  File "D:\Projects\Current Projects\NDAS - Project\NDAS\venv\Lib\site-packages\django\template\loaders\base.py", line 28, in get_template
    return Template(
        contents,
    ...<2 lines>...
        self.engine,
    )
  File "D:\Projects\Current Projects\NDAS - Project\NDAS\venv\Lib\site-packages\django\template\base.py", line 154, in __init__
    self.nodelist = self.compile_nodelist()
                    ~~~~~~~~~~~~~~~~~~~~~^^
  File "D:\Projects\Current Projects\NDAS - Project\NDAS\venv\Lib\site-packages\django\template\base.py", line 200, in compile_nodelist
    return parser.parse()
           ~~~~~~~~~~~~^^
  File "D:\Projects\Current Projects\NDAS - Project\NDAS\venv\Lib\site-packages\django\template\base.py", line 513, in parse
    raise self.error(token, e)
  File "D:\Projects\Current Projects\NDAS - Project\NDAS\venv\Lib\site-packages\django\template\base.py", line 511, in parse
    compiled_result = compile_func(self, token)
  File "D:\Projects\Current Projects\NDAS - Project\NDAS\venv\Lib\site-packages\django\template\loader_tags.py", line 293, in do_extends
    nodelist = parser.parse()
  File "D:\Projects\Current Projects\NDAS - Project\NDAS\venv\Lib\site-packages\django\template\base.py", line 513, in parse
    raise self.error(token, e)
  File "D:\Projects\Current Projects\NDAS - Project\NDAS\venv\Lib\site-packages\django\template\base.py", line 511, in parse
    compiled_result = compile_func(self, token)
  File "D:\Projects\Current Projects\NDAS - Project\NDAS\venv\Lib\site-packages\django\template\loader_tags.py", line 232, in do_block
    nodelist = parser.parse(("endblock",))
  File "D:\Projects\Current Projects\NDAS - Project\NDAS\venv\Lib\site-packages\django\template\base.py", line 507, in parse
    self.invalid_block_tag(token, command, parse_until)
    ~~~~~~~~~~~~~~~~~~~~~~^^^^^^^^^^^^^^^^^^^^^^^^^^^^^
  File "D:\Projects\Current Projects\NDAS - Project\NDAS\venv\Lib\site-packages\django\template\base.py", line 558, in invalid_block_tag
    raise self.error(
    ...<8 lines>...
    )
django.template.exceptions.TemplateSyntaxError: Invalid block tag on line 321: 'else', expected 'endblock'. Did you forget to register or load this tag?
ERROR 2025-09-27 20:43:49,600 basehttp 2600 10540 "GET /users/contact-developer/ HTTP/1.1" 500 240987
INFO 2025-09-27 20:44:00,219 basehttp 2600 10540 "GET /users/contact-developer/ HTTP/1.1" 200 27625
INFO 2025-09-27 20:44:06,964 basehttp 2600 10540 "GET / HTTP/1.1" 200 50906
INFO 2025-09-27 20:44:12,963 basehttp 2600 10540 "GET /users/logout/ HTTP/1.1" 302 0
INFO 2025-09-27 20:44:12,974 basehttp 2600 10540 "GET /users/login/ HTTP/1.1" 200 16070
INFO 2025-09-27 20:44:15,177 basehttp 2600 10540 "GET /users/contact-developer/ HTTP/1.1" 200 16632
INFO 2025-09-27 20:47:30,547 basehttp 2600 10540 "GET /users/contact-developer/ HTTP/1.1" 200 19669
INFO 2025-09-27 20:47:32,773 basehttp 2600 10540 "GET /users/contact-developer/ HTTP/1.1" 200 19669
INFO 2025-09-27 20:47:33,680 basehttp 2600 10540 "GET /users/contact-developer/ HTTP/1.1" 200 19669
INFO 2025-09-27 20:47:34,499 basehttp 2600 10540 "GET /users/contact-developer/ HTTP/1.1" 200 19669
INFO 2025-09-27 20:47:35,043 basehttp 2600 10540 "GET /users/contact-developer/ HTTP/1.1" 200 19669
INFO 2025-09-27 20:49:14,646 basehttp 2600 10540 "GET /users/contact-developer/ HTTP/1.1" 200 21033
INFO 2025-09-27 20:49:15,480 basehttp 2600 10540 "GET /users/contact-developer/ HTTP/1.1" 200 21033
INFO 2025-09-27 20:50:26,985 basehttp 2600 10540 "GET /users/contact-developer/ HTTP/1.1" 200 21033
INFO 2025-09-27 20:50:27,795 basehttp 2600 10540 "GET /users/contact-developer/ HTTP/1.1" 200 21033
INFO 2025-09-27 20:50:29,893 basehttp 2600 10540 "GET /users/login/ HTTP/1.1" 200 15740
INFO 2025-09-27 20:50:31,748 basehttp 2600 10540 "GET /users/contact-developer/ HTTP/1.1" 200 21033
INFO 2025-09-27 20:59:01,992 basehttp 2600 11972 "GET /users/contact-developer/ HTTP/1.1" 200 19115
INFO 2025-09-27 20:59:02,046 basehttp 2600 16076 "GET /static/js/debug.js HTTP/1.1" 304 0
INFO 2025-09-27 20:59:02,047 basehttp 2600 15608 "GET /static/js/zoomrotate.js HTTP/1.1" 304 0
INFO 2025-09-27 20:59:02,048 basehttp 2600 17816 "GET /static/js/utils.js HTTP/1.1" 304 0
INFO 2025-09-27 20:59:02,048 basehttp 2600 11972 "GET /static/js/videojs-failsafe.js HTTP/1.1" 304 0
INFO 2025-09-27 20:59:02,066 basehttp 2600 11972 "GET /static/js/rotate.js HTTP/1.1" 304 0
INFO 2025-09-27 23:06:12,654 basehttp 2600 16220 "GET /users/contact-developer/ HTTP/1.1" 200 18205
INFO 2025-09-27 23:07:27,838 basehttp 2600 16220 "GET /users/contact-developer/ HTTP/1.1" 200 18148
INFO 2025-09-27 23:08:24,103 basehttp 2600 16220 "GET /users/login/ HTTP/1.1" 200 15740
INFO 2025-09-27 23:08:29,454 basehttp 2600 16220 "POST /users/login/ HTTP/1.1" 302 0
INFO 2025-09-27 23:08:29,770 basehttp 2600 16220 "GET / HTTP/1.1" 200 51230
INFO 2025-09-27 23:10:17,369 basehttp 2600 16220 "GET / HTTP/1.1" 200 50688
INFO 2025-09-27 23:10:24,079 basehttp 2600 16220 "GET /users/logout/ HTTP/1.1" 302 0
INFO 2025-09-27 23:10:24,094 basehttp 2600 16220 "GET /users/login/ HTTP/1.1" 200 16070
INFO 2025-09-27 23:10:26,506 basehttp 2600 16220 "POST /users/login/ HTTP/1.1" 302 0
INFO 2025-09-27 23:10:26,709 basehttp 2600 16220 "GET / HTTP/1.1" 200 51012
INFO 2025-09-27 23:10:29,525 basehttp 2600 16220 "GET /help/article/ HTTP/1.1" 200 38171
INFO 2025-09-27 23:10:31,872 basehttp 2600 16220 "GET /users/contact-developer/ HTTP/1.1" 200 28462
INFO 2025-09-27 23:11:32,029 basehttp 2600 16220 "GET /users/contact-developer/ HTTP/1.1" 200 27797
INFO 2025-09-27 23:11:37,383 basehttp 2600 16220 "GET /manager/patient/ HTTP/1.1" 200 58862
INFO 2025-09-27 23:11:37,459 basehttp 2600 7264 "GET /static/js/manager.js HTTP/1.1" 200 22547
INFO 2025-09-27 23:11:37,485 basehttp 2600 16220 "GET /static/css/manager.css HTTP/1.1" 200 26176
INFO 2025-09-27 23:11:41,501 basehttp 2600 16220 "GET /manager/patient/ HTTP/1.1" 200 58862
INFO 2025-09-27 23:11:43,335 basehttp 2600 16220 "GET /manager/patient/ HTTP/1.1" 200 58862
INFO 2025-09-27 23:11:46,559 basehttp 2600 16220 "GET /manager/patient/ HTTP/1.1" 200 58862
INFO 2025-09-27 23:11:48,142 basehttp 2600 16220 "GET /manager/patient/ HTTP/1.1" 200 58862
INFO 2025-09-27 23:12:11,020 basehttp 2600 16220 "GET /manager/assessment/ HTTP/1.1" 200 60872
INFO 2025-09-27 23:12:12,344 basehttp 2600 16220 "GET /hine/manager/ HTTP/1.1" 200 49927
INFO 2025-09-27 23:12:14,514 basehttp 2600 16220 "GET /da/manager/ HTTP/1.1" 200 41634
INFO 2025-09-27 23:12:16,915 basehttp 2600 16220 "GET /cdic/manager/ HTTP/1.1" 200 42207
INFO 2025-09-27 23:12:22,332 basehttp 2600 16220 "GET /cdic/manager/ HTTP/1.1" 200 42207
INFO 2025-09-27 23:12:26,802 basehttp 2600 16220 "GET /users/logout/ HTTP/1.1" 302 0
INFO 2025-09-27 23:12:26,813 basehttp 2600 16220 "GET /users/login/ HTTP/1.1" 200 16070
INFO 2025-09-27 23:12:28,887 basehttp 2600 16220 "POST /users/login/ HTTP/1.1" 302 0
INFO 2025-09-27 23:12:29,100 basehttp 2600 16220 "GET / HTTP/1.1" 200 51012
INFO 2025-09-27 23:12:31,594 basehttp 2600 16220 "GET /manager/patient/ HTTP/1.1" 200 58862
INFO 2025-09-27 23:17:13,514 basehttp 2600 19196 "GET /manager/patient/ HTTP/1.1" 200 58862
INFO 2025-09-27 23:17:14,702 basehttp 2600 19196 "GET /manager/patient/ HTTP/1.1" 200 58862
INFO 2025-09-27 23:17:16,156 basehttp 2600 19196 "GET /manager/patient/ HTTP/1.1" 200 58862
INFO 2025-09-27 23:17:18,253 basehttp 2600 19196 "GET /manager/patient/ HTTP/1.1" 200 58862
INFO 2025-09-27 23:17:19,205 basehttp 2600 19196 "GET /manager/patient/ HTTP/1.1" 200 58862
INFO 2025-09-27 23:17:42,647 basehttp 2600 19672 "GET /hine/manager/ HTTP/1.1" 200 49927
INFO 2025-09-27 23:17:43,821 basehttp 2600 19672 "GET /da/manager/ HTTP/1.1" 200 41634
INFO 2025-09-27 23:17:45,009 basehttp 2600 19672 "GET /cdic/manager/ HTTP/1.1" 200 42207
INFO 2025-09-27 23:25:25,355 basehttp 2600 15688 "GET /manager/patient/ HTTP/1.1" 200 58862
INFO 2025-09-27 23:25:26,755 basehttp 2600 15688 "GET /manager/patient/ HTTP/1.1" 200 58862
INFO 2025-09-27 23:25:27,762 basehttp 2600 15688 "GET /manager/patient/ HTTP/1.1" 200 58862
INFO 2025-09-27 23:25:29,498 basehttp 2600 15688 "GET /manager/patient/ HTTP/1.1" 200 58862
INFO 2025-09-27 23:26:13,674 autoreload 10156 4348 Watching for file changes with StatReloader
INFO 2025-09-27 23:26:17,557 basehttp 10156 10492 "GET /manager/patient/ HTTP/1.1" 302 0
INFO 2025-09-27 23:26:17,673 basehttp 10156 10492 "GET /users/login/?next=/manager/patient/ HTTP/1.1" 200 15740
INFO 2025-09-27 23:26:19,968 basehttp 10156 10492 "POST /users/login/ HTTP/1.1" 302 0
INFO 2025-09-27 23:26:20,225 basehttp 10156 10492 "GET / HTTP/1.1" 200 51012
INFO 2025-09-27 23:26:22,296 basehttp 10156 10492 "GET /manager/patient/ HTTP/1.1" 200 58862
INFO 2025-09-27 23:26:23,391 basehttp 10156 10492 "GET /manager/patient/ HTTP/1.1" 200 58862
INFO 2025-09-27 23:27:04,386 basehttp 10156 17412 "GET /manager/patient/ HTTP/1.1" 200 58862
INFO 2025-09-27 23:27:29,037 basehttp 10156 17412 "GET /video/manager/ HTTP/1.1" 200 59839
INFO 2025-09-27 23:29:06,251 basehttp 10156 4408 "GET /patient/add/ HTTP/1.1" 200 68287
INFO 2025-09-27 23:29:14,268 basehttp 10156 4408 "GET /manager/patient/ HTTP/1.1" 200 58862
INFO 2025-09-27 23:37:54,549 basehttp 10156 20116 "GET /manager/patient/ HTTP/1.1" 200 55837
INFO 2025-09-27 23:37:57,225 basehttp 10156 20116 "GET /manager/patient/ HTTP/1.1" 200 55837
INFO 2025-09-27 23:38:18,977 basehttp 10156 20116 "GET /manager/assessment/ HTTP/1.1" 200 60872
INFO 2025-09-27 23:38:20,992 basehttp 10156 20116 "GET /hine/manager/ HTTP/1.1" 200 49927
INFO 2025-09-27 23:38:42,514 basehttp 10156 20116 "GET /da/manager/ HTTP/1.1" 200 41634
INFO 2025-09-27 23:38:43,940 basehttp 10156 20116 "GET /manager/assessment/ HTTP/1.1" 200 59036
INFO 2025-09-27 23:38:46,179 basehttp 10156 20116 "GET /manager/patient/ HTTP/1.1" 200 55409
INFO 2025-09-27 23:38:47,450 basehttp 10156 20116 "GET /manager/patient/ HTTP/1.1" 200 55409
INFO 2025-09-27 23:38:49,347 basehttp 10156 20116 "GET /manager/patient/ HTTP/1.1" 200 55409
INFO 2025-09-27 23:38:58,434 basehttp 10156 20116 "GET /patient/add/ HTTP/1.1" 200 68287
INFO 2025-09-27 23:39:00,109 basehttp 10156 20116 "GET /patient/add/ HTTP/1.1" 200 68287
INFO 2025-09-27 23:39:00,980 basehttp 10156 20116 "GET /patient/add/ HTTP/1.1" 200 68287
INFO 2025-09-27 23:39:02,063 basehttp 10156 20116 "GET /manager/patient/ HTTP/1.1" 200 55409
INFO 2025-09-27 23:40:13,847 basehttp 10156 20116 "GET /manager/patient/ HTTP/1.1" 200 55409
INFO 2025-09-27 23:40:17,187 basehttp 10156 20116 "GET /manager/patient/ HTTP/1.1" 200 55409
INFO 2025-09-27 23:41:03,669 basehttp 10156 2752 "GET /users/logout/ HTTP/1.1" 302 0
INFO 2025-09-27 23:41:03,684 basehttp 10156 2752 "GET /users/login/ HTTP/1.1" 200 16070
INFO 2025-09-27 23:41:05,812 basehttp 10156 2752 "POST /users/login/ HTTP/1.1" 302 0
INFO 2025-09-27 23:41:06,014 basehttp 10156 2752 "GET / HTTP/1.1" 200 51012
INFO 2025-09-27 23:41:08,593 basehttp 10156 2752 "GET /manager/patient/ HTTP/1.1" 200 55409
INFO 2025-09-27 23:43:43,218 basehttp 10156 16944 "GET /manager/patient/ HTTP/1.1" 200 55409
INFO 2025-09-27 23:43:46,652 basehttp 10156 16944 "GET /manager/patient/ HTTP/1.1" 200 55409
INFO 2025-09-27 23:43:49,575 basehttp 10156 16944 "GET /manager/patient/ HTTP/1.1" 200 55409
INFO 2025-09-27 23:44:03,995 basehttp 10156 16944 "GET /manager/patient/ HTTP/1.1" 200 55409
INFO 2025-09-27 23:44:09,824 basehttp 10156 16944 "GET /patient/add/ HTTP/1.1" 200 68287
INFO 2025-09-27 23:44:12,874 basehttp 10156 16944 "GET /manager/patient/ HTTP/1.1" 200 55409
INFO 2025-09-27 23:44:55,125 basehttp 10156 16944 "GET /manager/patient/ HTTP/1.1" 200 55409
INFO 2025-09-27 23:45:18,768 basehttp 10156 16944 "GET /manager/patient/ HTTP/1.1" 200 55409
INFO 2025-09-27 23:49:26,503 basehttp 10156 16944 "GET /manager/patient/ HTTP/1.1" 200 55494
INFO 2025-09-27 23:50:01,551 basehttp 10156 16944 "GET /users/logout/ HTTP/1.1" 302 0
INFO 2025-09-27 23:50:01,568 basehttp 10156 16944 "GET /users/login/ HTTP/1.1" 200 16070
INFO 2025-09-27 23:50:04,681 basehttp 10156 16944 "GET /users/contact-developer/ HTTP/1.1" 200 18148
INFO 2025-09-27 23:50:07,026 basehttp 10156 16944 "GET /users/login/ HTTP/1.1" 200 15740
INFO 2025-09-27 23:50:12,190 basehttp 10156 16944 "POST /users/login/ HTTP/1.1" 302 0
INFO 2025-09-27 23:50:12,386 basehttp 10156 16944 "GET / HTTP/1.1" 200 51012
INFO 2025-09-27 23:50:15,412 basehttp 10156 16944 "GET /manager/patient/ HTTP/1.1" 200 55494
INFO 2025-09-27 23:50:25,688 basehttp 10156 10092 "GET /manager/assessment/ HTTP/1.1" 200 58097
INFO 2025-09-27 23:50:28,263 basehttp 10156 10092 "GET /hine/manager/ HTTP/1.1" 200 49927
INFO 2025-09-27 23:50:31,073 basehttp 10156 10092 "GET /da/manager/ HTTP/1.1" 200 41634
INFO 2025-09-27 23:50:32,801 basehttp 10156 10092 "GET /cdic/manager/ HTTP/1.1" 200 42207
INFO 2025-09-27 23:50:35,106 basehttp 10156 13900 "GET /manager/patient/ HTTP/1.1" 200 55494
INFO 2025-09-27 23:51:42,723 basehttp 10156 18660 "GET /manager/patient/ HTTP/1.1" 200 55494
INFO 2025-09-27 23:51:43,924 basehttp 10156 14204 "GET /manager/patient/ HTTP/1.1" 200 55494
INFO 2025-09-27 23:51:45,599 basehttp 10156 14204 "GET /manager/patient/ HTTP/1.1" 200 55494
INFO 2025-09-27 23:51:47,896 basehttp 10156 14204 "GET /manager/patient/ HTTP/1.1" 200 55494
INFO 2025-09-27 23:53:50,784 basehttp 10156 14204 "GET /manager/patient/ HTTP/1.1" 200 55494
INFO 2025-09-27 23:53:52,045 basehttp 10156 14204 "GET /manager/patient/ HTTP/1.1" 200 55494
INFO 2025-09-27 23:53:53,111 basehttp 10156 14204 "GET /manager/patient/ HTTP/1.1" 200 55494
INFO 2025-09-27 23:53:53,971 basehttp 10156 14204 "GET /manager/patient/ HTTP/1.1" 200 55494
INFO 2025-09-27 23:53:54,834 basehttp 10156 14204 "GET /manager/patient/ HTTP/1.1" 200 55494
INFO 2025-09-27 23:53:55,557 basehttp 10156 14204 "GET /manager/patient/ HTTP/1.1" 200 55494
INFO 2025-09-27 23:53:56,459 basehttp 10156 14204 "GET /manager/patient/ HTTP/1.1" 200 55494
INFO 2025-09-27 23:57:19,009 basehttp 10156 14204 "GET /manager/patient/ HTTP/1.1" 200 55479
INFO 2025-09-27 23:57:19,204 basehttp 10156 18316 "GET /static/css/custom_css.css HTTP/1.1" 200 2900
INFO 2025-09-27 23:57:19,206 basehttp 10156 15252 "GET /static/css/ndas-sidebar.css HTTP/1.1" 200 3918
INFO 2025-09-27 23:57:19,206 basehttp 10156 14204 "GET /static/css/social.css HTTP/1.1" 200 2189
INFO 2025-09-27 23:57:24,469 basehttp 10156 15252 "GET /users/admin/dashboard/ HTTP/1.1" 200 49944
INFO 2025-09-27 23:57:33,264 basehttp 10156 15252 "GET / HTTP/1.1" 200 50673
INFO 2025-09-27 23:57:33,304 basehttp 10156 15252 "GET /static/css/social.css HTTP/1.1" 304 0
INFO 2025-09-27 23:57:33,304 basehttp 10156 14204 "GET /static/css/custom_css.css HTTP/1.1" 304 0
INFO 2025-09-27 23:57:33,304 basehttp 10156 18316 "GET /static/css/ndas-sidebar.css HTTP/1.1" 304 0
INFO 2025-09-27 23:57:41,166 basehttp 10156 18316 "GET /manager/patient/ HTTP/1.1" 200 55479
INFO 2025-09-28 00:01:33,242 basehttp 10156 19996 "GET /manager/patient/ HTTP/1.1" 200 55479
INFO 2025-09-28 00:01:33,313 basehttp 10156 19996 "GET /static/css/social.css HTTP/1.1" 304 0
INFO 2025-09-28 00:01:33,317 basehttp 10156 18076 "GET /static/css/custom_css.css HTTP/1.1" 200 2312
INFO 2025-09-28 00:01:33,317 basehttp 10156 18944 "GET /static/css/ndas-sidebar.css HTTP/1.1" 304 0
INFO 2025-09-28 00:01:35,773 basehttp 10156 18076 "GET /manager/patient/ HTTP/1.1" 200 55479
INFO 2025-09-28 00:01:39,118 basehttp 10156 18076 "GET /manager/patient/ HTTP/1.1" 200 55479
INFO 2025-09-28 00:01:39,158 basehttp 10156 18076 "GET /static/css/custom_css.css HTTP/1.1" 304 0
INFO 2025-09-28 00:01:40,503 basehttp 10156 18076 "GET /manager/patient/ HTTP/1.1" 200 55479
INFO 2025-09-28 00:01:41,528 basehttp 10156 18076 "GET /manager/patient/ HTTP/1.1" 200 55479
INFO 2025-09-28 00:01:42,508 basehttp 10156 18076 "GET /manager/patient/ HTTP/1.1" 200 55479
INFO 2025-09-28 00:01:43,875 basehttp 10156 18076 "GET /manager/patient/ HTTP/1.1" 200 55479
INFO 2025-09-28 00:01:43,915 basehttp 10156 18076 "GET /static/css/custom_css.css HTTP/1.1" 304 0
INFO 2025-09-28 00:01:54,867 basehttp 10156 9744 "GET /manager/patient/ HTTP/1.1" 200 55479
INFO 2025-09-28 00:01:54,914 basehttp 10156 9744 "GET /static/css/custom_css.css HTTP/1.1" 304 0
INFO 2025-09-28 00:01:55,953 basehttp 10156 9744 "GET /manager/patient/ HTTP/1.1" 200 55479
INFO 2025-09-28 00:01:56,965 basehttp 10156 9744 "GET /manager/patient/ HTTP/1.1" 200 55479
INFO 2025-09-28 00:02:36,222 basehttp 10156 9744 "GET /manager/patient/ HTTP/1.1" 200 55479
INFO 2025-09-28 00:02:36,268 basehttp 10156 9744 "GET /static/css/social.css HTTP/1.1" 200 2079
INFO 2025-09-28 00:02:36,283 basehttp 10156 1992 "GET /static/css/ndas-sidebar.css HTTP/1.1" 304 0
INFO 2025-09-28 00:02:36,285 basehttp 10156 9444 "GET /static/css/custom_css.css HTTP/1.1" 304 0
INFO 2025-09-28 00:02:43,017 basehttp 10156 9444 "GET /users/logout/ HTTP/1.1" 302 0
INFO 2025-09-28 00:02:43,037 basehttp 10156 9444 "GET /users/login/ HTTP/1.1" 200 16055
INFO 2025-09-28 00:02:43,100 basehttp 10156 9444 "GET /static/css/social.css HTTP/1.1" 304 0
INFO 2025-09-28 00:02:45,720 basehttp 10156 9444 "POST /users/login/ HTTP/1.1" 302 0
INFO 2025-09-28 00:02:45,912 basehttp 10156 9444 "GET / HTTP/1.1" 200 50997
INFO 2025-09-28 00:02:45,970 basehttp 10156 9444 "GET /static/css/custom_css.css HTTP/1.1" 304 0
INFO 2025-09-28 00:02:47,718 basehttp 10156 9444 "GET /manager/patient/ HTTP/1.1" 200 55479
INFO 2025-09-28 00:03:19,056 basehttp 10156 19704 "GET /patient/view/5/ HTTP/1.1" 200 104174
INFO 2025-09-28 00:03:19,124 basehttp 10156 19704 "GET /static/css/social.css HTTP/1.1" 304 0
INFO 2025-09-28 00:03:19,142 basehttp 10156 19704 "GET /static/css/custom_css.css HTTP/1.1" 304 0
INFO 2025-09-28 00:03:19,145 basehttp 10156 17644 "GET /static/css/ndas-sidebar.css HTTP/1.1" 304 0
INFO 2025-09-28 00:04:24,074 basehttp 10156 17644 "GET /patient/view/5/ HTTP/1.1" 200 104174
INFO 2025-09-28 00:04:24,121 basehttp 10156 17644 "GET /static/css/social.css HTTP/1.1" 304 0
INFO 2025-09-28 00:04:24,122 basehttp 10156 19704 "GET /static/css/custom_css.css HTTP/1.1" 304 0
INFO 2025-09-28 00:04:24,129 basehttp 10156 13156 "GET /static/css/ndas-sidebar.css HTTP/1.1" 304 0
INFO 2025-09-28 00:04:25,872 basehttp 10156 13156 "GET /manager/patient/ HTTP/1.1" 200 55479
INFO 2025-09-28 00:04:27,241 basehttp 10156 13156 "GET /manager/patient/ HTTP/1.1" 200 55479
INFO 2025-09-28 00:04:31,785 basehttp 10156 13156 "GET /users/logout/ HTTP/1.1" 302 0
INFO 2025-09-28 00:04:31,804 basehttp 10156 13156 "GET /users/login/ HTTP/1.1" 200 16055
INFO 2025-09-28 00:04:34,209 basehttp 10156 13156 "POST /users/login/ HTTP/1.1" 302 0
INFO 2025-09-28 00:04:34,398 basehttp 10156 13156 "GET / HTTP/1.1" 200 50997
INFO 2025-09-28 00:04:36,930 basehttp 10156 13156 "GET /manager/patient/ HTTP/1.1" 200 55479
INFO 2025-09-28 00:04:38,355 basehttp 10156 13156 "GET /patient/add/ HTTP/1.1" 200 68272
INFO 2025-09-28 00:04:42,647 basehttp 10156 13156 "GET /manager/patient/ HTTP/1.1" 200 55479
INFO 2025-09-28 00:04:42,686 basehttp 10156 13156 "GET /static/css/social.css HTTP/1.1" 304 0
INFO 2025-09-28 00:04:48,471 basehttp 10156 12380 "GET /manager/assessment/ HTTP/1.1" 200 58122
INFO 2025-09-28 00:04:48,528 basehttp 10156 12380 "GET /static/css/custom_css.css HTTP/1.1" 304 0
INFO 2025-09-28 00:05:11,252 basehttp 10156 12380 "GET /static/css/social.css HTTP/1.1" 304 0
INFO 2025-09-28 00:05:11,256 basehttp 10156 11280 "GET /static/css/custom_css.css HTTP/1.1" 304 0
WARNING 2025-09-28 00:05:12,104 log 10156 12132 Not Found: /.well-known/appspecific/com.chrome.devtools.json
WARNING 2025-09-28 00:05:12,108 basehttp 10156 12132 "GET /.well-known/appspecific/com.chrome.devtools.json HTTP/1.1" 404 15988
INFO 2025-09-28 00:06:49,913 basehttp 10156 13304 "GET /manager/assessment/ HTTP/1.1" 200 58122
INFO 2025-09-28 00:06:49,961 basehttp 10156 13304 "GET /static/css/social.css HTTP/1.1" 304 0
INFO 2025-09-28 00:06:49,972 basehttp 10156 13304 "GET /static/css/custom_css.css HTTP/1.1" 304 0
INFO 2025-09-28 00:06:49,979 basehttp 10156 2752 "GET /static/css/ndas-sidebar.css HTTP/1.1" 304 0
WARNING 2025-09-28 00:06:56,035 log 10156 2752 Not Found: /.well-known/appspecific/com.chrome.devtools.json
WARNING 2025-09-28 00:06:56,037 basehttp 10156 2752 "GET /.well-known/appspecific/com.chrome.devtools.json HTTP/1.1" 404 15988
INFO 2025-09-28 00:07:06,778 basehttp 10156 2752 "GET /manager/patient/ HTTP/1.1" 200 55479
INFO 2025-09-28 00:07:34,461 basehttp 10156 2752 "GET /manager/patient/ HTTP/1.1" 200 55479
INFO 2025-09-28 00:07:34,493 basehttp 10156 2752 "GET /static/css/social.css HTTP/1.1" 304 0
INFO 2025-09-28 00:07:34,498 basehttp 10156 2752 "GET /static/css/custom_css.css HTTP/1.1" 304 0
INFO 2025-09-28 00:07:36,566 basehttp 10156 2752 "GET /manager/assessment/ HTTP/1.1" 200 58122
INFO 2025-09-28 00:07:39,197 basehttp 10156 2752 "GET /hine/manager/ HTTP/1.1" 200 49673
INFO 2025-09-28 00:07:40,605 basehttp 10156 2752 "GET /da/manager/ HTTP/1.1" 200 41704
INFO 2025-09-28 00:07:43,016 basehttp 10156 2752 "GET /cdic/manager/ HTTP/1.1" 200 42277
INFO 2025-09-28 00:07:44,268 basehttp 10156 2752 "GET /video/manager/ HTTP/1.1" 200 60620
INFO 2025-09-28 00:07:52,398 basehttp 10156 2752 "GET /video/manager/ HTTP/1.1" 200 60620
INFO 2025-09-28 00:07:55,849 basehttp 10156 2752 "GET /attachment/manager/ HTTP/1.1" 200 70419
INFO 2025-09-28 00:07:55,904 basehttp 10156 2752 "GET /static/css/ndas-sidebar.css HTTP/1.1" 304 0
INFO 2025-09-28 00:07:58,533 basehttp 10156 2752 "GET /manager/bookmarks/ HTTP/1.1" 200 41817
INFO 2025-09-28 00:08:01,944 basehttp 10156 2752 "GET /manager/patient/ HTTP/1.1" 200 55479
ERROR 2025-09-28 00:08:25,547 log 10156 2752 Internal Server Error: /manager/patient/
Traceback (most recent call last):
  File "D:\Projects\Current Projects\NDAS - Project\NDAS\venv\Lib\site-packages\django\template\base.py", line 505, in parse
    compile_func = self.tags[command]
                   ~~~~~~~~~^^^^^^^^^
KeyError: 'endfor'

During handling of the above exception, another exception occurred:

Traceback (most recent call last):
  File "D:\Projects\Current Projects\NDAS - Project\NDAS\venv\Lib\site-packages\django\core\handlers\exception.py", line 55, in inner
    response = get_response(request)
  File "D:\Projects\Current Projects\NDAS - Project\NDAS\venv\Lib\site-packages\django\core\handlers\base.py", line 197, in _get_response
    response = wrapped_callback(request, *callback_args, **callback_kwargs)
  File "D:\Projects\Current Projects\NDAS - Project\NDAS\venv\Lib\site-packages\django\contrib\auth\decorators.py", line 23, in _wrapped_view
    return view_func(request, *args, **kwargs)
  File "D:\Projects\Current Projects\NDAS - Project\NDAS\patients\views.py", line 155, in patient_manager
    return render(
        request, "patients/manager.html", {"patients_page_obj": paginated_pt_list}
    )
  File "D:\Projects\Current Projects\NDAS - Project\NDAS\venv\Lib\site-packages\django\shortcuts.py", line 24, in render
    content = loader.render_to_string(template_name, context, request, using=using)
  File "D:\Projects\Current Projects\NDAS - Project\NDAS\venv\Lib\site-packages\django\template\loader.py", line 61, in render_to_string
    template = get_template(template_name, using=using)
  File "D:\Projects\Current Projects\NDAS - Project\NDAS\venv\Lib\site-packages\django\template\loader.py", line 15, in get_template
    return engine.get_template(template_name)
           ~~~~~~~~~~~~~~~~~~~^^^^^^^^^^^^^^^
  File "D:\Projects\Current Projects\NDAS - Project\NDAS\venv\Lib\site-packages\django\template\backends\django.py", line 34, in get_template
    return Template(self.engine.get_template(template_name), self)
                    ~~~~~~~~~~~~~~~~~~~~~~~~^^^^^^^^^^^^^^^
  File "D:\Projects\Current Projects\NDAS - Project\NDAS\venv\Lib\site-packages\django\template\engine.py", line 175, in get_template
    template, origin = self.find_template(template_name)
                       ~~~~~~~~~~~~~~~~~~^^^^^^^^^^^^^^^
  File "D:\Projects\Current Projects\NDAS - Project\NDAS\venv\Lib\site-packages\django\template\engine.py", line 157, in find_template
    template = loader.get_template(name, skip=skip)
  File "D:\Projects\Current Projects\NDAS - Project\NDAS\venv\Lib\site-packages\django\template\loaders\cached.py", line 57, in get_template
    template = super().get_template(template_name, skip)
  File "D:\Projects\Current Projects\NDAS - Project\NDAS\venv\Lib\site-packages\django\template\loaders\base.py", line 28, in get_template
    return Template(
        contents,
    ...<2 lines>...
        self.engine,
    )
  File "D:\Projects\Current Projects\NDAS - Project\NDAS\venv\Lib\site-packages\django\template\base.py", line 154, in __init__
    self.nodelist = self.compile_nodelist()
                    ~~~~~~~~~~~~~~~~~~~~~^^
  File "D:\Projects\Current Projects\NDAS - Project\NDAS\venv\Lib\site-packages\django\template\base.py", line 200, in compile_nodelist
    return parser.parse()
           ~~~~~~~~~~~~^^
  File "D:\Projects\Current Projects\NDAS - Project\NDAS\venv\Lib\site-packages\django\template\base.py", line 513, in parse
    raise self.error(token, e)
  File "D:\Projects\Current Projects\NDAS - Project\NDAS\venv\Lib\site-packages\django\template\base.py", line 511, in parse
    compiled_result = compile_func(self, token)
  File "D:\Projects\Current Projects\NDAS - Project\NDAS\venv\Lib\site-packages\django\template\loader_tags.py", line 293, in do_extends
    nodelist = parser.parse()
  File "D:\Projects\Current Projects\NDAS - Project\NDAS\venv\Lib\site-packages\django\template\base.py", line 513, in parse
    raise self.error(token, e)
  File "D:\Projects\Current Projects\NDAS - Project\NDAS\venv\Lib\site-packages\django\template\base.py", line 511, in parse
    compiled_result = compile_func(self, token)
  File "D:\Projects\Current Projects\NDAS - Project\NDAS\venv\Lib\site-packages\django\template\loader_tags.py", line 232, in do_block
    nodelist = parser.parse(("endblock",))
  File "D:\Projects\Current Projects\NDAS - Project\NDAS\venv\Lib\site-packages\django\template\base.py", line 513, in parse
    raise self.error(token, e)
  File "D:\Projects\Current Projects\NDAS - Project\NDAS\venv\Lib\site-packages\django\template\base.py", line 511, in parse
    compiled_result = compile_func(self, token)
  File "D:\Projects\Current Projects\NDAS - Project\NDAS\venv\Lib\site-packages\django\template\defaulttags.py", line 954, in do_if
    nodelist = parser.parse(("elif", "else", "endif"))
  File "D:\Projects\Current Projects\NDAS - Project\NDAS\venv\Lib\site-packages\django\template\base.py", line 507, in parse
    self.invalid_block_tag(token, command, parse_until)
    ~~~~~~~~~~~~~~~~~~~~~~^^^^^^^^^^^^^^^^^^^^^^^^^^^^^
  File "D:\Projects\Current Projects\NDAS - Project\NDAS\venv\Lib\site-packages\django\template\base.py", line 558, in invalid_block_tag
    raise self.error(
    ...<8 lines>...
    )
django.template.exceptions.TemplateSyntaxError: Invalid block tag on line 319: 'endfor', expected 'elif', 'else' or 'endif'. Did you forget to register or load this tag?
ERROR 2025-09-28 00:08:25,586 basehttp 10156 2752 "GET /manager/patient/ HTTP/1.1" 500 251272
ERROR 2025-09-28 00:10:25,906 log 10156 18488 Internal Server Error: /manager/patient/
Traceback (most recent call last):
  File "D:\Projects\Current Projects\NDAS - Project\NDAS\venv\Lib\site-packages\django\template\base.py", line 505, in parse
    compile_func = self.tags[command]
                   ~~~~~~~~~^^^^^^^^^
KeyError: 'endfor'

During handling of the above exception, another exception occurred:

Traceback (most recent call last):
  File "D:\Projects\Current Projects\NDAS - Project\NDAS\venv\Lib\site-packages\django\core\handlers\exception.py", line 55, in inner
    response = get_response(request)
  File "D:\Projects\Current Projects\NDAS - Project\NDAS\venv\Lib\site-packages\django\core\handlers\base.py", line 197, in _get_response
    response = wrapped_callback(request, *callback_args, **callback_kwargs)
  File "D:\Projects\Current Projects\NDAS - Project\NDAS\venv\Lib\site-packages\django\contrib\auth\decorators.py", line 23, in _wrapped_view
    return view_func(request, *args, **kwargs)
  File "D:\Projects\Current Projects\NDAS - Project\NDAS\patients\views.py", line 155, in patient_manager
    return render(
        request, "patients/manager.html", {"patients_page_obj": paginated_pt_list}
    )
  File "D:\Projects\Current Projects\NDAS - Project\NDAS\venv\Lib\site-packages\django\shortcuts.py", line 24, in render
    content = loader.render_to_string(template_name, context, request, using=using)
  File "D:\Projects\Current Projects\NDAS - Project\NDAS\venv\Lib\site-packages\django\template\loader.py", line 61, in render_to_string
    template = get_template(template_name, using=using)
  File "D:\Projects\Current Projects\NDAS - Project\NDAS\venv\Lib\site-packages\django\template\loader.py", line 15, in get_template
    return engine.get_template(template_name)
           ~~~~~~~~~~~~~~~~~~~^^^^^^^^^^^^^^^
  File "D:\Projects\Current Projects\NDAS - Project\NDAS\venv\Lib\site-packages\django\template\backends\django.py", line 34, in get_template
    return Template(self.engine.get_template(template_name), self)
                    ~~~~~~~~~~~~~~~~~~~~~~~~^^^^^^^^^^^^^^^
  File "D:\Projects\Current Projects\NDAS - Project\NDAS\venv\Lib\site-packages\django\template\engine.py", line 175, in get_template
    template, origin = self.find_template(template_name)
                       ~~~~~~~~~~~~~~~~~~^^^^^^^^^^^^^^^
  File "D:\Projects\Current Projects\NDAS - Project\NDAS\venv\Lib\site-packages\django\template\engine.py", line 157, in find_template
    template = loader.get_template(name, skip=skip)
  File "D:\Projects\Current Projects\NDAS - Project\NDAS\venv\Lib\site-packages\django\template\loaders\cached.py", line 57, in get_template
    template = super().get_template(template_name, skip)
  File "D:\Projects\Current Projects\NDAS - Project\NDAS\venv\Lib\site-packages\django\template\loaders\base.py", line 28, in get_template
    return Template(
        contents,
    ...<2 lines>...
        self.engine,
    )
  File "D:\Projects\Current Projects\NDAS - Project\NDAS\venv\Lib\site-packages\django\template\base.py", line 154, in __init__
    self.nodelist = self.compile_nodelist()
                    ~~~~~~~~~~~~~~~~~~~~~^^
  File "D:\Projects\Current Projects\NDAS - Project\NDAS\venv\Lib\site-packages\django\template\base.py", line 200, in compile_nodelist
    return parser.parse()
           ~~~~~~~~~~~~^^
  File "D:\Projects\Current Projects\NDAS - Project\NDAS\venv\Lib\site-packages\django\template\base.py", line 513, in parse
    raise self.error(token, e)
  File "D:\Projects\Current Projects\NDAS - Project\NDAS\venv\Lib\site-packages\django\template\base.py", line 511, in parse
    compiled_result = compile_func(self, token)
  File "D:\Projects\Current Projects\NDAS - Project\NDAS\venv\Lib\site-packages\django\template\loader_tags.py", line 293, in do_extends
    nodelist = parser.parse()
  File "D:\Projects\Current Projects\NDAS - Project\NDAS\venv\Lib\site-packages\django\template\base.py", line 513, in parse
    raise self.error(token, e)
  File "D:\Projects\Current Projects\NDAS - Project\NDAS\venv\Lib\site-packages\django\template\base.py", line 511, in parse
    compiled_result = compile_func(self, token)
  File "D:\Projects\Current Projects\NDAS - Project\NDAS\venv\Lib\site-packages\django\template\loader_tags.py", line 232, in do_block
    nodelist = parser.parse(("endblock",))
  File "D:\Projects\Current Projects\NDAS - Project\NDAS\venv\Lib\site-packages\django\template\base.py", line 513, in parse
    raise self.error(token, e)
  File "D:\Projects\Current Projects\NDAS - Project\NDAS\venv\Lib\site-packages\django\template\base.py", line 511, in parse
    compiled_result = compile_func(self, token)
  File "D:\Projects\Current Projects\NDAS - Project\NDAS\venv\Lib\site-packages\django\template\defaulttags.py", line 954, in do_if
    nodelist = parser.parse(("elif", "else", "endif"))
  File "D:\Projects\Current Projects\NDAS - Project\NDAS\venv\Lib\site-packages\django\template\base.py", line 507, in parse
    self.invalid_block_tag(token, command, parse_until)
    ~~~~~~~~~~~~~~~~~~~~~~^^^^^^^^^^^^^^^^^^^^^^^^^^^^^
  File "D:\Projects\Current Projects\NDAS - Project\NDAS\venv\Lib\site-packages\django\template\base.py", line 558, in invalid_block_tag
    raise self.error(
    ...<8 lines>...
    )
django.template.exceptions.TemplateSyntaxError: Invalid block tag on line 320: 'endfor', expected 'elif', 'else' or 'endif'. Did you forget to register or load this tag?
ERROR 2025-09-28 00:10:25,924 basehttp 10156 18488 "GET /manager/patient/ HTTP/1.1" 500 251240
ERROR 2025-09-28 00:10:28,926 log 10156 18488 Internal Server Error: /manager/patient/
Traceback (most recent call last):
  File "D:\Projects\Current Projects\NDAS - Project\NDAS\venv\Lib\site-packages\django\template\base.py", line 505, in parse
    compile_func = self.tags[command]
                   ~~~~~~~~~^^^^^^^^^
KeyError: 'endfor'

During handling of the above exception, another exception occurred:

Traceback (most recent call last):
  File "D:\Projects\Current Projects\NDAS - Project\NDAS\venv\Lib\site-packages\django\core\handlers\exception.py", line 55, in inner
    response = get_response(request)
  File "D:\Projects\Current Projects\NDAS - Project\NDAS\venv\Lib\site-packages\django\core\handlers\base.py", line 197, in _get_response
    response = wrapped_callback(request, *callback_args, **callback_kwargs)
  File "D:\Projects\Current Projects\NDAS - Project\NDAS\venv\Lib\site-packages\django\contrib\auth\decorators.py", line 23, in _wrapped_view
    return view_func(request, *args, **kwargs)
  File "D:\Projects\Current Projects\NDAS - Project\NDAS\patients\views.py", line 155, in patient_manager
    return render(
        request, "patients/manager.html", {"patients_page_obj": paginated_pt_list}
    )
  File "D:\Projects\Current Projects\NDAS - Project\NDAS\venv\Lib\site-packages\django\shortcuts.py", line 24, in render
    content = loader.render_to_string(template_name, context, request, using=using)
  File "D:\Projects\Current Projects\NDAS - Project\NDAS\venv\Lib\site-packages\django\template\loader.py", line 61, in render_to_string
    template = get_template(template_name, using=using)
  File "D:\Projects\Current Projects\NDAS - Project\NDAS\venv\Lib\site-packages\django\template\loader.py", line 15, in get_template
    return engine.get_template(template_name)
           ~~~~~~~~~~~~~~~~~~~^^^^^^^^^^^^^^^
  File "D:\Projects\Current Projects\NDAS - Project\NDAS\venv\Lib\site-packages\django\template\backends\django.py", line 34, in get_template
    return Template(self.engine.get_template(template_name), self)
                    ~~~~~~~~~~~~~~~~~~~~~~~~^^^^^^^^^^^^^^^
  File "D:\Projects\Current Projects\NDAS - Project\NDAS\venv\Lib\site-packages\django\template\engine.py", line 175, in get_template
    template, origin = self.find_template(template_name)
                       ~~~~~~~~~~~~~~~~~~^^^^^^^^^^^^^^^
  File "D:\Projects\Current Projects\NDAS - Project\NDAS\venv\Lib\site-packages\django\template\engine.py", line 157, in find_template
    template = loader.get_template(name, skip=skip)
  File "D:\Projects\Current Projects\NDAS - Project\NDAS\venv\Lib\site-packages\django\template\loaders\cached.py", line 57, in get_template
    template = super().get_template(template_name, skip)
  File "D:\Projects\Current Projects\NDAS - Project\NDAS\venv\Lib\site-packages\django\template\loaders\base.py", line 28, in get_template
    return Template(
        contents,
    ...<2 lines>...
        self.engine,
    )
  File "D:\Projects\Current Projects\NDAS - Project\NDAS\venv\Lib\site-packages\django\template\base.py", line 154, in __init__
    self.nodelist = self.compile_nodelist()
                    ~~~~~~~~~~~~~~~~~~~~~^^
  File "D:\Projects\Current Projects\NDAS - Project\NDAS\venv\Lib\site-packages\django\template\base.py", line 200, in compile_nodelist
    return parser.parse()
           ~~~~~~~~~~~~^^
  File "D:\Projects\Current Projects\NDAS - Project\NDAS\venv\Lib\site-packages\django\template\base.py", line 513, in parse
    raise self.error(token, e)
  File "D:\Projects\Current Projects\NDAS - Project\NDAS\venv\Lib\site-packages\django\template\base.py", line 511, in parse
    compiled_result = compile_func(self, token)
  File "D:\Projects\Current Projects\NDAS - Project\NDAS\venv\Lib\site-packages\django\template\loader_tags.py", line 293, in do_extends
    nodelist = parser.parse()
  File "D:\Projects\Current Projects\NDAS - Project\NDAS\venv\Lib\site-packages\django\template\base.py", line 513, in parse
    raise self.error(token, e)
  File "D:\Projects\Current Projects\NDAS - Project\NDAS\venv\Lib\site-packages\django\template\base.py", line 511, in parse
    compiled_result = compile_func(self, token)
  File "D:\Projects\Current Projects\NDAS - Project\NDAS\venv\Lib\site-packages\django\template\loader_tags.py", line 232, in do_block
    nodelist = parser.parse(("endblock",))
  File "D:\Projects\Current Projects\NDAS - Project\NDAS\venv\Lib\site-packages\django\template\base.py", line 513, in parse
    raise self.error(token, e)
  File "D:\Projects\Current Projects\NDAS - Project\NDAS\venv\Lib\site-packages\django\template\base.py", line 511, in parse
    compiled_result = compile_func(self, token)
  File "D:\Projects\Current Projects\NDAS - Project\NDAS\venv\Lib\site-packages\django\template\defaulttags.py", line 954, in do_if
    nodelist = parser.parse(("elif", "else", "endif"))
  File "D:\Projects\Current Projects\NDAS - Project\NDAS\venv\Lib\site-packages\django\template\base.py", line 507, in parse
    self.invalid_block_tag(token, command, parse_until)
    ~~~~~~~~~~~~~~~~~~~~~~^^^^^^^^^^^^^^^^^^^^^^^^^^^^^
  File "D:\Projects\Current Projects\NDAS - Project\NDAS\venv\Lib\site-packages\django\template\base.py", line 558, in invalid_block_tag
    raise self.error(
    ...<8 lines>...
    )
django.template.exceptions.TemplateSyntaxError: Invalid block tag on line 320: 'endfor', expected 'elif', 'else' or 'endif'. Did you forget to register or load this tag?
ERROR 2025-09-28 00:10:28,940 basehttp 10156 18488 "GET /manager/patient/ HTTP/1.1" 500 251240
ERROR 2025-09-28 00:10:37,555 log 10156 18488 Internal Server Error: /manager/patient/
Traceback (most recent call last):
  File "D:\Projects\Current Projects\NDAS - Project\NDAS\venv\Lib\site-packages\django\template\base.py", line 505, in parse
    compile_func = self.tags[command]
                   ~~~~~~~~~^^^^^^^^^
KeyError: 'endfor'

During handling of the above exception, another exception occurred:

Traceback (most recent call last):
  File "D:\Projects\Current Projects\NDAS - Project\NDAS\venv\Lib\site-packages\django\core\handlers\exception.py", line 55, in inner
    response = get_response(request)
  File "D:\Projects\Current Projects\NDAS - Project\NDAS\venv\Lib\site-packages\django\core\handlers\base.py", line 197, in _get_response
    response = wrapped_callback(request, *callback_args, **callback_kwargs)
  File "D:\Projects\Current Projects\NDAS - Project\NDAS\venv\Lib\site-packages\django\contrib\auth\decorators.py", line 23, in _wrapped_view
    return view_func(request, *args, **kwargs)
  File "D:\Projects\Current Projects\NDAS - Project\NDAS\patients\views.py", line 155, in patient_manager
    return render(
        request, "patients/manager.html", {"patients_page_obj": paginated_pt_list}
    )
  File "D:\Projects\Current Projects\NDAS - Project\NDAS\venv\Lib\site-packages\django\shortcuts.py", line 24, in render
    content = loader.render_to_string(template_name, context, request, using=using)
  File "D:\Projects\Current Projects\NDAS - Project\NDAS\venv\Lib\site-packages\django\template\loader.py", line 61, in render_to_string
    template = get_template(template_name, using=using)
  File "D:\Projects\Current Projects\NDAS - Project\NDAS\venv\Lib\site-packages\django\template\loader.py", line 15, in get_template
    return engine.get_template(template_name)
           ~~~~~~~~~~~~~~~~~~~^^^^^^^^^^^^^^^
  File "D:\Projects\Current Projects\NDAS - Project\NDAS\venv\Lib\site-packages\django\template\backends\django.py", line 34, in get_template
    return Template(self.engine.get_template(template_name), self)
                    ~~~~~~~~~~~~~~~~~~~~~~~~^^^^^^^^^^^^^^^
  File "D:\Projects\Current Projects\NDAS - Project\NDAS\venv\Lib\site-packages\django\template\engine.py", line 175, in get_template
    template, origin = self.find_template(template_name)
                       ~~~~~~~~~~~~~~~~~~^^^^^^^^^^^^^^^
  File "D:\Projects\Current Projects\NDAS - Project\NDAS\venv\Lib\site-packages\django\template\engine.py", line 157, in find_template
    template = loader.get_template(name, skip=skip)
  File "D:\Projects\Current Projects\NDAS - Project\NDAS\venv\Lib\site-packages\django\template\loaders\cached.py", line 57, in get_template
    template = super().get_template(template_name, skip)
  File "D:\Projects\Current Projects\NDAS - Project\NDAS\venv\Lib\site-packages\django\template\loaders\base.py", line 28, in get_template
    return Template(
        contents,
    ...<2 lines>...
        self.engine,
    )
  File "D:\Projects\Current Projects\NDAS - Project\NDAS\venv\Lib\site-packages\django\template\base.py", line 154, in __init__
    self.nodelist = self.compile_nodelist()
                    ~~~~~~~~~~~~~~~~~~~~~^^
  File "D:\Projects\Current Projects\NDAS - Project\NDAS\venv\Lib\site-packages\django\template\base.py", line 200, in compile_nodelist
    return parser.parse()
           ~~~~~~~~~~~~^^
  File "D:\Projects\Current Projects\NDAS - Project\NDAS\venv\Lib\site-packages\django\template\base.py", line 513, in parse
    raise self.error(token, e)
  File "D:\Projects\Current Projects\NDAS - Project\NDAS\venv\Lib\site-packages\django\template\base.py", line 511, in parse
    compiled_result = compile_func(self, token)
  File "D:\Projects\Current Projects\NDAS - Project\NDAS\venv\Lib\site-packages\django\template\loader_tags.py", line 293, in do_extends
    nodelist = parser.parse()
  File "D:\Projects\Current Projects\NDAS - Project\NDAS\venv\Lib\site-packages\django\template\base.py", line 513, in parse
    raise self.error(token, e)
  File "D:\Projects\Current Projects\NDAS - Project\NDAS\venv\Lib\site-packages\django\template\base.py", line 511, in parse
    compiled_result = compile_func(self, token)
  File "D:\Projects\Current Projects\NDAS - Project\NDAS\venv\Lib\site-packages\django\template\loader_tags.py", line 232, in do_block
    nodelist = parser.parse(("endblock",))
  File "D:\Projects\Current Projects\NDAS - Project\NDAS\venv\Lib\site-packages\django\template\base.py", line 513, in parse
    raise self.error(token, e)
  File "D:\Projects\Current Projects\NDAS - Project\NDAS\venv\Lib\site-packages\django\template\base.py", line 511, in parse
    compiled_result = compile_func(self, token)
  File "D:\Projects\Current Projects\NDAS - Project\NDAS\venv\Lib\site-packages\django\template\defaulttags.py", line 954, in do_if
    nodelist = parser.parse(("elif", "else", "endif"))
  File "D:\Projects\Current Projects\NDAS - Project\NDAS\venv\Lib\site-packages\django\template\base.py", line 507, in parse
    self.invalid_block_tag(token, command, parse_until)
    ~~~~~~~~~~~~~~~~~~~~~~^^^^^^^^^^^^^^^^^^^^^^^^^^^^^
  File "D:\Projects\Current Projects\NDAS - Project\NDAS\venv\Lib\site-packages\django\template\base.py", line 558, in invalid_block_tag
    raise self.error(
    ...<8 lines>...
    )
django.template.exceptions.TemplateSyntaxError: Invalid block tag on line 320: 'endfor', expected 'elif', 'else' or 'endif'. Did you forget to register or load this tag?
ERROR 2025-09-28 00:10:37,569 basehttp 10156 18488 "GET /manager/patient/ HTTP/1.1" 500 251240
ERROR 2025-09-28 00:12:53,167 log 10156 18488 Internal Server Error: /manager/patient/
Traceback (most recent call last):
  File "D:\Projects\Current Projects\NDAS - Project\NDAS\venv\Lib\site-packages\django\template\base.py", line 505, in parse
    compile_func = self.tags[command]
                   ~~~~~~~~~^^^^^^^^^
KeyError: 'endfor'

During handling of the above exception, another exception occurred:

Traceback (most recent call last):
  File "D:\Projects\Current Projects\NDAS - Project\NDAS\venv\Lib\site-packages\django\core\handlers\exception.py", line 55, in inner
    response = get_response(request)
  File "D:\Projects\Current Projects\NDAS - Project\NDAS\venv\Lib\site-packages\django\core\handlers\base.py", line 197, in _get_response
    response = wrapped_callback(request, *callback_args, **callback_kwargs)
  File "D:\Projects\Current Projects\NDAS - Project\NDAS\venv\Lib\site-packages\django\contrib\auth\decorators.py", line 23, in _wrapped_view
    return view_func(request, *args, **kwargs)
  File "D:\Projects\Current Projects\NDAS - Project\NDAS\patients\views.py", line 155, in patient_manager
    return render(
        request, "patients/manager.html", {"patients_page_obj": paginated_pt_list}
    )
  File "D:\Projects\Current Projects\NDAS - Project\NDAS\venv\Lib\site-packages\django\shortcuts.py", line 24, in render
    content = loader.render_to_string(template_name, context, request, using=using)
  File "D:\Projects\Current Projects\NDAS - Project\NDAS\venv\Lib\site-packages\django\template\loader.py", line 61, in render_to_string
    template = get_template(template_name, using=using)
  File "D:\Projects\Current Projects\NDAS - Project\NDAS\venv\Lib\site-packages\django\template\loader.py", line 15, in get_template
    return engine.get_template(template_name)
           ~~~~~~~~~~~~~~~~~~~^^^^^^^^^^^^^^^
  File "D:\Projects\Current Projects\NDAS - Project\NDAS\venv\Lib\site-packages\django\template\backends\django.py", line 34, in get_template
    return Template(self.engine.get_template(template_name), self)
                    ~~~~~~~~~~~~~~~~~~~~~~~~^^^^^^^^^^^^^^^
  File "D:\Projects\Current Projects\NDAS - Project\NDAS\venv\Lib\site-packages\django\template\engine.py", line 175, in get_template
    template, origin = self.find_template(template_name)
                       ~~~~~~~~~~~~~~~~~~^^^^^^^^^^^^^^^
  File "D:\Projects\Current Projects\NDAS - Project\NDAS\venv\Lib\site-packages\django\template\engine.py", line 157, in find_template
    template = loader.get_template(name, skip=skip)
  File "D:\Projects\Current Projects\NDAS - Project\NDAS\venv\Lib\site-packages\django\template\loaders\cached.py", line 57, in get_template
    template = super().get_template(template_name, skip)
  File "D:\Projects\Current Projects\NDAS - Project\NDAS\venv\Lib\site-packages\django\template\loaders\base.py", line 28, in get_template
    return Template(
        contents,
    ...<2 lines>...
        self.engine,
    )
  File "D:\Projects\Current Projects\NDAS - Project\NDAS\venv\Lib\site-packages\django\template\base.py", line 154, in __init__
    self.nodelist = self.compile_nodelist()
                    ~~~~~~~~~~~~~~~~~~~~~^^
  File "D:\Projects\Current Projects\NDAS - Project\NDAS\venv\Lib\site-packages\django\template\base.py", line 200, in compile_nodelist
    return parser.parse()
           ~~~~~~~~~~~~^^
  File "D:\Projects\Current Projects\NDAS - Project\NDAS\venv\Lib\site-packages\django\template\base.py", line 513, in parse
    raise self.error(token, e)
  File "D:\Projects\Current Projects\NDAS - Project\NDAS\venv\Lib\site-packages\django\template\base.py", line 511, in parse
    compiled_result = compile_func(self, token)
  File "D:\Projects\Current Projects\NDAS - Project\NDAS\venv\Lib\site-packages\django\template\loader_tags.py", line 293, in do_extends
    nodelist = parser.parse()
  File "D:\Projects\Current Projects\NDAS - Project\NDAS\venv\Lib\site-packages\django\template\base.py", line 513, in parse
    raise self.error(token, e)
  File "D:\Projects\Current Projects\NDAS - Project\NDAS\venv\Lib\site-packages\django\template\base.py", line 511, in parse
    compiled_result = compile_func(self, token)
  File "D:\Projects\Current Projects\NDAS - Project\NDAS\venv\Lib\site-packages\django\template\loader_tags.py", line 232, in do_block
    nodelist = parser.parse(("endblock",))
  File "D:\Projects\Current Projects\NDAS - Project\NDAS\venv\Lib\site-packages\django\template\base.py", line 513, in parse
    raise self.error(token, e)
  File "D:\Projects\Current Projects\NDAS - Project\NDAS\venv\Lib\site-packages\django\template\base.py", line 511, in parse
    compiled_result = compile_func(self, token)
  File "D:\Projects\Current Projects\NDAS - Project\NDAS\venv\Lib\site-packages\django\template\defaulttags.py", line 954, in do_if
    nodelist = parser.parse(("elif", "else", "endif"))
  File "D:\Projects\Current Projects\NDAS - Project\NDAS\venv\Lib\site-packages\django\template\base.py", line 507, in parse
    self.invalid_block_tag(token, command, parse_until)
    ~~~~~~~~~~~~~~~~~~~~~~^^^^^^^^^^^^^^^^^^^^^^^^^^^^^
  File "D:\Projects\Current Projects\NDAS - Project\NDAS\venv\Lib\site-packages\django\template\base.py", line 558, in invalid_block_tag
    raise self.error(
    ...<8 lines>...
    )
django.template.exceptions.TemplateSyntaxError: Invalid block tag on line 320: 'endfor', expected 'elif', 'else' or 'endif'. Did you forget to register or load this tag?
ERROR 2025-09-28 00:12:53,181 basehttp 10156 18488 "GET /manager/patient/ HTTP/1.1" 500 251240
INFO 2025-09-28 00:14:21,673 basehttp 10156 18488 "GET /manager/patient/ HTTP/1.1" 200 55872
INFO 2025-09-28 00:14:21,727 basehttp 10156 18488 "GET /static/css/social.css HTTP/1.1" 304 0
INFO 2025-09-28 00:14:21,732 basehttp 10156 3416 "GET /static/css/custom_css.css HTTP/1.1" 304 0
INFO 2025-09-28 00:14:21,732 basehttp 10156 3376 "GET /static/css/ndas-sidebar.css HTTP/1.1" 304 0
INFO 2025-09-28 00:15:45,783 basehttp 10156 3376 "GET /manager/patient/ HTTP/1.1" 200 55849
INFO 2025-09-28 00:15:45,838 basehttp 10156 3376 "GET /static/css/social.css HTTP/1.1" 304 0
INFO 2025-09-28 00:15:45,838 basehttp 10156 3416 "GET /static/css/custom_css.css HTTP/1.1" 304 0
INFO 2025-09-28 00:15:47,089 basehttp 10156 3416 "GET /manager/patient/ HTTP/1.1" 200 55849
INFO 2025-09-28 00:15:58,007 basehttp 10156 1100 "GET /manager/patient/ HTTP/1.1" 200 55840
INFO 2025-09-28 00:16:00,443 basehttp 10156 1100 "GET /manager/patient/ HTTP/1.1" 200 55840
INFO 2025-09-28 00:16:01,653 basehttp 10156 20196 "GET /manager/patient/ HTTP/1.1" 200 55840
INFO 2025-09-28 00:16:33,576 basehttp 10156 20196 "GET /patient/add/ HTTP/1.1" 200 68272
INFO 2025-09-28 00:16:33,628 basehttp 10156 20196 "GET /static/css/ndas-sidebar.css HTTP/1.1" 304 0
INFO 2025-09-28 00:17:36,128 basehttp 10156 20196 "GET /patient/add/ HTTP/1.1" 200 68272
INFO 2025-09-28 00:17:36,176 basehttp 10156 20196 "GET /static/css/social.css HTTP/1.1" 304 0
INFO 2025-09-28 00:17:36,185 basehttp 10156 13112 "GET /static/css/custom_css.css HTTP/1.1" 304 0
INFO 2025-09-28 00:17:37,262 basehttp 10156 13112 "GET /manager/patient/ HTTP/1.1" 200 55872
INFO 2025-09-28 00:17:38,337 basehttp 10156 13112 "GET /manager/patient/ HTTP/1.1" 200 55872
INFO 2025-09-28 00:21:04,327 basehttp 10156 7452 "GET /manager/patient/ HTTP/1.1" 200 55872
INFO 2025-09-28 00:21:04,391 basehttp 10156 7452 "GET /static/css/social.css HTTP/1.1" 304 0
INFO 2025-09-28 00:21:04,406 basehttp 10156 11156 "GET /static/css/ndas-sidebar.css HTTP/1.1" 304 0
INFO 2025-09-28 00:21:04,406 basehttp 10156 2820 "GET /static/css/custom_css.css HTTP/1.1" 304 0
INFO 2025-09-28 00:21:07,287 basehttp 10156 11156 "GET /manager/patient/ HTTP/1.1" 200 55872
INFO 2025-09-28 00:21:25,488 basehttp 10156 11156 "GET /patient/add/ HTTP/1.1" 200 68272
INFO 2025-09-28 00:21:33,846 basehttp 10156 11156 "GET /manager/patient/ HTTP/1.1" 200 55913
INFO 2025-09-28 00:22:27,810 basehttp 10156 11156 "GET /manager/patient/ HTTP/1.1" 200 55913
INFO 2025-09-28 00:22:28,212 autoreload 15676 2232 Watching for file changes with StatReloader
INFO 2025-09-28 00:22:50,427 basehttp 10156 11156 "GET /manager/patient/ HTTP/1.1" 200 55913
INFO 2025-09-28 00:22:55,362 basehttp 10156 11156 "GET /users/logout/ HTTP/1.1" 302 0
INFO 2025-09-28 00:22:55,383 basehttp 10156 11156 "GET /users/login/ HTTP/1.1" 200 16055
INFO 2025-09-28 00:22:57,111 basehttp 10156 11156 "POST /users/login/ HTTP/1.1" 302 0
INFO 2025-09-28 00:22:57,339 basehttp 10156 11156 "GET / HTTP/1.1" 200 50997
INFO 2025-09-28 00:22:59,502 basehttp 10156 11156 "GET /patient/add/ HTTP/1.1" 200 68272
INFO 2025-09-28 00:22:59,533 basehttp 10156 11156 "GET /static/css/social.css HTTP/1.1" 304 0
INFO 2025-09-28 00:23:01,485 basehttp 10156 11156 "GET /manager/patient/ HTTP/1.1" 200 55913
INFO 2025-09-28 00:23:46,408 basehttp 10156 11156 "GET /manager/patient/ HTTP/1.1" 200 55913
INFO 2025-09-28 00:23:46,471 basehttp 10156 2820 "GET /static/css/ndas-sidebar.css HTTP/1.1" 304 0
INFO 2025-09-28 00:23:46,472 basehttp 10156 11156 "GET /static/css/custom_css.css HTTP/1.1" 200 2339
INFO 2025-09-28 00:23:49,246 basehttp 10156 11156 "GET /manager/patient/ HTTP/1.1" 200 55913
INFO 2025-09-28 00:26:07,379 basehttp 10156 11156 "GET /manager/patient/ HTTP/1.1" 200 55913
INFO 2025-09-28 00:26:07,436 basehttp 10156 2820 "GET /static/css/custom_css.css HTTP/1.1" 304 0
INFO 2025-09-28 00:26:07,436 basehttp 10156 11156 "GET /static/css/social.css HTTP/1.1" 304 0
INFO 2025-09-28 00:26:08,703 basehttp 10156 11156 "GET /manager/patient/ HTTP/1.1" 200 55913
INFO 2025-09-28 00:27:15,080 basehttp 10156 11156 "GET /manager/patient/ HTTP/1.1" 200 55913
INFO 2025-09-28 00:27:15,128 basehttp 10156 11156 "GET /static/css/custom_css.css HTTP/1.1" 304 0
INFO 2025-09-28 00:27:15,128 basehttp 10156 2820 "GET /static/css/ndas-sidebar.css HTTP/1.1" 304 0
INFO 2025-09-28 00:27:36,273 basehttp 10156 2820 "GET /manager/patient/ HTTP/1.1" 200 55913
INFO 2025-09-28 00:27:37,580 basehttp 10156 2820 "GET /manager/patient/ HTTP/1.1" 200 55913
INFO 2025-09-28 00:28:17,958 basehttp 10156 2820 "GET /manager/patient/ HTTP/1.1" 200 55913
INFO 2025-09-28 00:28:18,009 basehttp 10156 2820 "GET /static/css/custom_css.css HTTP/1.1" 304 0
INFO 2025-09-28 00:31:19,712 basehttp 10156 2820 "GET /manager/patient/ HTTP/1.1" 200 55931
INFO 2025-09-28 00:31:19,777 basehttp 10156 2820 "GET /static/css/social.css HTTP/1.1" 304 0
INFO 2025-09-28 00:31:19,781 basehttp 10156 11156 "GET /static/css/custom_css.css HTTP/1.1" 304 0
INFO 2025-09-28 00:31:19,787 basehttp 10156 11312 "GET /static/css/ndas-sidebar.css HTTP/1.1" 304 0
INFO 2025-09-28 00:31:23,363 basehttp 10156 19044 "GET /manager/patient/ HTTP/1.1" 200 55931
INFO 2025-09-28 00:31:26,118 basehttp 10156 19044 "GET /manager/patient/ HTTP/1.1" 200 55931
INFO 2025-09-28 00:31:52,483 basehttp 10156 19044 "GET /manager/patient/ HTTP/1.1" 200 55869
INFO 2025-09-28 00:31:54,852 basehttp 10156 19044 "GET /manager/patient/ HTTP/1.1" 200 55961
INFO 2025-09-28 00:32:38,615 basehttp 10156 19044 "GET /manager/patient/ HTTP/1.1" 200 55955
INFO 2025-09-28 00:32:38,667 basehttp 10156 19044 "GET /static/css/custom_css.css HTTP/1.1" 304 0
INFO 2025-09-28 00:32:40,622 basehttp 10156 19044 "GET /manager/patient/ HTTP/1.1" 200 55955
INFO 2025-09-28 00:33:23,575 basehttp 10156 19044 "GET /manager/patient/ HTTP/1.1" 200 57099
INFO 2025-09-28 00:33:25,071 basehttp 10156 19044 "GET /manager/patient/ HTTP/1.1" 200 57099
INFO 2025-09-28 00:33:57,380 basehttp 10156 19044 "GET /manager/patient/ HTTP/1.1" 200 57049
INFO 2025-09-28 00:33:57,432 basehttp 10156 19044 "GET /static/css/custom_css.css HTTP/1.1" 304 0
INFO 2025-09-28 00:33:58,965 basehttp 10156 19044 "GET /manager/patient/ HTTP/1.1" 200 57049
INFO 2025-09-28 00:34:02,127 basehttp 10156 19044 "GET /manager/patient/ HTTP/1.1" 200 57049
INFO 2025-09-28 00:34:16,041 basehttp 10156 19044 "GET /manager/patient/ HTTP/1.1" 200 57049
INFO 2025-09-28 00:34:16,078 basehttp 10156 19044 "GET /static/css/social.css HTTP/1.1" 304 0
INFO 2025-09-28 00:34:16,946 basehttp 10156 19044 "GET /manager/patient/ HTTP/1.1" 200 57049
INFO 2025-09-28 00:36:52,377 basehttp 10156 19044 "GET /manager/patient/ HTTP/1.1" 200 56826
INFO 2025-09-28 00:36:52,440 basehttp 10156 19044 "GET /static/css/custom_css.css HTTP/1.1" 304 0
INFO 2025-09-28 00:36:52,454 basehttp 10156 19044 "GET /static/css/ndas-sidebar.css HTTP/1.1" 304 0
INFO 2025-09-28 00:37:00,044 basehttp 10156 19044 "GET /manager/patient/ HTTP/1.1" 200 56826
INFO 2025-09-28 00:37:05,739 basehttp 10156 19044 "GET /manager/patient/ HTTP/1.1" 200 56826
INFO 2025-09-28 00:37:41,729 basehttp 10156 19044 "GET /manager/patient/ HTTP/1.1" 200 60214
INFO 2025-09-28 00:37:41,790 basehttp 10156 19044 "GET /static/css/social.css HTTP/1.1" 304 0
INFO 2025-09-28 00:37:44,098 basehttp 10156 19044 "GET /manager/patient/ HTTP/1.1" 200 60214
INFO 2025-09-28 00:38:27,952 basehttp 10156 19044 "GET /manager/patient/ HTTP/1.1" 200 59797
INFO 2025-09-28 00:38:28,003 basehttp 10156 19044 "GET /static/css/custom_css.css HTTP/1.1" 304 0
INFO 2025-09-28 00:40:24,607 basehttp 10156 18304 "GET /manager/patient/ HTTP/1.1" 200 58847
INFO 2025-09-28 00:40:24,658 basehttp 10156 18304 "GET /static/css/custom_css.css HTTP/1.1" 304 0
INFO 2025-09-28 00:41:52,177 basehttp 10156 14576 "GET /manager/patient/ HTTP/1.1" 200 58815
INFO 2025-09-28 00:41:52,229 basehttp 10156 14576 "GET /static/css/social.css HTTP/1.1" 304 0
INFO 2025-09-28 00:41:52,234 basehttp 10156 7504 "GET /static/css/ndas-sidebar.css HTTP/1.1" 304 0
INFO 2025-09-28 00:42:49,688 basehttp 10156 11404 "GET /manager/patient/ HTTP/1.1" 200 58800
INFO 2025-09-28 00:42:49,817 basehttp 10156 11404 "GET /static/css/custom_css.css HTTP/1.1" 304 0
INFO 2025-09-28 00:43:37,144 basehttp 10156 11404 "GET /manager/patient/ HTTP/1.1" 200 58768
INFO 2025-09-28 00:47:56,423 basehttp 10156 11404 "GET /manager/patient/ HTTP/1.1" 200 59503
INFO 2025-09-28 00:47:56,496 basehttp 10156 11404 "GET /static/css/social.css HTTP/1.1" 304 0
INFO 2025-09-28 00:47:56,508 basehttp 10156 12156 "GET /static/css/custom_css.css HTTP/1.1" 304 0
INFO 2025-09-28 00:47:56,514 basehttp 10156 17616 "GET /static/css/ndas-sidebar.css HTTP/1.1" 304 0
INFO 2025-09-28 00:48:28,906 basehttp 10156 17616 "GET /manager/patient/ HTTP/1.1" 200 59503
INFO 2025-09-28 00:49:08,225 basehttp 10156 17616 "GET /manager/patient/ HTTP/1.1" 200 60526
INFO 2025-09-28 00:49:59,269 basehttp 10156 17616 "GET /manager/patient/ HTTP/1.1" 200 61854
INFO 2025-09-28 00:50:52,896 basehttp 10156 17616 "GET /manager/patient/ HTTP/1.1" 200 58847
INFO 2025-09-28 00:50:52,954 basehttp 10156 17616 "GET /static/css/custom_css.css HTTP/1.1" 304 0
INFO 2025-09-28 00:52:47,285 basehttp 10156 8408 "GET /manager/patient/ HTTP/1.1" 200 58847
INFO 2025-09-28 00:52:47,338 basehttp 10156 8408 "GET /static/css/social.css HTTP/1.1" 304 0
INFO 2025-09-28 00:52:49,975 basehttp 10156 8408 "GET /manager/patient/ HTTP/1.1" 200 58847
INFO 2025-09-28 00:52:52,672 basehttp 10156 8408 "GET /manager/patient/ HTTP/1.1" 200 58847
INFO 2025-09-28 00:52:56,065 basehttp 10156 8408 "GET /manager/patient/ HTTP/1.1" 200 58847
INFO 2025-09-28 00:52:57,483 basehttp 10156 8408 "GET /manager/patient/ HTTP/1.1" 200 58847
INFO 2025-09-28 00:53:00,027 basehttp 10156 8408 "GET /manager/patient/ HTTP/1.1" 200 58847
INFO 2025-09-28 00:53:10,653 basehttp 10156 8408 "GET /manager/patient/ HTTP/1.1" 200 58847
INFO 2025-09-28 00:53:10,684 basehttp 10156 8408 "GET /static/css/ndas-sidebar.css HTTP/1.1" 304 0
INFO 2025-09-28 00:53:35,334 basehttp 10156 8408 "GET /manager/patient/ HTTP/1.1" 200 58847
INFO 2025-09-28 00:53:36,767 basehttp 10156 8408 "GET /manager/patient/ HTTP/1.1" 200 58847
INFO 2025-09-28 00:53:37,864 basehttp 10156 8408 "GET /manager/patient/ HTTP/1.1" 200 58847
INFO 2025-09-28 00:54:24,572 basehttp 10156 8408 "GET /manager/patient/ HTTP/1.1" 200 58847
INFO 2025-09-28 00:54:24,611 basehttp 10156 8408 "GET /static/css/custom_css.css HTTP/1.1" 304 0
INFO 2025-09-28 00:54:43,011 basehttp 10156 8408 "GET /manager/patient/ HTTP/1.1" 200 58847
INFO 2025-09-28 00:54:44,073 basehttp 10156 8408 "GET /manager/patient/ HTTP/1.1" 200 58847
INFO 2025-09-28 00:54:44,989 basehttp 10156 8408 "GET /manager/patient/ HTTP/1.1" 200 58847
INFO 2025-09-28 00:54:46,002 basehttp 10156 8408 "GET /manager/patient/ HTTP/1.1" 200 58847
INFO 2025-09-28 00:54:46,828 basehttp 10156 8408 "GET /manager/patient/ HTTP/1.1" 200 58847
INFO 2025-09-28 00:56:11,179 basehttp 10156 8408 "GET /manager/patient/ HTTP/1.1" 200 58794
INFO 2025-09-28 00:56:12,394 basehttp 10156 8408 "GET /manager/patient/ HTTP/1.1" 200 58794
INFO 2025-09-28 00:57:03,724 basehttp 10156 8408 "GET /manager/patient/ HTTP/1.1" 200 58828
INFO 2025-09-28 00:59:39,663 basehttp 10156 8408 "GET /manager/patient/ HTTP/1.1" 200 58828
INFO 2025-09-28 00:59:39,717 basehttp 10156 8408 "GET /static/css/social.css HTTP/1.1" 304 0
INFO 2025-09-28 00:59:39,722 basehttp 10156 17724 "GET /static/css/custom_css.css HTTP/1.1" 304 0
INFO 2025-09-28 00:59:39,724 basehttp 10156 16992 "GET /static/css/ndas-sidebar.css HTTP/1.1" 304 0
INFO 2025-09-28 00:59:40,837 basehttp 10156 16992 "GET /manager/patient/ HTTP/1.1" 200 58828
INFO 2025-09-28 00:59:41,954 basehttp 10156 16992 "GET /manager/patient/ HTTP/1.1" 200 58828
INFO 2025-09-28 00:59:43,099 basehttp 10156 16992 "GET /manager/patient/ HTTP/1.1" 200 58828
INFO 2025-09-28 00:59:43,927 basehttp 10156 16992 "GET /manager/patient/ HTTP/1.1" 200 58828
INFO 2025-09-28 00:59:44,709 basehttp 10156 16992 "GET /manager/patient/ HTTP/1.1" 200 58828
INFO 2025-09-28 00:59:45,579 basehttp 10156 16992 "GET /manager/patient/ HTTP/1.1" 200 58828
INFO 2025-09-28 01:00:15,181 basehttp 10156 16992 "GET /hine/manager/ HTTP/1.1" 200 47178
INFO 2025-09-28 01:00:59,928 basehttp 10156 16992 "GET /manager/patient/ HTTP/1.1" 200 58828
INFO 2025-09-28 01:08:32,759 basehttp 10156 12212 "GET /manager/patient/ HTTP/1.1" 200 58828
INFO 2025-09-28 01:08:32,814 basehttp 10156 12212 "GET /static/css/social.css HTTP/1.1" 304 0
INFO 2025-09-28 01:08:32,821 basehttp 10156 5068 "GET /static/css/ndas-sidebar.css HTTP/1.1" 304 0
INFO 2025-09-28 01:08:32,821 basehttp 10156 5832 "GET /static/css/custom_css.css HTTP/1.1" 304 0
INFO 2025-09-28 01:08:34,047 basehttp 10156 5832 "GET /manager/patient/ HTTP/1.1" 200 58828
INFO 2025-09-28 01:08:35,137 basehttp 10156 5832 "GET /manager/patient/ HTTP/1.1" 200 58828
WARNING 2025-09-28 01:08:57,227 log 10156 5832 Not Found: /.well-known/appspecific/com.chrome.devtools.json
WARNING 2025-09-28 01:08:57,230 basehttp 10156 5832 "GET /.well-known/appspecific/com.chrome.devtools.json HTTP/1.1" 404 15988
INFO 2025-09-28 01:10:38,168 basehttp 10156 13064 "GET /manager/patient/ HTTP/1.1" 200 58793
INFO 2025-09-28 01:11:24,643 basehttp 10156 13064 "GET /manager/patient/ HTTP/1.1" 200 58654
INFO 2025-09-28 01:12:11,039 basehttp 10156 13064 "GET /manager/patient/ HTTP/1.1" 200 58828
INFO 2025-09-28 01:13:30,216 basehttp 10156 13064 "GET /manager/patient/ HTTP/1.1" 200 58689
INFO 2025-09-28 01:13:30,250 basehttp 10156 13064 "GET /static/css/custom_css.css HTTP/1.1" 304 0
INFO 2025-09-28 01:15:00,074 basehttp 10156 13064 "GET /manager/patient/ HTTP/1.1" 200 58689
INFO 2025-09-28 01:15:42,238 basehttp 10156 13064 "GET /manager/patient/ HTTP/1.1" 200 58689
INFO 2025-09-28 01:15:42,279 basehttp 10156 13064 "GET /static/css/social.css HTTP/1.1" 304 0
INFO 2025-09-28 01:15:54,905 basehttp 10156 13064 "GET /patient/add/ HTTP/1.1" 200 68133
INFO 2025-09-28 01:15:54,947 basehttp 10156 13064 "GET /static/css/ndas-sidebar.css HTTP/1.1" 304 0
INFO 2025-09-28 01:16:19,365 basehttp 10156 13064 "GET /patient/add/ HTTP/1.1" 200 68272
INFO 2025-09-28 01:16:37,977 basehttp 10156 13064 "GET /manager/patient/ HTTP/1.1" 200 58828
INFO 2025-09-28 01:17:24,848 basehttp 10156 13064 "GET /manager/patient/ HTTP/1.1" 200 58773
INFO 2025-09-28 01:18:10,081 basehttp 10156 13064 "GET /manager/assessment/ HTTP/1.1" 200 58122
INFO 2025-09-28 01:18:53,995 basehttp 10156 13064 "GET /manager/assessment/ HTTP/1.1" 200 58067
INFO 2025-09-28 01:18:54,049 basehttp 10156 13064 "GET /static/css/custom_css.css HTTP/1.1" 304 0
INFO 2025-09-28 01:19:25,148 basehttp 10156 14924 "GET /hine/manager/ HTTP/1.1" 200 47178
INFO 2025-09-28 01:20:06,340 basehttp 10156 14924 "GET /hine/manager/ HTTP/1.1" 200 47123
ERROR 2025-09-28 01:20:19,555 log 10156 14924 Internal Server Error: /manager/patient/
Traceback (most recent call last):
  File "D:\Projects\Current Projects\NDAS - Project\NDAS\venv\Lib\site-packages\django\template\base.py", line 505, in parse
    compile_func = self.tags[command]
                   ~~~~~~~~~^^^^^^^^^
KeyError: 'endfor'

During handling of the above exception, another exception occurred:

Traceback (most recent call last):
  File "D:\Projects\Current Projects\NDAS - Project\NDAS\venv\Lib\site-packages\django\core\handlers\exception.py", line 55, in inner
    response = get_response(request)
  File "D:\Projects\Current Projects\NDAS - Project\NDAS\venv\Lib\site-packages\django\core\handlers\base.py", line 197, in _get_response
    response = wrapped_callback(request, *callback_args, **callback_kwargs)
  File "D:\Projects\Current Projects\NDAS - Project\NDAS\venv\Lib\site-packages\django\contrib\auth\decorators.py", line 23, in _wrapped_view
    return view_func(request, *args, **kwargs)
  File "D:\Projects\Current Projects\NDAS - Project\NDAS\patients\views.py", line 155, in patient_manager
    return render(
        request, "patients/manager.html", {"patients_page_obj": paginated_pt_list}
    )
  File "D:\Projects\Current Projects\NDAS - Project\NDAS\venv\Lib\site-packages\django\shortcuts.py", line 24, in render
    content = loader.render_to_string(template_name, context, request, using=using)
  File "D:\Projects\Current Projects\NDAS - Project\NDAS\venv\Lib\site-packages\django\template\loader.py", line 61, in render_to_string
    template = get_template(template_name, using=using)
  File "D:\Projects\Current Projects\NDAS - Project\NDAS\venv\Lib\site-packages\django\template\loader.py", line 15, in get_template
    return engine.get_template(template_name)
           ~~~~~~~~~~~~~~~~~~~^^^^^^^^^^^^^^^
  File "D:\Projects\Current Projects\NDAS - Project\NDAS\venv\Lib\site-packages\django\template\backends\django.py", line 34, in get_template
    return Template(self.engine.get_template(template_name), self)
                    ~~~~~~~~~~~~~~~~~~~~~~~~^^^^^^^^^^^^^^^
  File "D:\Projects\Current Projects\NDAS - Project\NDAS\venv\Lib\site-packages\django\template\engine.py", line 175, in get_template
    template, origin = self.find_template(template_name)
                       ~~~~~~~~~~~~~~~~~~^^^^^^^^^^^^^^^
  File "D:\Projects\Current Projects\NDAS - Project\NDAS\venv\Lib\site-packages\django\template\engine.py", line 157, in find_template
    template = loader.get_template(name, skip=skip)
  File "D:\Projects\Current Projects\NDAS - Project\NDAS\venv\Lib\site-packages\django\template\loaders\cached.py", line 57, in get_template
    template = super().get_template(template_name, skip)
  File "D:\Projects\Current Projects\NDAS - Project\NDAS\venv\Lib\site-packages\django\template\loaders\base.py", line 28, in get_template
    return Template(
        contents,
    ...<2 lines>...
        self.engine,
    )
  File "D:\Projects\Current Projects\NDAS - Project\NDAS\venv\Lib\site-packages\django\template\base.py", line 154, in __init__
    self.nodelist = self.compile_nodelist()
                    ~~~~~~~~~~~~~~~~~~~~~^^
  File "D:\Projects\Current Projects\NDAS - Project\NDAS\venv\Lib\site-packages\django\template\base.py", line 200, in compile_nodelist
    return parser.parse()
           ~~~~~~~~~~~~^^
  File "D:\Projects\Current Projects\NDAS - Project\NDAS\venv\Lib\site-packages\django\template\base.py", line 513, in parse
    raise self.error(token, e)
  File "D:\Projects\Current Projects\NDAS - Project\NDAS\venv\Lib\site-packages\django\template\base.py", line 511, in parse
    compiled_result = compile_func(self, token)
  File "D:\Projects\Current Projects\NDAS - Project\NDAS\venv\Lib\site-packages\django\template\loader_tags.py", line 293, in do_extends
    nodelist = parser.parse()
  File "D:\Projects\Current Projects\NDAS - Project\NDAS\venv\Lib\site-packages\django\template\base.py", line 513, in parse
    raise self.error(token, e)
  File "D:\Projects\Current Projects\NDAS - Project\NDAS\venv\Lib\site-packages\django\template\base.py", line 511, in parse
    compiled_result = compile_func(self, token)
  File "D:\Projects\Current Projects\NDAS - Project\NDAS\venv\Lib\site-packages\django\template\loader_tags.py", line 232, in do_block
    nodelist = parser.parse(("endblock",))
  File "D:\Projects\Current Projects\NDAS - Project\NDAS\venv\Lib\site-packages\django\template\base.py", line 507, in parse
    self.invalid_block_tag(token, command, parse_until)
    ~~~~~~~~~~~~~~~~~~~~~~^^^^^^^^^^^^^^^^^^^^^^^^^^^^^
  File "D:\Projects\Current Projects\NDAS - Project\NDAS\venv\Lib\site-packages\django\template\base.py", line 558, in invalid_block_tag
    raise self.error(
    ...<8 lines>...
    )
django.template.exceptions.TemplateSyntaxError: Invalid block tag on line 387: 'endfor', expected 'endblock'. Did you forget to register or load this tag?
ERROR 2025-09-28 01:20:19,605 basehttp 10156 14924 "GET /manager/patient/ HTTP/1.1" 500 227225
INFO 2025-09-28 01:20:39,032 basehttp 10156 14924 - Broken pipe from ('127.0.0.1', 52494)
INFO 2025-09-28 01:20:39,058 basehttp 10156 4224 "GET /manager/assessment/ HTTP/1.1" 200 58067
INFO 2025-09-28 01:20:40,363 basehttp 10156 4224 "GET /hine/manager/ HTTP/1.1" 200 47123
ERROR 2025-09-28 01:20:41,731 log 10156 4224 Internal Server Error: /manager/patient/
Traceback (most recent call last):
  File "D:\Projects\Current Projects\NDAS - Project\NDAS\venv\Lib\site-packages\django\template\base.py", line 505, in parse
    compile_func = self.tags[command]
                   ~~~~~~~~~^^^^^^^^^
KeyError: 'endfor'

During handling of the above exception, another exception occurred:

Traceback (most recent call last):
  File "D:\Projects\Current Projects\NDAS - Project\NDAS\venv\Lib\site-packages\django\core\handlers\exception.py", line 55, in inner
    response = get_response(request)
  File "D:\Projects\Current Projects\NDAS - Project\NDAS\venv\Lib\site-packages\django\core\handlers\base.py", line 197, in _get_response
    response = wrapped_callback(request, *callback_args, **callback_kwargs)
  File "D:\Projects\Current Projects\NDAS - Project\NDAS\venv\Lib\site-packages\django\contrib\auth\decorators.py", line 23, in _wrapped_view
    return view_func(request, *args, **kwargs)
  File "D:\Projects\Current Projects\NDAS - Project\NDAS\patients\views.py", line 155, in patient_manager
    return render(
        request, "patients/manager.html", {"patients_page_obj": paginated_pt_list}
    )
  File "D:\Projects\Current Projects\NDAS - Project\NDAS\venv\Lib\site-packages\django\shortcuts.py", line 24, in render
    content = loader.render_to_string(template_name, context, request, using=using)
  File "D:\Projects\Current Projects\NDAS - Project\NDAS\venv\Lib\site-packages\django\template\loader.py", line 61, in render_to_string
    template = get_template(template_name, using=using)
  File "D:\Projects\Current Projects\NDAS - Project\NDAS\venv\Lib\site-packages\django\template\loader.py", line 15, in get_template
    return engine.get_template(template_name)
           ~~~~~~~~~~~~~~~~~~~^^^^^^^^^^^^^^^
  File "D:\Projects\Current Projects\NDAS - Project\NDAS\venv\Lib\site-packages\django\template\backends\django.py", line 34, in get_template
    return Template(self.engine.get_template(template_name), self)
                    ~~~~~~~~~~~~~~~~~~~~~~~~^^^^^^^^^^^^^^^
  File "D:\Projects\Current Projects\NDAS - Project\NDAS\venv\Lib\site-packages\django\template\engine.py", line 175, in get_template
    template, origin = self.find_template(template_name)
                       ~~~~~~~~~~~~~~~~~~^^^^^^^^^^^^^^^
  File "D:\Projects\Current Projects\NDAS - Project\NDAS\venv\Lib\site-packages\django\template\engine.py", line 157, in find_template
    template = loader.get_template(name, skip=skip)
  File "D:\Projects\Current Projects\NDAS - Project\NDAS\venv\Lib\site-packages\django\template\loaders\cached.py", line 57, in get_template
    template = super().get_template(template_name, skip)
  File "D:\Projects\Current Projects\NDAS - Project\NDAS\venv\Lib\site-packages\django\template\loaders\base.py", line 28, in get_template
    return Template(
        contents,
    ...<2 lines>...
        self.engine,
    )
  File "D:\Projects\Current Projects\NDAS - Project\NDAS\venv\Lib\site-packages\django\template\base.py", line 154, in __init__
    self.nodelist = self.compile_nodelist()
                    ~~~~~~~~~~~~~~~~~~~~~^^
  File "D:\Projects\Current Projects\NDAS - Project\NDAS\venv\Lib\site-packages\django\template\base.py", line 200, in compile_nodelist
    return parser.parse()
           ~~~~~~~~~~~~^^
  File "D:\Projects\Current Projects\NDAS - Project\NDAS\venv\Lib\site-packages\django\template\base.py", line 513, in parse
    raise self.error(token, e)
  File "D:\Projects\Current Projects\NDAS - Project\NDAS\venv\Lib\site-packages\django\template\base.py", line 511, in parse
    compiled_result = compile_func(self, token)
  File "D:\Projects\Current Projects\NDAS - Project\NDAS\venv\Lib\site-packages\django\template\loader_tags.py", line 293, in do_extends
    nodelist = parser.parse()
  File "D:\Projects\Current Projects\NDAS - Project\NDAS\venv\Lib\site-packages\django\template\base.py", line 513, in parse
    raise self.error(token, e)
  File "D:\Projects\Current Projects\NDAS - Project\NDAS\venv\Lib\site-packages\django\template\base.py", line 511, in parse
    compiled_result = compile_func(self, token)
  File "D:\Projects\Current Projects\NDAS - Project\NDAS\venv\Lib\site-packages\django\template\loader_tags.py", line 232, in do_block
    nodelist = parser.parse(("endblock",))
  File "D:\Projects\Current Projects\NDAS - Project\NDAS\venv\Lib\site-packages\django\template\base.py", line 507, in parse
    self.invalid_block_tag(token, command, parse_until)
    ~~~~~~~~~~~~~~~~~~~~~~^^^^^^^^^^^^^^^^^^^^^^^^^^^^^
  File "D:\Projects\Current Projects\NDAS - Project\NDAS\venv\Lib\site-packages\django\template\base.py", line 558, in invalid_block_tag
    raise self.error(
    ...<8 lines>...
    )
django.template.exceptions.TemplateSyntaxError: Invalid block tag on line 387: 'endfor', expected 'endblock'. Did you forget to register or load this tag?
ERROR 2025-09-28 01:20:41,759 basehttp 10156 4224 "GET /manager/patient/ HTTP/1.1" 500 227225
INFO 2025-09-28 01:21:10,418 basehttp 10156 1904 "GET /manager/patient/ HTTP/1.1" 200 58773
INFO 2025-09-28 01:21:19,996 basehttp 10156 1904 "GET /manager/assessment/ HTTP/1.1" 200 58067
INFO 2025-09-28 01:21:21,137 basehttp 10156 1904 "GET /hine/manager/ HTTP/1.1" 200 47123
INFO 2025-09-28 01:21:23,334 basehttp 10156 1904 "GET /da/manager/ HTTP/1.1" 200 41704
INFO 2025-09-28 01:21:26,584 basehttp 10156 1904 "GET /cdic/manager/ HTTP/1.1" 200 42277
INFO 2025-09-28 01:22:05,082 basehttp 10156 16416 "GET /cdic/manager/ HTTP/1.1" 200 42222
INFO 2025-09-28 01:22:19,367 basehttp 10156 16416 "GET /da/manager/ HTTP/1.1" 200 41704
INFO 2025-09-28 01:22:42,761 basehttp 10156 16416 "GET /da/manager/ HTTP/1.1" 200 41649
INFO 2025-09-28 01:22:56,710 basehttp 10156 16416 "GET /da/manager/ HTTP/1.1" 200 41649
INFO 2025-09-28 01:22:57,831 basehttp 10156 16416 "GET / HTTP/1.1" 200 50673
INFO 2025-09-28 01:23:07,547 basehttp 10156 16416 "GET /manager/assessment/ HTTP/1.1" 200 58067
INFO 2025-09-28 01:23:07,584 basehttp 10156 16416 "GET /static/css/social.css HTTP/1.1" 304 0
INFO 2025-09-28 01:23:27,926 basehttp 10156 16416 "GET /manager/patient/ HTTP/1.1" 200 58773
INFO 2025-09-28 01:23:50,175 basehttp 10156 16416 "GET /manager/assessment/ HTTP/1.1" 200 58067
INFO 2025-09-28 01:23:57,734 basehttp 10156 16416 "GET /hine/manager/ HTTP/1.1" 200 47123
INFO 2025-09-28 01:23:57,770 basehttp 10156 16416 "GET /static/css/ndas-sidebar.css HTTP/1.1" 304 0
INFO 2025-09-28 01:24:00,122 basehttp 10156 16416 "GET /da/manager/ HTTP/1.1" 200 41649
INFO 2025-09-28 01:24:01,693 basehttp 10156 16416 "GET /cdic/manager/ HTTP/1.1" 200 42222
INFO 2025-09-28 01:24:03,473 basehttp 10156 16416 "GET /hine/manager/ HTTP/1.1" 200 47123
INFO 2025-09-28 01:24:19,395 basehttp 10156 16416 "GET /users/logout/ HTTP/1.1" 302 0
INFO 2025-09-28 01:24:19,420 basehttp 10156 16416 "GET /users/login/ HTTP/1.1" 200 16055
INFO 2025-09-28 01:24:21,332 basehttp 10156 16416 "POST /users/login/ HTTP/1.1" 302 0
INFO 2025-09-28 01:24:21,545 basehttp 10156 16416 "GET / HTTP/1.1" 200 50997
INFO 2025-09-28 01:24:23,267 basehttp 10156 16416 "GET /manager/patient/ HTTP/1.1" 200 58773
INFO 2025-09-28 01:24:27,027 basehttp 10156 16416 "GET /manager/assessment/ HTTP/1.1" 200 58067
INFO 2025-09-28 01:24:28,161 basehttp 10156 16416 "GET /hine/manager/ HTTP/1.1" 200 47123
INFO 2025-09-28 01:24:29,935 basehttp 10156 16416 "GET /da/manager/ HTTP/1.1" 200 41649
INFO 2025-09-28 01:24:31,109 basehttp 10156 16416 "GET /cdic/manager/ HTTP/1.1" 200 42222
INFO 2025-09-28 01:24:35,153 basehttp 10156 16416 "GET /manager/patient/ HTTP/1.1" 200 58773
INFO 2025-09-28 01:25:27,570 basehttp 10156 16416 "GET /manager/patient/ HTTP/1.1" 200 58759
INFO 2025-09-28 01:25:27,606 basehttp 10156 16416 "GET /static/css/custom_css.css HTTP/1.1" 304 0
INFO 2025-09-28 01:25:55,642 basehttp 10156 16416 "GET /manager/patient/ HTTP/1.1" 200 58752
INFO 2025-09-28 01:28:09,134 basehttp 10156 13232 "GET /manager/patient/ HTTP/1.1" 200 58769
INFO 2025-09-28 01:28:30,607 basehttp 10156 2272 "GET /manager/patient/ HTTP/1.1" 200 58754
INFO 2025-09-28 01:28:46,373 basehttp 10156 18284 "GET /manager/patient/ HTTP/1.1" 200 58757
INFO 2025-09-28 01:29:51,646 basehttp 10156 7744 "GET /manager/patient/ HTTP/1.1" 200 58721
INFO 2025-09-28 01:30:10,640 basehttp 10156 10688 "GET /manager/patient/ HTTP/1.1" 200 58724
INFO 2025-09-28 01:30:24,822 basehttp 10156 17460 "GET /manager/patient/ HTTP/1.1" 200 58726
INFO 2025-09-28 01:30:37,402 basehttp 10156 15552 "GET /manager/patient/ HTTP/1.1" 200 58726
INFO 2025-09-28 01:30:52,544 basehttp 10156 10068 "GET /manager/patient/ HTTP/1.1" 200 58722
INFO 2025-09-28 01:32:15,694 basehttp 10156 9944 "GET /manager/patient/ HTTP/1.1" 200 58722
INFO 2025-09-28 01:32:15,727 basehttp 10156 9944 "GET /static/css/social.css HTTP/1.1" 304 0
INFO 2025-09-28 01:32:15,732 basehttp 10156 9944 "GET /static/css/custom_css.css HTTP/1.1" 304 0
INFO 2025-09-28 01:32:47,140 basehttp 10156 9944 "GET /manager/patient/ HTTP/1.1" 200 58723
INFO 2025-09-28 01:32:47,186 basehttp 10156 9944 "GET /static/css/ndas-sidebar.css HTTP/1.1" 304 0
INFO 2025-09-28 01:33:47,514 basehttp 10156 9944 "GET /manager/patient/ HTTP/1.1" 200 58723
INFO 2025-09-28 01:34:06,259 basehttp 10156 9944 "GET /manager/patient/ HTTP/1.1" 200 58723
INFO 2025-09-28 01:34:07,495 basehttp 10156 9944 "GET /manager/assessment/ HTTP/1.1" 200 58067
INFO 2025-09-28 01:34:11,371 basehttp 10156 9944 "GET /manager/patient/ HTTP/1.1" 200 58723
INFO 2025-09-28 01:34:58,659 basehttp 10156 19808 "GET /manager/patient/ HTTP/1.1" 200 58723
INFO 2025-09-28 01:35:00,281 basehttp 10156 19808 "GET /manager/patient/ HTTP/1.1" 200 58723
INFO 2025-09-28 01:35:33,524 basehttp 10156 19228 "GET /manager/patient/ HTTP/1.1" 200 58730
INFO 2025-09-28 01:35:34,592 basehttp 10156 9844 "GET /manager/patient/ HTTP/1.1" 200 58730
INFO 2025-09-28 01:35:55,553 basehttp 10156 16620 "GET /manager/patient/ HTTP/1.1" 200 58717
INFO 2025-09-28 01:35:56,494 basehttp 10156 16620 "GET /manager/patient/ HTTP/1.1" 200 58717
INFO 2025-09-28 01:35:57,297 basehttp 10156 16620 "GET /manager/patient/ HTTP/1.1" 200 58717
INFO 2025-09-28 01:35:58,034 basehttp 10156 16620 "GET /manager/patient/ HTTP/1.1" 200 58717
INFO 2025-09-28 01:36:10,837 basehttp 10156 2588 "GET /manager/patient/ HTTP/1.1" 200 58722
INFO 2025-09-28 01:36:58,042 basehttp 10156 19144 "GET /manager/patient/ HTTP/1.1" 200 58719
INFO 2025-09-28 01:37:38,276 basehttp 10156 10556 "GET /manager/patient/ HTTP/1.1" 200 58720
INFO 2025-09-28 01:37:49,231 basehttp 10156 12104 "GET /manager/patient/ HTTP/1.1" 200 58720
INFO 2025-09-28 01:37:51,432 basehttp 10156 12104 "GET /manager/patient/ HTTP/1.1" 200 58720
INFO 2025-09-28 01:37:56,066 basehttp 10156 12104 "GET /manager/assessment/ HTTP/1.1" 200 58067
INFO 2025-09-28 01:38:24,597 basehttp 10156 4656 "GET /manager/assessment/ HTTP/1.1" 200 57906
INFO 2025-09-28 01:38:26,126 basehttp 10156 4656 "GET /manager/assessment/ HTTP/1.1" 200 57906
INFO 2025-09-28 01:38:27,328 basehttp 10156 4656 "GET /manager/assessment/ HTTP/1.1" 200 57906
INFO 2025-09-28 01:39:07,114 basehttp 10156 19072 "GET /manager/assessment/ HTTP/1.1" 200 58135
INFO 2025-09-28 01:39:20,949 basehttp 10156 19072 "GET /manager/assessment/ HTTP/1.1" 200 57962
INFO 2025-09-28 01:39:35,838 basehttp 10156 19072 "GET /manager/assessment/ HTTP/1.1" 200 57962
INFO 2025-09-28 01:39:35,862 basehttp 10156 19072 "GET /static/css/custom_css.css HTTP/1.1" 304 0
INFO 2025-09-28 01:39:37,330 basehttp 10156 19072 "GET /hine/manager/ HTTP/1.1" 200 47123
INFO 2025-09-28 01:39:39,373 basehttp 10156 19072 "GET /da/manager/ HTTP/1.1" 200 41649
INFO 2025-09-28 01:39:42,834 basehttp 10156 19072 "GET /cdic/manager/ HTTP/1.1" 200 42222
INFO 2025-09-28 01:40:24,478 basehttp 10156 6120 "GET /cdic/manager/ HTTP/1.1" 200 42232
INFO 2025-09-28 01:40:25,707 basehttp 10156 6120 "GET /cdic/manager/ HTTP/1.1" 200 42232
INFO 2025-09-28 01:40:41,283 basehttp 10156 15488 "GET /da/manager/ HTTP/1.1" 200 41649
INFO 2025-09-28 01:41:32,651 basehttp 10156 11236 "GET /da/manager/ HTTP/1.1" 200 41649
INFO 2025-09-28 01:41:32,690 basehttp 10156 11236 "GET /static/css/social.css HTTP/1.1" 304 0
INFO 2025-09-28 01:41:34,299 basehttp 10156 11236 "GET /cdic/manager/ HTTP/1.1" 200 42230
INFO 2025-09-28 01:41:36,445 basehttp 10156 11236 "GET /da/manager/ HTTP/1.1" 200 41649
INFO 2025-09-28 01:41:38,758 basehttp 10156 11236 "GET /cdic/manager/ HTTP/1.1" 200 42230
INFO 2025-09-28 01:41:40,429 basehttp 10156 12096 "GET /hine/manager/ HTTP/1.1" 200 47123
INFO 2025-09-28 01:41:44,195 basehttp 10156 12096 "GET /video/manager/ HTTP/1.1" 200 60620
INFO 2025-09-28 01:42:24,310 basehttp 10156 9068 "GET /video/manager/?search=&status=&patient=&date_from=&date_to= HTTP/1.1" 200 60620
INFO 2025-09-28 01:42:43,581 basehttp 10156 12276 "GET /attachment/manager/ HTTP/1.1" 200 67506
INFO 2025-09-28 01:42:43,649 basehttp 10156 12276 "GET /static/css/ndas-sidebar.css HTTP/1.1" 304 0
INFO 2025-09-28 01:42:46,985 basehttp 10156 17220 "GET /manager/bookmarks/ HTTP/1.1" 200 41817
INFO 2025-09-28 01:43:17,064 basehttp 10156 13904 "GET /video/manager/ HTTP/1.1" 200 60567
INFO 2025-09-28 01:43:31,908 basehttp 10156 15396 "GET /attachment/manager/ HTTP/1.1" 200 67506
INFO 2025-09-28 01:44:15,364 basehttp 10156 15396 "GET /attachment/manager/ HTTP/1.1" 200 67451
INFO 2025-09-28 01:44:27,600 basehttp 10156 15396 "GET /manager/bookmarks/ HTTP/1.1" 200 41817
INFO 2025-09-28 01:44:49,456 basehttp 10156 15396 "GET /manager/bookmarks/ HTTP/1.1" 200 41762
INFO 2025-09-28 01:44:55,617 basehttp 10156 15396 "GET /users/admin/dashboard/ HTTP/1.1" 200 50010
INFO 2025-09-28 01:44:58,615 basehttp 10156 15396 "GET / HTTP/1.1" 200 50673
INFO 2025-09-28 01:45:01,317 basehttp 10156 15396 "GET /patient/add/ HTTP/1.1" 200 68272
INFO 2025-09-28 01:45:25,843 basehttp 10156 15396 "GET /hine/manager/ HTTP/1.1" 200 47123
INFO 2025-09-28 01:48:30,943 basehttp 10156 15396 "GET /hine/manager/ HTTP/1.1" 200 49032
INFO 2025-09-28 01:48:30,975 basehttp 10156 15396 "GET /static/css/custom_css.css HTTP/1.1" 304 0
INFO 2025-09-28 01:49:09,329 basehttp 10156 15396 "GET /manager/patient/ HTTP/1.1" 200 58720
INFO 2025-09-28 01:49:19,309 basehttp 10156 15396 "GET /manager/assessment/ HTTP/1.1" 200 57962
INFO 2025-09-28 01:49:22,328 basehttp 10156 15396 "GET /hine/manager/ HTTP/1.1" 200 49567
INFO 2025-09-28 01:49:26,062 basehttp 10156 15396 "GET /da/manager/ HTTP/1.1" 200 41649
INFO 2025-09-28 01:49:27,603 basehttp 10156 15396 "GET /cdic/manager/ HTTP/1.1" 200 42230
INFO 2025-09-28 01:49:41,562 basehttp 10156 15396 "GET /hine/manager/ HTTP/1.1" 200 49567
INFO 2025-09-28 01:49:54,356 basehttp 10156 15396 "GET /hine/manager/ HTTP/1.1" 200 48209
INFO 2025-09-28 01:49:57,569 basehttp 10156 15396 "GET /hine/manager/ HTTP/1.1" 200 48209
INFO 2025-09-28 01:50:02,085 basehttp 10156 15396 "GET /hine/manager/ HTTP/1.1" 200 48209
INFO 2025-09-28 01:50:04,146 basehttp 10156 15396 "GET /manager/assessment/ HTTP/1.1" 200 57962
INFO 2025-09-28 01:50:06,139 basehttp 10156 15396 "GET /hine/manager/ HTTP/1.1" 200 48209
INFO 2025-09-28 01:50:07,050 basehttp 10156 15396 "GET /da/manager/ HTTP/1.1" 200 41649
INFO 2025-09-28 01:50:08,722 basehttp 10156 15396 "GET /cdic/manager/ HTTP/1.1" 200 42230
INFO 2025-09-28 01:50:11,330 basehttp 10156 15396 "GET /manager/patient/ HTTP/1.1" 200 58720
INFO 2025-09-28 01:50:15,127 basehttp 10156 15396 "GET /video/manager/ HTTP/1.1" 200 60567
INFO 2025-09-28 01:51:58,456 basehttp 10156 2976 "GET /manager/patient/ HTTP/1.1" 200 58720
INFO 2025-09-28 01:51:58,519 basehttp 10156 2976 "GET /static/css/social.css HTTP/1.1" 304 0
INFO 2025-09-28 12:04:43,927 autoreload 7352 15944 Watching for file changes with StatReloader
INFO 2025-09-28 12:05:19,918 basehttp 7352 9440 "GET / HTTP/1.1" 302 0
INFO 2025-09-28 12:05:20,131 basehttp 7352 9440 "GET /users/login/?next=/ HTTP/1.1" 200 15725
INFO 2025-09-28 12:05:20,432 basehttp 7352 14720 "GET /static/css/ndas-sidebar.css HTTP/1.1" 304 0
INFO 2025-09-28 12:05:20,432 basehttp 7352 13324 "GET /static/css/custom_css.css HTTP/1.1" 304 0
INFO 2025-09-28 12:05:20,432 basehttp 7352 9636 "GET /static/css/social.css HTTP/1.1" 304 0
INFO 2025-09-28 12:05:20,536 basehttp 7352 16480 "GET /static/js/login.js HTTP/1.1" 200 2964
INFO 2025-09-28 12:05:20,546 basehttp 7352 3692 "GET /static/css/login.css HTTP/1.1" 200 6852
WARNING 2025-09-28 12:05:21,348 log 7352 3692 Not Found: /favicon.ico
WARNING 2025-09-28 12:05:21,349 basehttp 7352 3692 "GET /favicon.ico HTTP/1.1" 404 15877
WARNING 2025-09-28 12:05:21,359 log 7352 16480 Not Found: /favicon.ico
WARNING 2025-09-28 12:05:21,361 basehttp 7352 16480 "GET /favicon.ico HTTP/1.1" 404 15877
INFO 2025-09-28 12:05:26,520 basehttp 7352 16480 "POST /users/login/ HTTP/1.1" 302 0
INFO 2025-09-28 12:05:27,085 basehttp 7352 16480 "GET / HTTP/1.1" 200 50997
INFO 2025-09-28 12:05:41,494 basehttp 7352 11168 "GET /manager/patient/ HTTP/1.1" 200 58720
INFO 2025-09-28 12:05:41,549 basehttp 7352 11168 "GET /static/js/manager.js HTTP/1.1" 200 22547
INFO 2025-09-28 12:05:47,910 basehttp 7352 19548 "GET /manager/patient/ HTTP/1.1" 200 58720
INFO 2025-09-28 12:05:50,016 basehttp 7352 19548 "GET /manager/patient/ HTTP/1.1" 200 58720
INFO 2025-09-28 12:05:50,908 basehttp 7352 19548 "GET /manager/patient/ HTTP/1.1" 200 58720
INFO 2025-09-28 12:06:02,760 basehttp 7352 19868 "GET /manager/patient/normal HTTP/1.1" 200 55842
INFO 2025-09-28 12:06:06,562 basehttp 7352 10872 "GET /manager/patient/diagnosed/da/normal HTTP/1.1" 200 42640
INFO 2025-09-28 12:06:21,462 basehttp 7352 8620 "GET /search/ HTTP/1.1" 200 41896
INFO 2025-09-28 12:06:30,893 basehttp 7352 14656 "GET /search/ HTTP/1.1" 200 41896
INFO 2025-09-28 12:06:32,100 basehttp 7352 14656 "GET /search/ HTTP/1.1" 200 41896
INFO 2025-09-28 12:06:33,756 basehttp 7352 14656 "GET /manager/patient/ HTTP/1.1" 200 58720
INFO 2025-09-28 12:10:05,759 autoreload 7352 15944 D:\Projects\Current Projects\NDAS - Project\NDAS\patients\views.py changed, reloading.
INFO 2025-09-28 12:10:08,465 autoreload 18380 13604 Watching for file changes with StatReloader
INFO 2025-09-28 12:13:02,285 basehttp 18380 15084 "GET /manager/patient/ HTTP/1.1" 302 0
INFO 2025-09-28 12:13:02,382 basehttp 18380 15084 "GET /users/login/?next=/manager/patient/ HTTP/1.1" 200 15725
INFO 2025-09-28 12:13:04,910 basehttp 18380 15084 "POST /users/login/ HTTP/1.1" 302 0
INFO 2025-09-28 12:13:05,246 basehttp 18380 15084 "GET / HTTP/1.1" 200 50997
INFO 2025-09-28 12:13:07,403 basehttp 18380 15084 "GET /manager/patient/ HTTP/1.1" 200 60301
INFO 2025-09-28 12:13:13,996 basehttp 18380 15084 "GET /manager/patient/?search=asfd HTTP/1.1" 200 44219
INFO 2025-09-28 12:13:18,088 basehttp 18380 15084 "GET /manager/patient/?search=bo HTTP/1.1" 200 54827
INFO 2025-09-28 12:13:24,688 basehttp 18380 15084 "GET /manager/patient/?search=kusu HTTP/1.1" 200 51941
INFO 2025-09-28 12:13:28,830 basehttp 18380 15084 "GET /manager/patient/normal HTTP/1.1" 200 57423
INFO 2025-09-28 12:13:42,942 basehttp 18380 15084 "GET /manager/patient/normal?search=ku HTTP/1.1" 200 57423
INFO 2025-09-28 12:13:46,279 basehttp 18380 15084 "GET /manager/patient/normal?search=ku HTTP/1.1" 200 57423
INFO 2025-09-28 12:13:56,495 basehttp 18380 15084 "GET /manager/patient/normal?search=kusu HTTP/1.1" 200 57423
INFO 2025-09-28 12:13:57,519 basehttp 18380 15084 "GET /manager/patient/normal?search= HTTP/1.1" 200 57423
INFO 2025-09-28 12:14:01,102 basehttp 18380 15084 "GET /manager/patient/ HTTP/1.1" 200 60301
INFO 2025-09-28 12:14:06,554 basehttp 18380 15084 "GET /manager/patient/?search=ku HTTP/1.1" 200 51937
INFO 2025-09-28 12:14:11,268 basehttp 18380 15084 "GET /manager/patient/ HTTP/1.1" 200 60301
INFO 2025-09-28 12:14:16,520 basehttp 18380 15084 "GET /manager/patient/?search=ku HTTP/1.1" 200 51937
INFO 2025-09-28 12:14:43,640 basehttp 18380 15084 "GET /patient/view/2/ HTTP/1.1" 200 107752
INFO 2025-09-28 12:15:33,395 basehttp 18380 15084 "GET /video/manager/patient/2/ HTTP/1.1" 200 46888
ERROR 2025-09-28 12:15:52,705 log 18380 15084 Internal Server Error: /video/manager/new/
Traceback (most recent call last):
  File "D:\Projects\Current Projects\NDAS - Project\NDAS\venv\Lib\site-packages\django\core\handlers\exception.py", line 55, in inner
    response = get_response(request)
  File "D:\Projects\Current Projects\NDAS - Project\NDAS\venv\Lib\site-packages\django\core\handlers\base.py", line 197, in _get_response
    response = wrapped_callback(request, *callback_args, **callback_kwargs)
  File "D:\Projects\Current Projects\NDAS - Project\NDAS\venv\Lib\site-packages\django\contrib\auth\decorators.py", line 23, in _wrapped_view
    return view_func(request, *args, **kwargs)
  File "D:\Projects\Current Projects\NDAS - Project\NDAS\video\views.py", line 344, in video_manager_new_only
    .filter(is_new_file=True)
     ~~~~~~^^^^^^^^^^^^^^^^^^
  File "D:\Projects\Current Projects\NDAS - Project\NDAS\venv\Lib\site-packages\django\db\models\query.py", line 1421, in filter
    return self._filter_or_exclude(False, args, kwargs)
           ~~~~~~~~~~~~~~~~~~~~~~~^^^^^^^^^^^^^^^^^^^^^
  File "D:\Projects\Current Projects\NDAS - Project\NDAS\venv\Lib\site-packages\django\db\models\query.py", line 1439, in _filter_or_exclude
    clone._filter_or_exclude_inplace(negate, args, kwargs)
    ~~~~~~~~~~~~~~~~~~~~~~~~~~~~~~~~^^^^^^^^^^^^^^^^^^^^^^
  File "D:\Projects\Current Projects\NDAS - Project\NDAS\venv\Lib\site-packages\django\db\models\query.py", line 1446, in _filter_or_exclude_inplace
    self._query.add_q(Q(*args, **kwargs))
    ~~~~~~~~~~~~~~~~~^^^^^^^^^^^^^^^^^^^^
  File "D:\Projects\Current Projects\NDAS - Project\NDAS\venv\Lib\site-packages\django\db\models\sql\query.py", line 1532, in add_q
    clause, _ = self._add_q(q_object, self.used_aliases)
                ~~~~~~~~~~~^^^^^^^^^^^^^^^^^^^^^^^^^^^^^
  File "D:\Projects\Current Projects\NDAS - Project\NDAS\venv\Lib\site-packages\django\db\models\sql\query.py", line 1562, in _add_q
    child_clause, needed_inner = self.build_filter(
                                 ~~~~~~~~~~~~~~~~~^
        child,
        ^^^^^^
    ...<5 lines>...
        check_filterable=check_filterable,
        ^^^^^^^^^^^^^^^^^^^^^^^^^^^^^^^^^^
    )
    ^
  File "D:\Projects\Current Projects\NDAS - Project\NDAS\venv\Lib\site-packages\django\db\models\sql\query.py", line 1407, in build_filter
    lookups, parts, reffed_expression = self.solve_lookup_type(arg)
                                        ~~~~~~~~~~~~~~~~~~~~~~^^^^^
  File "D:\Projects\Current Projects\NDAS - Project\NDAS\venv\Lib\site-packages\django\db\models\sql\query.py", line 1217, in solve_lookup_type
    _, field, _, lookup_parts = self.names_to_path(lookup_splitted, self.get_meta())
                                ~~~~~~~~~~~~~~~~~~^^^^^^^^^^^^^^^^^^^^^^^^^^^^^^^^^^
  File "D:\Projects\Current Projects\NDAS - Project\NDAS\venv\Lib\site-packages\django\db\models\sql\query.py", line 1709, in names_to_path
    raise FieldError(
    ...<2 lines>...
    )
django.core.exceptions.FieldError: Cannot resolve keyword 'is_new_file' into field. Choices are: added_by, added_by_id, created_at, description, duration_seconds, file_size_bytes, gmassessment, height, id, is_assessment_ready, last_edit_by, last_edit_by_id, patient, patient_id, processing_status, recorded_on, title, updated_at, video_file, width
ERROR 2025-09-28 12:15:52,724 basehttp 18380 15084 "GET /video/manager/new/ HTTP/1.1" 500 128298
INFO 2025-09-28 12:15:59,120 basehttp 18380 15084 "GET / HTTP/1.1" 200 50673
INFO 2025-09-28 12:16:00,482 basehttp 18380 15084 "GET /manager/patient/ HTTP/1.1" 200 60301
INFO 2025-09-28 12:17:09,686 basehttp 18380 15084 "GET /manager/patient/new HTTP/1.1" 200 51596
INFO 2025-09-28 12:17:13,013 basehttp 18380 15084 "GET /manager/patient/diagnosed/any HTTP/1.1" 200 54547
INFO 2025-09-28 12:17:24,122 basehttp 18380 15084 "GET /manager/patient/normal HTTP/1.1" 200 57423
INFO 2025-09-28 12:17:31,776 basehttp 18380 15084 "GET /manager/patient/diagnosed/gma/normal HTTP/1.1" 200 54490
INFO 2025-09-28 12:17:34,383 basehttp 18380 15084 "GET /manager/patient/diagnosed/gma/normal?search= HTTP/1.1" 200 54490
INFO 2025-09-28 12:17:42,663 basehttp 18380 15084 "GET /manager/patient/diagnosed/gma/abnormal HTTP/1.1" 200 51614
INFO 2025-09-28 12:17:51,343 basehttp 18380 15084 "GET /manager/patient/diagnosed/hine HTTP/1.1" 200 51657
INFO 2025-09-28 12:18:03,215 basehttp 18380 15084 "GET /manager/patient/diagnosed/da/abnormal HTTP/1.1" 200 44209
INFO 2025-09-28 12:18:07,833 basehttp 18380 15084 "GET /manager/patient/diagnosed/gma/abnormal HTTP/1.1" 200 51614
INFO 2025-09-28 12:20:45,172 autoreload 18380 13604 D:\Projects\Current Projects\NDAS - Project\NDAS\patients\views.py changed, reloading.
INFO 2025-09-28 12:20:46,067 autoreload 3992 7096 Watching for file changes with StatReloader
INFO 2025-09-28 12:20:55,953 autoreload 3992 7096 D:\Projects\Current Projects\NDAS - Project\NDAS\patients\views.py changed, reloading.
INFO 2025-09-28 12:20:56,840 autoreload 9532 20216 Watching for file changes with StatReloader
INFO 2025-09-28 12:21:17,934 autoreload 9532 20216 D:\Projects\Current Projects\NDAS - Project\NDAS\patients\views.py changed, reloading.
INFO 2025-09-28 12:21:18,742 autoreload 17340 1152 Watching for file changes with StatReloader
INFO 2025-09-28 12:21:40,803 autoreload 17340 1152 D:\Projects\Current Projects\NDAS - Project\NDAS\patients\views.py changed, reloading.
INFO 2025-09-28 12:21:41,707 autoreload 1484 15456 Watching for file changes with StatReloader
INFO 2025-09-28 12:23:22,708 basehttp 1484 1720 "GET /manager/patient/diagnosed/gma/abnormal HTTP/1.1" 302 0
INFO 2025-09-28 12:23:22,730 basehttp 1484 1720 "GET /users/login/?next=/manager/patient/diagnosed/gma/abnormal HTTP/1.1" 200 15725
INFO 2025-09-28 12:23:25,750 basehttp 1484 1720 "POST /users/login/ HTTP/1.1" 302 0
INFO 2025-09-28 12:23:25,953 basehttp 1484 1720 "GET / HTTP/1.1" 200 50997
INFO 2025-09-28 12:23:29,832 basehttp 1484 1720 "GET /manager/patient/ HTTP/1.1" 200 60315
INFO 2025-09-28 12:23:33,814 basehttp 1484 1720 "GET /manager/patient/new HTTP/1.1" 200 51970
INFO 2025-09-28 12:23:38,216 basehttp 1484 1720 "GET /manager/patient/ HTTP/1.1" 200 60315
INFO 2025-09-28 12:23:43,022 basehttp 1484 1720 "GET /manager/patient/normal HTTP/1.1" 200 57801
INFO 2025-09-28 12:23:48,836 basehttp 1484 1720 "GET /manager/patient/ HTTP/1.1" 200 60315
INFO 2025-09-28 12:23:54,172 basehttp 1484 1720 "GET /manager/patient/diagnosed/gma/normal HTTP/1.1" 200 54872
INFO 2025-09-28 12:23:58,211 basehttp 1484 1720 "GET /manager/patient/ HTTP/1.1" 200 60315
INFO 2025-09-28 12:24:01,397 basehttp 1484 1720 "GET /manager/patient/diagnosed/da/abnormal HTTP/1.1" 200 44209
INFO 2025-09-28 12:24:07,443 basehttp 1484 1720 "GET /manager/patient/diagnosed/hine HTTP/1.1" 200 52035
INFO 2025-09-28 12:24:14,279 basehttp 1484 1720 "GET /manager/patient/diagnosed/gma/abnormal HTTP/1.1" 200 51998
INFO 2025-09-28 12:24:17,749 basehttp 1484 1720 "GET /manager/patient/ HTTP/1.1" 200 60315
INFO 2025-09-28 12:27:28,946 basehttp 1484 1720 "GET /manager/patient/discharged HTTP/1.1" 200 44209
INFO 2025-09-28 12:27:38,164 basehttp 1484 1720 "GET /manager/patient/diagnosed/hine HTTP/1.1" 200 52035
INFO 2025-09-28 12:27:41,480 basehttp 1484 1720 "GET /manager/patient/diagnosed/da/normal HTTP/1.1" 200 44209
INFO 2025-09-28 12:29:49,989 basehttp 1484 1720 "GET /manager/patient/diagnosed/da/normal HTTP/1.1" 200 44647
INFO 2025-09-28 12:29:52,659 basehttp 1484 1720 "GET /manager/patient/diagnosed/da/normal HTTP/1.1" 200 44647
INFO 2025-09-28 12:29:57,140 basehttp 1484 1720 "GET /manager/patient/discharged HTTP/1.1" 200 44641
INFO 2025-09-28 12:30:00,057 basehttp 1484 1720 "GET /manager/patient/ HTTP/1.1" 200 60305
INFO 2025-09-28 12:30:04,609 basehttp 1484 1720 "GET /manager/patient/diagnosed/gma/abnormal HTTP/1.1" 200 51988
INFO 2025-09-28 12:30:07,764 basehttp 1484 1720 "GET /manager/patient/ HTTP/1.1" 200 60305
INFO 2025-09-28 12:30:26,370 basehttp 1484 1720 "GET /manager/patient/?search= HTTP/1.1" 200 60305
INFO 2025-09-28 12:30:33,347 basehttp 1484 1720 "GET /manager/patient/?search=sdfdsf HTTP/1.1" 200 44568
INFO 2025-09-28 12:30:37,489 basehttp 1484 1720 "GET /manager/patient/ HTTP/1.1" 200 60305
INFO 2025-09-28 12:30:43,213 basehttp 1484 1720 "GET /manager/patient/new HTTP/1.1" 200 51960
INFO 2025-09-28 12:30:46,876 basehttp 1484 1720 "GET /manager/patient/diagnosed/any HTTP/1.1" 200 54909
INFO 2025-09-28 12:31:24,310 basehttp 1484 1720 "GET /users/logout/ HTTP/1.1" 302 0
INFO 2025-09-28 12:31:24,324 basehttp 1484 1720 "GET /users/login/ HTTP/1.1" 200 16055
INFO 2025-09-28 12:31:30,553 basehttp 1484 1720 "GET /users/contact-developer/ HTTP/1.1" 200 18133
INFO 2025-09-28 12:33:17,470 basehttp 1484 1720 "GET /users/login/ HTTP/1.1" 200 15725
INFO 2025-09-28 12:33:19,928 basehttp 1484 1720 "POST /users/login/ HTTP/1.1" 302 0
INFO 2025-09-28 12:33:20,123 basehttp 1484 1720 "GET / HTTP/1.1" 200 50997
INFO 2025-09-28 12:33:24,104 basehttp 1484 1720 "GET /manager/patient/ HTTP/1.1" 200 60305
INFO 2025-09-28 12:33:26,890 basehttp 1484 1720 "GET /patient/view/5/ HTTP/1.1" 200 104174
INFO 2025-09-28 12:34:20,224 basehttp 1484 1720 "GET /bookmarks/add/5/Patient/ HTTP/1.1" 200 45398
INFO 2025-09-28 12:35:17,868 basehttp 1484 1720 "POST /bookmarks/add/5/Patient/ HTTP/1.1" 302 0
INFO 2025-09-28 12:35:18,049 basehttp 1484 1720 "GET /bookmarks/view/1/ HTTP/1.1" 200 42769
INFO 2025-09-28 12:38:30,876 basehttp 1484 6736 "GET /bookmarks/view/1/ HTTP/1.1" 200 43062
INFO 2025-09-28 12:39:01,175 basehttp 1484 6736 "GET /bookmarks/view/1/ HTTP/1.1" 200 42183
INFO 2025-09-28 12:40:05,536 basehttp 1484 6736 "GET /bookmarks/view/1/ HTTP/1.1" 200 42027
INFO 2025-09-28 12:41:21,231 basehttp 1484 6736 "GET /bookmarks/view/1/ HTTP/1.1" 200 41967
INFO 2025-09-28 12:41:44,415 basehttp 1484 6736 "GET /bookmarks/view/1/ HTTP/1.1" 200 41964
INFO 2025-09-28 12:42:37,803 basehttp 1484 6736 "GET /bookmarks/view/1/ HTTP/1.1" 200 41946
INFO 2025-09-28 12:42:53,143 basehttp 1484 6736 "GET /bookmarks/view/1/ HTTP/1.1" 200 41939
INFO 2025-09-28 12:44:14,207 basehttp 1484 6736 "GET /manager/bookmarks/ HTTP/1.1" 200 48535
INFO 2025-09-28 12:48:56,670 basehttp 1484 6736 "GET /manager/bookmarks/ HTTP/1.1" 200 48549
INFO 2025-09-28 12:48:57,658 basehttp 1484 6736 "GET /manager/bookmarks/ HTTP/1.1" 200 48549
INFO 2025-09-28 12:49:08,540 basehttp 1484 6736 "GET /manager/bookmarks/ HTTP/1.1" 200 48518
INFO 2025-09-28 12:49:10,924 basehttp 1484 6736 "GET /manager/bookmarks/ HTTP/1.1" 200 48518
INFO 2025-09-28 12:49:11,823 basehttp 1484 6736 "GET /manager/bookmarks/ HTTP/1.1" 200 48518
INFO 2025-09-28 12:50:13,534 basehttp 1484 6736 "GET /manager/bookmarks/ HTTP/1.1" 200 48466
INFO 2025-09-28 12:50:16,030 basehttp 1484 6736 "GET /manager/bookmarks/ HTTP/1.1" 200 48466
INFO 2025-09-28 12:50:17,414 basehttp 1484 6736 "GET /manager/bookmarks/ HTTP/1.1" 200 48466
INFO 2025-09-28 12:50:50,337 basehttp 1484 6736 "GET /manager/bookmarks/ HTTP/1.1" 200 48262
INFO 2025-09-28 12:55:10,934 autoreload 1484 15456 D:\Projects\Current Projects\NDAS - Project\NDAS\patients\views.py changed, reloading.
INFO 2025-09-28 12:55:11,805 autoreload 3304 11716 Watching for file changes with StatReloader
INFO 2025-09-28 12:55:44,418 basehttp 3304 5472 "GET /manager/bookmarks/ HTTP/1.1" 302 0
INFO 2025-09-28 12:55:44,438 basehttp 3304 5472 "GET /users/login/?next=/manager/bookmarks/ HTTP/1.1" 200 15725
INFO 2025-09-28 12:55:46,600 basehttp 3304 5472 "POST /users/login/ HTTP/1.1" 302 0
INFO 2025-09-28 12:55:46,787 basehttp 3304 5472 "GET / HTTP/1.1" 200 51069
INFO 2025-09-28 12:55:52,892 basehttp 3304 5472 "GET /manager/bookmarks/ HTTP/1.1" 200 48311
INFO 2025-09-28 12:57:58,042 basehttp 3304 5472 "GET /manager/bookmarks/ HTTP/1.1" 200 48311
INFO 2025-09-28 13:02:42,682 basehttp 3304 5472 "GET /manager/bookmarks/ HTTP/1.1" 200 48394
INFO 2025-09-28 13:02:45,445 basehttp 3304 5472 "GET /manager/bookmarks/ HTTP/1.1" 200 48394
INFO 2025-09-28 13:05:06,997 basehttp 3304 5472 "GET /manager/bookmarks/ HTTP/1.1" 200 48394
INFO 2025-09-28 13:05:09,009 basehttp 3304 5472 "GET /manager/bookmarks/ HTTP/1.1" 200 48394
INFO 2025-09-28 13:08:18,135 basehttp 3304 1340 "GET /manager/bookmarks/ HTTP/1.1" 200 48305
INFO 2025-09-28 13:08:29,309 basehttp 3304 1340 "GET /users/view-by-username/rasikakulasinghe/ HTTP/1.1" 200 74145
INFO 2025-09-28 13:09:51,198 basehttp 3304 1340 "GET /bookmarks/edit/1/ HTTP/1.1" 200 45360
INFO 2025-09-28 13:10:02,381 basehttp 3304 1340 "POST /bookmarks/edit/1/ HTTP/1.1" 302 0
INFO 2025-09-28 13:10:02,537 basehttp 3304 1340 "GET /bookmarks/view/1/ HTTP/1.1" 200 42631
INFO 2025-09-28 13:10:21,474 basehttp 3304 1340 "GET /users/view-by-username/rasikakulasinghe/ HTTP/1.1" 200 74145
INFO 2025-09-28 13:10:27,826 basehttp 3304 1340 "GET /manager/bookmarks/ HTTP/1.1" 200 48470
INFO 2025-09-28 13:15:17,754 autoreload 3304 11716 D:\Projects\Current Projects\NDAS - Project\NDAS\patients\views.py changed, reloading.
INFO 2025-09-28 13:15:18,791 autoreload 12924 19520 Watching for file changes with StatReloader
INFO 2025-09-28 13:15:56,246 autoreload 12924 19520 D:\Projects\Current Projects\NDAS - Project\NDAS\patients\views.py changed, reloading.
INFO 2025-09-28 13:15:57,125 autoreload 1096 20356 Watching for file changes with StatReloader
INFO 2025-09-28 13:19:35,294 basehttp 1096 18732 "GET /manager/bookmarks/ HTTP/1.1" 302 0
INFO 2025-09-28 13:19:35,310 basehttp 1096 18732 "GET /users/login/?next=/manager/bookmarks/ HTTP/1.1" 200 15725
INFO 2025-09-28 13:19:35,337 basehttp 1096 18732 "GET /static/css/social.css HTTP/1.1" 304 0
INFO 2025-09-28 13:19:35,344 basehttp 1096 18732 "GET /static/css/custom_css.css HTTP/1.1" 304 0
INFO 2025-09-28 13:19:35,344 basehttp 1096 13732 "GET /static/css/ndas-sidebar.css HTTP/1.1" 304 0
INFO 2025-09-28 13:19:39,529 basehttp 1096 13732 "POST /users/login/ HTTP/1.1" 302 0
INFO 2025-09-28 13:19:39,712 basehttp 1096 13732 "GET / HTTP/1.1" 200 51069
INFO 2025-09-28 13:19:43,343 basehttp 1096 13732 "GET /manager/bookmarks/ HTTP/1.1" 200 49914
INFO 2025-09-28 13:19:43,380 basehttp 1096 13732 "GET /static/js/manager.js HTTP/1.1" 304 0
INFO 2025-09-28 13:20:05,841 basehttp 1096 13732 "GET /manager/bookmarks/?search=asfd HTTP/1.1" 200 43659
INFO 2025-09-28 13:20:08,806 basehttp 1096 13732 "GET /manager/bookmarks/ HTTP/1.1" 200 49914
INFO 2025-09-28 13:25:21,321 basehttp 1096 16216 "GET /manager/bookmarks/ HTTP/1.1" 200 51505
INFO 2025-09-28 13:25:23,934 basehttp 1096 16216 "GET /manager/bookmarks/ HTTP/1.1" 200 51505
INFO 2025-09-28 13:25:31,280 basehttp 1096 16216 "GET /manager/bookmarks/?bookmark_type=Patient HTTP/1.1" 200 51985
INFO 2025-09-28 13:25:34,651 basehttp 1096 16216 "GET /manager/bookmarks/ HTTP/1.1" 200 51505
INFO 2025-09-28 13:25:37,692 basehttp 1096 16216 "GET /manager/bookmarks/?bookmark_type=Video HTTP/1.1" 200 45419
INFO 2025-09-28 13:25:41,328 basehttp 1096 16216 "GET /manager/bookmarks/?bookmark_type=GMA HTTP/1.1" 200 45421
INFO 2025-09-28 13:25:44,631 basehttp 1096 16216 "GET /manager/bookmarks/?bookmark_type=HINE HTTP/1.1" 200 45417
INFO 2025-09-28 13:25:48,325 basehttp 1096 16216 "GET /manager/bookmarks/?bookmark_type=DA HTTP/1.1" 200 45413
INFO 2025-09-28 13:25:51,940 basehttp 1096 16216 "GET /manager/bookmarks/?bookmark_type=CDICR HTTP/1.1" 200 45427
INFO 2025-09-28 13:25:55,961 basehttp 1096 16216 "GET /manager/bookmarks/?bookmark_type=Attachment HTTP/1.1" 200 45433
INFO 2025-09-28 13:25:59,883 basehttp 1096 16216 "GET /manager/bookmarks/?date_range=today HTTP/1.1" 200 45992
INFO 2025-09-28 13:26:05,017 basehttp 1096 16216 "GET /manager/bookmarks/?date_range=week HTTP/1.1" 200 45996
INFO 2025-09-28 13:26:07,628 basehttp 1096 16216 "GET /manager/bookmarks/ HTTP/1.1" 200 51505
INFO 2025-09-28 13:26:12,658 basehttp 1096 16216 "GET /manager/bookmarks/?date_range=today HTTP/1.1" 200 45992
INFO 2025-09-28 13:26:21,486 basehttp 1096 16216 "GET /manager/bookmarks/ HTTP/1.1" 200 51505
INFO 2025-09-28 13:26:26,121 basehttp 1096 16216 "GET /manager/bookmarks/?date_range=week HTTP/1.1" 200 45996
INFO 2025-09-28 13:26:30,760 basehttp 1096 16216 "GET /manager/bookmarks/?date_range=month HTTP/1.1" 200 45997
INFO 2025-09-28 13:26:35,294 basehttp 1096 16216 "GET /manager/bookmarks/?date_range=year HTTP/1.1" 200 45991
INFO 2025-09-28 13:26:39,425 basehttp 1096 16216 "GET /manager/bookmarks/?date_range=today HTTP/1.1" 200 45992
INFO 2025-09-28 13:26:47,428 basehttp 1096 16216 "GET /manager/bookmarks/ HTTP/1.1" 200 51505
INFO 2025-09-28 13:28:38,977 autoreload 1096 20356 D:\Projects\Current Projects\NDAS - Project\NDAS\patients\views.py changed, reloading.
INFO 2025-09-28 13:28:39,924 autoreload 20164 9596 Watching for file changes with StatReloader
INFO 2025-09-28 13:29:08,686 basehttp 20164 7396 "GET /manager/bookmarks/ HTTP/1.1" 302 0
INFO 2025-09-28 13:29:08,703 basehttp 20164 7396 "GET /users/login/?next=/manager/bookmarks/ HTTP/1.1" 200 15725
INFO 2025-09-28 13:29:10,722 basehttp 20164 7396 "POST /users/login/ HTTP/1.1" 302 0
INFO 2025-09-28 13:29:10,930 basehttp 20164 7396 "GET / HTTP/1.1" 200 51069
INFO 2025-09-28 13:29:13,896 basehttp 20164 7396 "GET /manager/bookmarks/ HTTP/1.1" 200 51505
INFO 2025-09-28 13:29:17,465 basehttp 20164 7396 "GET /manager/bookmarks/?date_range=today HTTP/1.1" 200 51990
INFO 2025-09-28 13:29:20,514 basehttp 20164 7396 "GET /manager/bookmarks/ HTTP/1.1" 200 51505
INFO 2025-09-28 13:29:23,142 basehttp 20164 7396 "GET /manager/bookmarks/?date_range=week HTTP/1.1" 200 51994
INFO 2025-09-28 13:29:25,190 basehttp 20164 7396 "GET /manager/bookmarks/ HTTP/1.1" 200 51505
INFO 2025-09-28 13:29:27,944 basehttp 20164 7396 "GET /manager/bookmarks/?date_range=month HTTP/1.1" 200 51995
INFO 2025-09-28 13:29:29,717 basehttp 20164 7396 "GET /manager/bookmarks/ HTTP/1.1" 200 51505
INFO 2025-09-28 13:29:32,329 basehttp 20164 7396 "GET /manager/bookmarks/?date_range=year HTTP/1.1" 200 51989
INFO 2025-09-28 13:29:33,994 basehttp 20164 7396 "GET /manager/bookmarks/ HTTP/1.1" 200 51505
INFO 2025-09-28 13:29:39,694 basehttp 20164 7396 "GET /manager/bookmarks/?bookmark_type=Video HTTP/1.1" 200 45419
INFO 2025-09-28 13:29:43,822 basehttp 20164 7396 "GET /manager/bookmarks/ HTTP/1.1" 200 51505
INFO 2025-09-28 13:33:13,829 basehttp 20164 7396 "GET /manager/bookmarks/ HTTP/1.1" 200 51152
INFO 2025-09-28 13:33:21,777 basehttp 20164 7396 "GET /video/manager/ HTTP/1.1" 200 60567
INFO 2025-09-28 13:33:33,607 basehttp 20164 7396 "GET /video/manager/?search=&status=&patient=2&date_from=&date_to= HTTP/1.1" 200 45841
INFO 2025-09-28 13:33:45,671 basehttp 20164 7396 "GET /video/manager/?search=&status=&patient=3&date_from=&date_to= HTTP/1.1" 200 51663
INFO 2025-09-28 13:33:49,770 basehttp 20164 7396 "GET /video/manager/?search=&status=&patient=2&date_from=&date_to= HTTP/1.1" 200 45841
INFO 2025-09-28 13:33:52,866 basehttp 20164 7396 "GET /video/manager/?search=&status=failed&patient=2&date_from=&date_to= HTTP/1.1" 200 42101
INFO 2025-09-28 13:33:55,475 basehttp 20164 7396 "GET /video/manager/?search=&status=uploading&patient=2&date_from=&date_to= HTTP/1.1" 200 42101
INFO 2025-09-28 13:33:58,885 basehttp 20164 7396 "GET /video/manager/ HTTP/1.1" 200 60567
INFO 2025-09-28 13:35:46,446 basehttp 20164 2724 "GET /video/manager/ HTTP/1.1" 200 59922
INFO 2025-09-28 13:36:21,795 basehttp 20164 2724 "GET /video/manager/?search=&status=failed&patient=&date_from=&date_to= HTTP/1.1" 200 41448
INFO 2025-09-28 13:36:24,730 basehttp 20164 2724 "GET /video/manager/?search=&status=pending&patient=&date_from=&date_to= HTTP/1.1" 200 51125
INFO 2025-09-28 13:36:59,289 autoreload 20164 9596 D:\Projects\Current Projects\NDAS - Project\NDAS\video\models.py changed, reloading.
INFO 2025-09-28 13:37:00,189 autoreload 13484 8140 Watching for file changes with StatReloader
INFO 2025-09-28 13:38:44,087 autoreload 13484 8140 D:\Projects\Current Projects\NDAS - Project\NDAS\video\models.py changed, reloading.
INFO 2025-09-28 13:38:44,943 autoreload 2612 11580 Watching for file changes with StatReloader
INFO 2025-09-28 13:38:53,665 autoreload 2612 11580 D:\Projects\Current Projects\NDAS - Project\NDAS\video\models.py changed, reloading.
INFO 2025-09-28 13:38:54,478 autoreload 11720 4300 Watching for file changes with StatReloader
INFO 2025-09-28 13:39:06,344 autoreload 11720 4300 D:\Projects\Current Projects\NDAS - Project\NDAS\video\models.py changed, reloading.
INFO 2025-09-28 13:39:07,092 autoreload 7736 4552 Watching for file changes with StatReloader
INFO 2025-09-28 13:39:08,684 autoreload 7736 4552 D:\Projects\Current Projects\NDAS - Project\NDAS\video\models.py changed, reloading.
INFO 2025-09-28 13:39:09,479 autoreload 3440 16524 Watching for file changes with StatReloader
INFO 2025-09-28 13:39:15,184 autoreload 3440 16524 D:\Projects\Current Projects\NDAS - Project\NDAS\video\models.py changed, reloading.
INFO 2025-09-28 13:39:15,975 autoreload 19472 2012 Watching for file changes with StatReloader
INFO 2025-09-28 13:39:22,616 autoreload 19472 2012 D:\Projects\Current Projects\NDAS - Project\NDAS\video\models.py changed, reloading.
INFO 2025-09-28 13:39:23,461 autoreload 18296 7496 Watching for file changes with StatReloader
INFO 2025-09-28 13:39:53,672 autoreload 18296 7496 D:\Projects\Current Projects\NDAS - Project\NDAS\video\models.py changed, reloading.
INFO 2025-09-28 13:39:54,714 autoreload 7616 8596 Watching for file changes with StatReloader
INFO 2025-09-28 13:40:27,032 autoreload 7616 8596 D:\Projects\Current Projects\NDAS - Project\NDAS\video\models.py changed, reloading.
INFO 2025-09-28 13:40:27,805 autoreload 15404 2244 Watching for file changes with StatReloader
INFO 2025-09-28 13:40:39,557 autoreload 15404 2244 D:\Projects\Current Projects\NDAS - Project\NDAS\video\models.py changed, reloading.
INFO 2025-09-28 13:40:40,351 autoreload 18196 15464 Watching for file changes with StatReloader
INFO 2025-09-28 13:40:46,999 autoreload 18196 15464 D:\Projects\Current Projects\NDAS - Project\NDAS\video\models.py changed, reloading.
INFO 2025-09-28 13:40:47,763 autoreload 10784 2612 Watching for file changes with StatReloader
INFO 2025-09-28 13:41:07,668 autoreload 10784 2612 D:\Projects\Current Projects\NDAS - Project\NDAS\video\models.py changed, reloading.
INFO 2025-09-28 13:41:08,411 autoreload 18380 4712 Watching for file changes with StatReloader
INFO 2025-09-28 13:41:50,959 autoreload 18380 4712 D:\Projects\Current Projects\NDAS - Project\NDAS\video\admin.py changed, reloading.
INFO 2025-09-28 13:41:51,825 autoreload 19000 20472 Watching for file changes with StatReloader
INFO 2025-09-28 13:41:53,344 autoreload 19000 20472 D:\Projects\Current Projects\NDAS - Project\NDAS\video\admin.py changed, reloading.
INFO 2025-09-28 13:41:54,269 autoreload 7496 17264 Watching for file changes with StatReloader
INFO 2025-09-28 13:41:55,782 autoreload 7496 17264 D:\Projects\Current Projects\NDAS - Project\NDAS\video\admin.py changed, reloading.
INFO 2025-09-28 13:41:56,585 autoreload 13604 14200 Watching for file changes with StatReloader
INFO 2025-09-28 13:42:00,170 autoreload 13604 14200 D:\Projects\Current Projects\NDAS - Project\NDAS\video\admin.py changed, reloading.
INFO 2025-09-28 13:42:00,931 autoreload 13100 5320 Watching for file changes with StatReloader
INFO 2025-09-28 13:42:28,013 autoreload 13100 5320 D:\Projects\Current Projects\NDAS - Project\NDAS\video\admin.py changed, reloading.
INFO 2025-09-28 13:42:28,745 autoreload 15552 3824 Watching for file changes with StatReloader
INFO 2025-09-28 13:42:49,723 autoreload 15552 3824 D:\Projects\Current Projects\NDAS - Project\NDAS\video\admin.py changed, reloading.
INFO 2025-09-28 13:42:50,444 autoreload 4004 6528 Watching for file changes with StatReloader
INFO 2025-09-28 13:42:53,990 autoreload 4004 6528 D:\Projects\Current Projects\NDAS - Project\NDAS\video\admin.py changed, reloading.
INFO 2025-09-28 13:42:54,733 autoreload 15664 14752 Watching for file changes with StatReloader
INFO 2025-09-28 13:43:11,591 autoreload 15664 14752 D:\Projects\Current Projects\NDAS - Project\NDAS\video\admin.py changed, reloading.
INFO 2025-09-28 13:43:12,365 autoreload 5364 17140 Watching for file changes with StatReloader
INFO 2025-09-28 13:43:36,425 autoreload 5364 17140 D:\Projects\Current Projects\NDAS - Project\NDAS\video\admin.py changed, reloading.
INFO 2025-09-28 13:43:37,230 autoreload 10072 17424 Watching for file changes with StatReloader
INFO 2025-09-28 13:44:01,221 autoreload 10072 17424 D:\Projects\Current Projects\NDAS - Project\NDAS\video\admin.py changed, reloading.
INFO 2025-09-28 13:44:02,003 autoreload 2788 13816 Watching for file changes with StatReloader
INFO 2025-09-28 13:45:08,974 autoreload 2788 13816 D:\Projects\Current Projects\NDAS - Project\NDAS\video\admin.py changed, reloading.
INFO 2025-09-28 13:45:09,781 autoreload 11112 20380 Watching for file changes with StatReloader
INFO 2025-09-28 13:45:49,795 basehttp 11112 11528 "GET /video/manager/?search=&status=pending&patient=&date_from=&date_to= HTTP/1.1" 302 0
INFO 2025-09-28 13:45:49,835 basehttp 11112 11528 "GET /users/login/?next=/video/manager/%3Fsearch%3D%26status%3Dpending%26patient%3D%26date_from%3D%26date_to%3D HTTP/1.1" 200 15725
INFO 2025-09-28 13:45:49,948 basehttp 11112 11528 "GET /static/css/login.css HTTP/1.1" 304 0
INFO 2025-09-28 13:45:49,952 basehttp 11112 11184 "GET /static/js/login.js HTTP/1.1" 304 0
INFO 2025-09-28 13:45:51,407 autoreload 11112 20380 D:\Projects\Current Projects\NDAS - Project\NDAS\video\admin.py changed, reloading.
INFO 2025-09-28 13:45:52,194 autoreload 15120 16612 Watching for file changes with StatReloader
INFO 2025-09-28 13:46:10,110 autoreload 15120 16612 D:\Projects\Current Projects\NDAS - Project\NDAS\video\admin.py changed, reloading.
INFO 2025-09-28 13:46:10,867 autoreload 20032 19296 Watching for file changes with StatReloader
INFO 2025-09-28 13:46:14,528 autoreload 20032 19296 D:\Projects\Current Projects\NDAS - Project\NDAS\video\admin.py changed, reloading.
INFO 2025-09-28 13:46:15,357 autoreload 14616 11424 Watching for file changes with StatReloader
INFO 2025-09-28 13:46:19,950 basehttp 14616 3292 "POST /users/login/ HTTP/1.1" 302 0
INFO 2025-09-28 13:46:20,142 basehttp 14616 3292 "GET / HTTP/1.1" 200 51069
INFO 2025-09-28 13:46:51,466 autoreload 14492 19092 Watching for file changes with StatReloader
INFO 2025-09-28 13:46:56,913 basehttp 14492 4352 "GET / HTTP/1.1" 302 0
INFO 2025-09-28 13:46:56,928 basehttp 14492 4352 "GET /users/login/?next=/ HTTP/1.1" 200 15725
INFO 2025-09-28 13:46:59,810 basehttp 14492 4352 "POST /users/login/ HTTP/1.1" 302 0
INFO 2025-09-28 13:46:59,994 basehttp 14492 4352 "GET / HTTP/1.1" 200 51069
INFO 2025-09-28 13:47:04,596 basehttp 14492 4352 "GET /video/manager/ HTTP/1.1" 200 60279
INFO 2025-09-28 13:47:09,820 basehttp 14492 4352 "GET /video/manager/ HTTP/1.1" 200 60279
INFO 2025-09-28 13:48:21,451 basehttp 14492 4352 "GET /video/manager/ HTTP/1.1" 200 58875
INFO 2025-09-28 13:48:34,290 basehttp 14492 4352 "GET /video/manager/?search=&status=&patient=3&date_from=&date_to= HTTP/1.1" 200 50499
INFO 2025-09-28 13:48:59,440 basehttp 14492 4352 "GET /video/view/3/ HTTP/1.1" 200 50119
INFO 2025-09-28 13:49:00,224 basehttp 14492 4352 "GET /media/videos/2025/08/asfsad/asfsad_xzcvx_original_20250826_154744.mp4 HTTP/1.1" 200 34974399
INFO 2025-09-28 13:50:40,485 basehttp 14492 4352 "GET /video/manager/?search=&status=&patient=3&date_from=&date_to= HTTP/1.1" 200 50170
INFO 2025-09-28 13:51:21,205 basehttp 14492 4352 "GET /video/view/1/ HTTP/1.1" 200 50167
INFO 2025-09-28 13:51:21,854 basehttp 14492 4352 "GET /media/videos/2025/08/asfsad/asfsad_dsafdsfds_original_20250826_132535.mp4 HTTP/1.1" 200 34974399
INFO 2025-09-28 13:51:27,834 basehttp 14492 4352 "GET /bookmarks/add/1/Video/ HTTP/1.1" 200 45394
INFO 2025-09-28 13:51:46,360 basehttp 14492 4352 "POST /bookmarks/add/1/Video/ HTTP/1.1" 302 0
INFO 2025-09-28 13:51:46,513 basehttp 14492 4352 "GET /bookmarks/view/2/ HTTP/1.1" 200 42214
INFO 2025-09-28 13:51:55,799 basehttp 14492 4352 "GET /video/view/1/ HTTP/1.1" 200 50159
INFO 2025-09-28 13:52:01,350 basehttp 14492 4352 "GET /manager/bookmarks/ HTTP/1.1" 200 54789
INFO 2025-09-28 13:52:11,782 basehttp 14492 4352 "GET /manager/bookmarks/?bookmark_type=Video HTTP/1.1" 200 51169
INFO 2025-09-28 13:52:14,918 basehttp 14492 4352 "GET /manager/bookmarks/ HTTP/1.1" 200 54789
INFO 2025-09-28 13:52:17,294 basehttp 14492 4352 "GET /video/manager/ HTTP/1.1" 200 58546
INFO 2025-09-28 13:52:20,002 basehttp 14492 4352 "GET /video/manager/ HTTP/1.1" 200 58546
INFO 2025-09-28 13:52:23,203 basehttp 14492 4352 "GET /video/manager/ HTTP/1.1" 200 58546
INFO 2025-09-28 13:52:58,473 basehttp 14492 4352 "GET /video/manager/ HTTP/1.1" 200 58541
INFO 2025-09-28 13:53:23,128 basehttp 14492 4352 "GET /video/manager/?search=ku&status=&patient=&date_from=&date_to= HTTP/1.1" 200 44680
INFO 2025-09-28 13:53:48,038 basehttp 14492 4352 "GET /video/manager/?search=ku&status=&patient=&date_from=2025-09-27&date_to=2025-09-29 HTTP/1.1" 200 41462
INFO 2025-09-28 13:53:56,423 basehttp 14492 4352 "GET /video/manager/?search=&status=&patient=&date_from=2025-09-27&date_to=2025-09-29 HTTP/1.1" 200 41460
INFO 2025-09-28 13:53:57,815 basehttp 14492 4352 "GET /video/manager/?search=&status=&patient=&date_from=2025-09-27&date_to=2025-09-29 HTTP/1.1" 200 41460
INFO 2025-09-28 13:53:59,015 basehttp 14492 4352 "GET /video/manager/?search=&status=&patient=&date_from=2025-09-27&date_to=2025-09-29 HTTP/1.1" 200 41460
INFO 2025-09-28 13:53:59,986 basehttp 14492 4352 "GET /video/manager/?search=&status=&patient=&date_from=2025-09-27&date_to=2025-09-29 HTTP/1.1" 200 41460
INFO 2025-09-28 13:54:02,306 basehttp 14492 4352 "GET /video/manager/ HTTP/1.1" 200 58541
INFO 2025-09-28 13:54:16,369 basehttp 14492 4352 "GET /manager/patient/ HTTP/1.1" 200 60313
INFO 2025-09-28 13:54:58,944 basehttp 14492 4352 "GET /video/manager/ HTTP/1.1" 200 58541
INFO 2025-09-28 13:57:57,455 autoreload 14492 19092 D:\Projects\Current Projects\NDAS - Project\NDAS\video\models.py changed, reloading.
INFO 2025-09-28 13:57:58,391 autoreload 5620 4212 Watching for file changes with StatReloader
INFO 2025-09-28 13:58:06,105 autoreload 5620 4212 D:\Projects\Current Projects\NDAS - Project\NDAS\video\models.py changed, reloading.
INFO 2025-09-28 13:58:06,898 autoreload 19716 10060 Watching for file changes with StatReloader
INFO 2025-09-28 13:58:14,634 autoreload 19716 10060 D:\Projects\Current Projects\NDAS - Project\NDAS\video\views.py changed, reloading.
INFO 2025-09-28 13:58:15,483 autoreload 6980 18840 Watching for file changes with StatReloader
INFO 2025-09-28 13:58:21,236 autoreload 6980 18840 D:\Projects\Current Projects\NDAS - Project\NDAS\video\views.py changed, reloading.
INFO 2025-09-28 13:58:22,154 autoreload 2788 10248 Watching for file changes with StatReloader
INFO 2025-09-28 13:58:30,964 autoreload 2788 10248 D:\Projects\Current Projects\NDAS - Project\NDAS\video\views.py changed, reloading.
INFO 2025-09-28 13:58:32,053 autoreload 6324 16184 Watching for file changes with StatReloader
INFO 2025-09-28 13:58:38,719 autoreload 6324 16184 D:\Projects\Current Projects\NDAS - Project\NDAS\video\views.py changed, reloading.
INFO 2025-09-28 13:58:39,517 autoreload 10324 16036 Watching for file changes with StatReloader
INFO 2025-09-28 13:58:45,891 basehttp 10324 15400 "GET /video/manager/ HTTP/1.1" 302 0
INFO 2025-09-28 13:58:45,907 basehttp 10324 15400 "GET /users/login/?next=/video/manager/ HTTP/1.1" 200 15725
INFO 2025-09-28 13:58:48,751 basehttp 10324 15400 "POST /users/login/ HTTP/1.1" 302 0
ERROR 2025-09-28 13:58:49,275 log 10324 15400 Internal Server Error: /
Traceback (most recent call last):
  File "D:\Projects\Current Projects\NDAS - Project\NDAS\venv\Lib\site-packages\django\db\backends\utils.py", line 89, in _execute
    return self.cursor.execute(sql, params)
           ~~~~~~~~~~~~~~~~~~~^^^^^^^^^^^^^
  File "D:\Projects\Current Projects\NDAS - Project\NDAS\venv\Lib\site-packages\django\db\backends\sqlite3\base.py", line 357, in execute
    return Database.Cursor.execute(self, query, params)
           ~~~~~~~~~~~~~~~~~~~~~~~^^^^^^^^^^^^^^^^^^^^^
sqlite3.OperationalError: no such column: video_video.processing_status

The above exception was the direct cause of the following exception:

Traceback (most recent call last):
  File "D:\Projects\Current Projects\NDAS - Project\NDAS\venv\Lib\site-packages\django\core\handlers\exception.py", line 55, in inner
    response = get_response(request)
  File "D:\Projects\Current Projects\NDAS - Project\NDAS\venv\Lib\site-packages\django\core\handlers\base.py", line 197, in _get_response
    response = wrapped_callback(request, *callback_args, **callback_kwargs)
  File "D:\Projects\Current Projects\NDAS - Project\NDAS\venv\Lib\site-packages\django\contrib\auth\decorators.py", line 23, in _wrapped_view
    return view_func(request, *args, **kwargs)
  File "D:\Projects\Current Projects\NDAS - Project\NDAS\patients\views.py", line 98, in dashboard
    new_videos_count = getCountZeroIfNone(var_new_videos)
  File "D:\Projects\Current Projects\NDAS - Project\NDAS\ndas\custom_codes\custom_methods.py", line 231, in getCountZeroIfNone
    return var_value.count()
           ~~~~~~~~~~~~~~~^^
  File "D:\Projects\Current Projects\NDAS - Project\NDAS\venv\Lib\site-packages\django\db\models\query.py", line 621, in count
    return self.query.get_count(using=self.db)
           ~~~~~~~~~~~~~~~~~~~~^^^^^^^^^^^^^^^
  File "D:\Projects\Current Projects\NDAS - Project\NDAS\venv\Lib\site-packages\django\db\models\sql\query.py", line 559, in get_count
    return obj.get_aggregation(using, ["__count"])["__count"]
           ~~~~~~~~~~~~~~~~~~~^^^^^^^^^^^^^^^^^^^^
  File "D:\Projects\Current Projects\NDAS - Project\NDAS\venv\Lib\site-packages\django\db\models\sql\query.py", line 544, in get_aggregation
    result = compiler.execute_sql(SINGLE)
  File "D:\Projects\Current Projects\NDAS - Project\NDAS\venv\Lib\site-packages\django\db\models\sql\compiler.py", line 1398, in execute_sql
    cursor.execute(sql, params)
    ~~~~~~~~~~~~~~^^^^^^^^^^^^^
  File "D:\Projects\Current Projects\NDAS - Project\NDAS\venv\Lib\site-packages\django\db\backends\utils.py", line 103, in execute
    return super().execute(sql, params)
           ~~~~~~~~~~~~~~~^^^^^^^^^^^^^
  File "D:\Projects\Current Projects\NDAS - Project\NDAS\venv\Lib\site-packages\django\db\backends\utils.py", line 67, in execute
    return self._execute_with_wrappers(
           ~~~~~~~~~~~~~~~~~~~~~~~~~~~^
        sql, params, many=False, executor=self._execute
        ^^^^^^^^^^^^^^^^^^^^^^^^^^^^^^^^^^^^^^^^^^^^^^^
    )
    ^
  File "D:\Projects\Current Projects\NDAS - Project\NDAS\venv\Lib\site-packages\django\db\backends\utils.py", line 80, in _execute_with_wrappers
    return executor(sql, params, many, context)
  File "D:\Projects\Current Projects\NDAS - Project\NDAS\venv\Lib\site-packages\django\db\backends\utils.py", line 84, in _execute
    with self.db.wrap_database_errors:
         ^^^^^^^^^^^^^^^^^^^^^^^^^^^^
  File "D:\Projects\Current Projects\NDAS - Project\NDAS\venv\Lib\site-packages\django\db\utils.py", line 91, in __exit__
    raise dj_exc_value.with_traceback(traceback) from exc_value
  File "D:\Projects\Current Projects\NDAS - Project\NDAS\venv\Lib\site-packages\django\db\backends\utils.py", line 89, in _execute
    return self.cursor.execute(sql, params)
           ~~~~~~~~~~~~~~~~~~~^^^^^^^^^^^^^
  File "D:\Projects\Current Projects\NDAS - Project\NDAS\venv\Lib\site-packages\django\db\backends\sqlite3\base.py", line 357, in execute
    return Database.Cursor.execute(self, query, params)
           ~~~~~~~~~~~~~~~~~~~~~~~^^^^^^^^^^^^^^^^^^^^^
django.db.utils.OperationalError: no such column: video_video.processing_status
ERROR 2025-09-28 13:58:49,307 basehttp 10324 15400 "GET / HTTP/1.1" 500 166455
INFO 2025-09-28 13:59:56,919 autoreload 10324 16036 D:\Projects\Current Projects\NDAS - Project\NDAS\ndas\settings.py changed, reloading.
INFO 2025-09-28 13:59:57,813 autoreload 13864 5084 Watching for file changes with StatReloader
INFO 2025-09-28 14:01:03,433 basehttp 13864 9444 "GET / HTTP/1.1" 302 0
INFO 2025-09-28 14:01:03,447 basehttp 13864 9444 "GET /users/login/?next=/ HTTP/1.1" 200 16049
INFO 2025-09-28 14:01:05,614 basehttp 13864 9444 "POST /users/login/ HTTP/1.1" 302 0
INFO 2025-09-28 14:01:05,800 basehttp 13864 9444 "GET / HTTP/1.1" 200 51069
ERROR 2025-09-28 14:01:09,696 log 13864 9444 Internal Server Error: /video/manager/
Traceback (most recent call last):
  File "D:\Projects\Current Projects\NDAS - Project\NDAS\venv\Lib\site-packages\django\core\handlers\exception.py", line 55, in inner
    response = get_response(request)
  File "D:\Projects\Current Projects\NDAS - Project\NDAS\venv\Lib\site-packages\django\core\handlers\base.py", line 197, in _get_response
    response = wrapped_callback(request, *callback_args, **callback_kwargs)
  File "D:\Projects\Current Projects\NDAS - Project\NDAS\venv\Lib\site-packages\django\contrib\auth\decorators.py", line 23, in _wrapped_view
    return view_func(request, *args, **kwargs)
  File "D:\Projects\Current Projects\NDAS - Project\NDAS\video\views.py", line 335, in video_manager
    return render(request, "video/manager.html", context)
  File "D:\Projects\Current Projects\NDAS - Project\NDAS\venv\Lib\site-packages\django\shortcuts.py", line 24, in render
    content = loader.render_to_string(template_name, context, request, using=using)
  File "D:\Projects\Current Projects\NDAS - Project\NDAS\venv\Lib\site-packages\django\template\loader.py", line 62, in render_to_string
    return template.render(context, request)
           ~~~~~~~~~~~~~~~^^^^^^^^^^^^^^^^^^
  File "D:\Projects\Current Projects\NDAS - Project\NDAS\venv\Lib\site-packages\django\template\backends\django.py", line 62, in render
    return self.template.render(context)
           ~~~~~~~~~~~~~~~~~~~~^^^^^^^^^
  File "D:\Projects\Current Projects\NDAS - Project\NDAS\venv\Lib\site-packages\django\template\base.py", line 175, in render
    return self._render(context)
           ~~~~~~~~~~~~^^^^^^^^^
  File "D:\Projects\Current Projects\NDAS - Project\NDAS\venv\Lib\site-packages\django\template\base.py", line 167, in _render
    return self.nodelist.render(context)
           ~~~~~~~~~~~~~~~~~~~~^^^^^^^^^
  File "D:\Projects\Current Projects\NDAS - Project\NDAS\venv\Lib\site-packages\django\template\base.py", line 1005, in render
    return SafeString("".join([node.render_annotated(context) for node in self]))
                               ~~~~~~~~~~~~~~~~~~~~~^^^^^^^^^
  File "D:\Projects\Current Projects\NDAS - Project\NDAS\venv\Lib\site-packages\django\template\base.py", line 966, in render_annotated
    return self.render(context)
           ~~~~~~~~~~~^^^^^^^^^
  File "D:\Projects\Current Projects\NDAS - Project\NDAS\venv\Lib\site-packages\django\template\loader_tags.py", line 157, in render
    return compiled_parent._render(context)
           ~~~~~~~~~~~~~~~~~~~~~~~^^^^^^^^^
  File "D:\Projects\Current Projects\NDAS - Project\NDAS\venv\Lib\site-packages\django\template\base.py", line 167, in _render
    return self.nodelist.render(context)
           ~~~~~~~~~~~~~~~~~~~~^^^^^^^^^
  File "D:\Projects\Current Projects\NDAS - Project\NDAS\venv\Lib\site-packages\django\template\base.py", line 1005, in render
    return SafeString("".join([node.render_annotated(context) for node in self]))
                               ~~~~~~~~~~~~~~~~~~~~~^^^^^^^^^
  File "D:\Projects\Current Projects\NDAS - Project\NDAS\venv\Lib\site-packages\django\template\base.py", line 966, in render_annotated
    return self.render(context)
           ~~~~~~~~~~~^^^^^^^^^
  File "D:\Projects\Current Projects\NDAS - Project\NDAS\venv\Lib\site-packages\django\template\loader_tags.py", line 157, in render
    return compiled_parent._render(context)
           ~~~~~~~~~~~~~~~~~~~~~~~^^^^^^^^^
  File "D:\Projects\Current Projects\NDAS - Project\NDAS\venv\Lib\site-packages\django\template\base.py", line 167, in _render
    return self.nodelist.render(context)
           ~~~~~~~~~~~~~~~~~~~~^^^^^^^^^
  File "D:\Projects\Current Projects\NDAS - Project\NDAS\venv\Lib\site-packages\django\template\base.py", line 1005, in render
    return SafeString("".join([node.render_annotated(context) for node in self]))
                               ~~~~~~~~~~~~~~~~~~~~~^^^^^^^^^
  File "D:\Projects\Current Projects\NDAS - Project\NDAS\venv\Lib\site-packages\django\template\base.py", line 966, in render_annotated
    return self.render(context)
           ~~~~~~~~~~~^^^^^^^^^
  File "D:\Projects\Current Projects\NDAS - Project\NDAS\venv\Lib\site-packages\django\template\loader_tags.py", line 63, in render
    result = block.nodelist.render(context)
  File "D:\Projects\Current Projects\NDAS - Project\NDAS\venv\Lib\site-packages\django\template\base.py", line 1005, in render
    return SafeString("".join([node.render_annotated(context) for node in self]))
                               ~~~~~~~~~~~~~~~~~~~~~^^^^^^^^^
  File "D:\Projects\Current Projects\NDAS - Project\NDAS\venv\Lib\site-packages\django\template\base.py", line 966, in render_annotated
    return self.render(context)
           ~~~~~~~~~~~^^^^^^^^^
  File "D:\Projects\Current Projects\NDAS - Project\NDAS\venv\Lib\site-packages\django\template\defaulttags.py", line 322, in render
    return nodelist.render(context)
           ~~~~~~~~~~~~~~~^^^^^^^^^
  File "D:\Projects\Current Projects\NDAS - Project\NDAS\venv\Lib\site-packages\django\template\base.py", line 1005, in render
    return SafeString("".join([node.render_annotated(context) for node in self]))
                               ~~~~~~~~~~~~~~~~~~~~~^^^^^^^^^
  File "D:\Projects\Current Projects\NDAS - Project\NDAS\venv\Lib\site-packages\django\template\base.py", line 966, in render_annotated
    return self.render(context)
           ~~~~~~~~~~~^^^^^^^^^
  File "D:\Projects\Current Projects\NDAS - Project\NDAS\venv\Lib\site-packages\django\template\loader_tags.py", line 63, in render
    result = block.nodelist.render(context)
  File "D:\Projects\Current Projects\NDAS - Project\NDAS\venv\Lib\site-packages\django\template\base.py", line 1005, in render
    return SafeString("".join([node.render_annotated(context) for node in self]))
                               ~~~~~~~~~~~~~~~~~~~~~^^^^^^^^^
  File "D:\Projects\Current Projects\NDAS - Project\NDAS\venv\Lib\site-packages\django\template\base.py", line 966, in render_annotated
    return self.render(context)
           ~~~~~~~~~~~^^^^^^^^^
  File "D:\Projects\Current Projects\NDAS - Project\NDAS\venv\Lib\site-packages\django\template\defaulttags.py", line 321, in render
    if match:
       ^^^^^
  File "D:\Projects\Current Projects\NDAS - Project\NDAS\venv\Lib\site-packages\django\core\paginator.py", line 177, in __len__
    return len(self.object_list)
  File "D:\Projects\Current Projects\NDAS - Project\NDAS\venv\Lib\site-packages\django\db\models\query.py", line 376, in __len__
    self._fetch_all()
    ~~~~~~~~~~~~~~~^^
  File "D:\Projects\Current Projects\NDAS - Project\NDAS\venv\Lib\site-packages\django\db\models\query.py", line 1867, in _fetch_all
    self._result_cache = list(self._iterable_class(self))
                         ~~~~^^^^^^^^^^^^^^^^^^^^^^^^^^^^
  File "D:\Projects\Current Projects\NDAS - Project\NDAS\venv\Lib\site-packages\django\db\models\query.py", line 87, in __iter__
    results = compiler.execute_sql(
        chunked_fetch=self.chunked_fetch, chunk_size=self.chunk_size
    )
  File "D:\Projects\Current Projects\NDAS - Project\NDAS\venv\Lib\site-packages\django\db\models\sql\compiler.py", line 1385, in execute_sql
    sql, params = self.as_sql()
                  ~~~~~~~~~~~^^
  File "D:\Projects\Current Projects\NDAS - Project\NDAS\venv\Lib\site-packages\django\db\models\sql\compiler.py", line 593, in as_sql
    extra_select, order_by, group_by = self.pre_sql_setup()
                                       ~~~~~~~~~~~~~~~~~~^^
  File "D:\Projects\Current Projects\NDAS - Project\NDAS\venv\Lib\site-packages\django\db\models\sql\compiler.py", line 71, in pre_sql_setup
    self.setup_query()
    ~~~~~~~~~~~~~~~~^^
  File "D:\Projects\Current Projects\NDAS - Project\NDAS\venv\Lib\site-packages\django\db\models\sql\compiler.py", line 62, in setup_query
    self.select, self.klass_info, self.annotation_col_map = self.get_select()
                                                            ~~~~~~~~~~~~~~~^^
  File "D:\Projects\Current Projects\NDAS - Project\NDAS\venv\Lib\site-packages\django\db\models\sql\compiler.py", line 278, in get_select
    related_klass_infos = self.get_related_selections(select)
  File "D:\Projects\Current Projects\NDAS - Project\NDAS\venv\Lib\site-packages\django\db\models\sql\compiler.py", line 1193, in get_related_selections
    raise FieldError(
    ...<6 lines>...
    )
django.core.exceptions.FieldError: Invalid field name(s) given in select_related: 'updated_by'. Choices are: added_by, last_edit_by, patient, gmassessment
ERROR 2025-09-28 14:01:09,725 basehttp 13864 9444 "GET /video/manager/ HTTP/1.1" 500 297394
INFO 2025-09-28 14:02:12,601 autoreload 13864 5084 D:\Projects\Current Projects\NDAS - Project\NDAS\video\views.py changed, reloading.
INFO 2025-09-28 14:02:13,415 autoreload 7448 10032 Watching for file changes with StatReloader
INFO 2025-09-28 14:02:20,126 autoreload 7448 10032 D:\Projects\Current Projects\NDAS - Project\NDAS\video\views.py changed, reloading.
INFO 2025-09-28 14:02:20,931 autoreload 3688 12008 Watching for file changes with StatReloader
INFO 2025-09-28 14:02:26,648 autoreload 3688 12008 D:\Projects\Current Projects\NDAS - Project\NDAS\video\views.py changed, reloading.
INFO 2025-09-28 14:02:27,441 autoreload 17556 9772 Watching for file changes with StatReloader
INFO 2025-09-28 14:02:32,086 autoreload 17556 9772 D:\Projects\Current Projects\NDAS - Project\NDAS\video\views.py changed, reloading.
INFO 2025-09-28 14:02:32,933 autoreload 9088 6528 Watching for file changes with StatReloader
INFO 2025-09-28 14:03:25,353 basehttp 9088 18176 "GET /video/manager/ HTTP/1.1" 302 0
INFO 2025-09-28 14:03:25,369 basehttp 9088 18176 "GET /users/login/?next=/video/manager/ HTTP/1.1" 200 15725
INFO 2025-09-28 14:03:27,672 basehttp 9088 18176 "POST /users/login/ HTTP/1.1" 302 0
INFO 2025-09-28 14:03:27,862 basehttp 9088 18176 "GET / HTTP/1.1" 200 51069
INFO 2025-09-28 14:03:30,739 basehttp 9088 18176 "GET /video/manager/ HTTP/1.1" 200 58193
INFO 2025-09-28 14:03:42,946 basehttp 9088 18176 "GET /video/manager/ HTTP/1.1" 200 58193
INFO 2025-09-28 14:07:36,133 basehttp 9088 10084 "GET /video/manager/?search=asf&status=&patient=&date_from=&date_to= HTTP/1.1" 200 52736
INFO 2025-09-28 14:07:46,243 basehttp 9088 10084 "GET /video/manager/?search=kusumalatha&status=&patient=&date_from=&date_to= HTTP/1.1" 200 44631
INFO 2025-09-28 14:07:50,733 basehttp 9088 10084 "GET /video/manager/?search=kusumalatha&status=pending&patient=&date_from=&date_to= HTTP/1.1" 200 44639
INFO 2025-09-28 14:07:54,309 basehttp 9088 10084 "GET /video/manager/?search=kusumalatha&status=pending&patient=&date_from=&date_to= HTTP/1.1" 200 44639
INFO 2025-09-28 14:08:40,078 basehttp 9088 10084 "GET /video/manager/?search=kusumalatha&status=&patient=&date_from=&date_to= HTTP/1.1" 200 44631
INFO 2025-09-28 14:12:17,486 autoreload 9088 6528 D:\Projects\Current Projects\NDAS - Project\NDAS\video\views.py changed, reloading.
INFO 2025-09-28 14:12:18,271 autoreload 19172 7524 Watching for file changes with StatReloader
INFO 2025-09-28 14:12:24,989 autoreload 19172 7524 D:\Projects\Current Projects\NDAS - Project\NDAS\video\views.py changed, reloading.
INFO 2025-09-28 14:12:25,809 autoreload 3428 13484 Watching for file changes with StatReloader
INFO 2025-09-28 14:12:33,519 autoreload 3428 13484 D:\Projects\Current Projects\NDAS - Project\NDAS\video\views.py changed, reloading.
INFO 2025-09-28 14:12:34,320 autoreload 19104 20228 Watching for file changes with StatReloader
INFO 2025-09-28 14:12:41,067 autoreload 19104 20228 D:\Projects\Current Projects\NDAS - Project\NDAS\video\views.py changed, reloading.
INFO 2025-09-28 14:12:41,830 autoreload 9456 19716 Watching for file changes with StatReloader
INFO 2025-09-28 14:12:48,541 autoreload 9456 19716 D:\Projects\Current Projects\NDAS - Project\NDAS\video\views.py changed, reloading.
INFO 2025-09-28 14:12:49,429 autoreload 9320 13072 Watching for file changes with StatReloader
INFO 2025-09-28 14:12:57,175 autoreload 9320 13072 D:\Projects\Current Projects\NDAS - Project\NDAS\video\views.py changed, reloading.
INFO 2025-09-28 14:12:58,090 autoreload 11256 8052 Watching for file changes with StatReloader
INFO 2025-09-28 14:13:12,143 autoreload 11256 8052 D:\Projects\Current Projects\NDAS - Project\NDAS\video\views.py changed, reloading.
INFO 2025-09-28 14:13:12,969 autoreload 15076 6832 Watching for file changes with StatReloader
INFO 2025-09-28 14:13:55,997 basehttp 15076 15960 "GET /video/manager/?search=kusumalatha&status=&patient=&date_from=&date_to= HTTP/1.1" 302 0
INFO 2025-09-28 14:13:56,022 basehttp 15076 15960 "GET /users/login/?next=/video/manager/%3Fsearch%3Dkusumalatha%26status%3D%26patient%3D%26date_from%3D%26date_to%3D HTTP/1.1" 200 15725
INFO 2025-09-28 14:13:58,369 basehttp 15076 15960 "POST /users/login/ HTTP/1.1" 302 0
INFO 2025-09-28 14:13:58,554 basehttp 15076 15960 "GET / HTTP/1.1" 200 51069
INFO 2025-09-28 14:14:01,371 basehttp 15076 15960 "GET /video/manager/ HTTP/1.1" 200 58237
INFO 2025-09-28 14:14:09,016 basehttp 15076 15960 "GET /video/manager/?search=&status=new&uploader=&date_from=&date_to= HTTP/1.1" 200 50082
INFO 2025-09-28 14:14:12,709 basehttp 15076 15960 "GET /video/manager/?search=&status=assessed&uploader=&date_from=&date_to= HTTP/1.1" 200 50086
INFO 2025-09-28 14:14:15,934 basehttp 15076 15960 "GET /video/manager/?search=&status=&uploader=&date_from=&date_to= HTTP/1.1" 200 58237
INFO 2025-09-28 14:14:20,027 basehttp 15076 15960 "GET /video/manager/?search=&status=&uploader=1&date_from=&date_to= HTTP/1.1" 200 58245
INFO 2025-09-28 14:14:33,720 basehttp 15076 15960 "GET /video/manager/?search=&status=&uploader=1&date_from=2025-09-02&date_to=2025-09-02&bookmarked_only=1 HTTP/1.1" 200 41519
INFO 2025-09-28 14:14:35,013 basehttp 15076 15960 "GET /video/manager/?search=&status=&uploader=1&date_from=2025-09-02&date_to=2025-09-02 HTTP/1.1" 200 44692
INFO 2025-09-28 14:14:43,370 basehttp 15076 15960 "GET /manager/bookmarks/ HTTP/1.1" 200 54789
INFO 2025-09-28 14:14:50,527 basehttp 15076 15960 "GET /video/view/1/ HTTP/1.1" 200 50163
INFO 2025-09-28 14:14:51,197 basehttp 15076 15960 "GET /media/videos/2025/08/asfsad/asfsad_dsafdsfds_original_20250826_132535.mp4 HTTP/1.1" 200 34974399
INFO 2025-09-28 14:15:00,033 basehttp 15076 15960 "GET /video/manager/ HTTP/1.1" 200 58237
INFO 2025-09-28 14:20:01,949 basehttp 15076 14584 "GET /video/manager/ HTTP/1.1" 200 58237
INFO 2025-09-28 14:20:04,545 basehttp 15076 14584 "GET /video/manager/ HTTP/1.1" 200 58237
INFO 2025-09-28 14:20:05,587 basehttp 15076 14584 "GET /video/manager/ HTTP/1.1" 200 58237
INFO 2025-09-28 14:20:07,586 basehttp 15076 14584 "GET /video/manager/?search=&status=&uploader=&date_from=&date_to=&bookmarked_only=1 HTTP/1.1" 200 44624
INFO 2025-09-28 14:20:09,579 basehttp 15076 14584 "GET /video/manager/?search=&status=&uploader=&date_from=&date_to= HTTP/1.1" 200 58237
INFO 2025-09-28 14:20:10,846 basehttp 15076 14584 "GET /video/manager/?search=&status=&uploader=&date_from=&date_to=&bookmarked_only=1 HTTP/1.1" 200 44624
INFO 2025-09-28 14:22:17,641 basehttp 15076 14584 "GET /video/manager/?search=&status=&uploader=&date_from=&date_to=&bookmarked_only=1 HTTP/1.1" 200 44615
INFO 2025-09-28 14:22:20,786 basehttp 15076 14584 "GET /video/manager/?search=&status=&uploader=&date_from=&date_to= HTTP/1.1" 200 58180
INFO 2025-09-28 14:22:40,334 basehttp 15076 14584 "GET /video/manager/?search=&status=&uploader=&date_from=&date_to= HTTP/1.1" 200 58180
INFO 2025-09-28 14:22:42,484 basehttp 15076 14584 "GET /video/manager/?search=&status=&uploader=&date_from=&date_to= HTTP/1.1" 200 58180
INFO 2025-09-28 14:22:43,560 basehttp 15076 14584 "GET /video/manager/?search=&status=&uploader=&date_from=&date_to=&bookmarked_only=1 HTTP/1.1" 200 44615
INFO 2025-09-28 14:24:04,795 autoreload 15076 6832 D:\Projects\Current Projects\NDAS - Project\NDAS\video\models.py changed, reloading.
INFO 2025-09-28 14:24:05,669 autoreload 1156 9676 Watching for file changes with StatReloader
INFO 2025-09-28 14:24:55,754 basehttp 7660 11072 "GET /video/manager/?search=&status=&uploader=&date_from=&date_to=&bookmarked_only=1 HTTP/1.1" 302 0
INFO 2025-09-28 14:24:55,794 basehttp 7660 11072 "GET /users/login/?next=/video/manager/%3Fsearch%3D%26status%3D%26uploader%3D%26date_from%3D%26date_to%3D%26bookmarked_only%3D1 HTTP/1.1" 200 15725
INFO 2025-09-28 14:24:59,022 basehttp 7660 11072 "POST /users/login/ HTTP/1.1" 302 0
INFO 2025-09-28 14:24:59,254 basehttp 7660 11072 "GET / HTTP/1.1" 200 51069
INFO 2025-09-28 14:25:01,796 basehttp 7660 11072 "GET /video/manager/ HTTP/1.1" 200 58180
INFO 2025-09-28 14:25:06,926 basehttp 7660 11072 "GET /video/manager/?search=&status=&uploader=&date_from=&date_to=&bookmarked_only=1 HTTP/1.1" 200 44615
INFO 2025-09-28 14:25:19,133 basehttp 7660 11072 "GET /video/manager/?search=&status=&uploader=&date_from=&date_to= HTTP/1.1" 200 58180
INFO 2025-09-28 14:26:05,880 basehttp 7660 11072 "GET /video/manager/?search=&status=&uploader=&date_from=&date_to= HTTP/1.1" 200 58180
INFO 2025-09-28 14:26:07,301 basehttp 7660 11072 "GET /video/manager/?search=&status=&uploader=&date_from=&date_to= HTTP/1.1" 200 58180
INFO 2025-09-28 14:26:09,058 basehttp 7660 11072 "GET /video/manager/?search=&status=&uploader=&date_from=&date_to= HTTP/1.1" 200 58180
INFO 2025-09-28 14:26:17,703 basehttp 7660 11072 "GET /video/manager/?search=&status=&uploader=&date_from=&date_to=&bookmarked_only=1 HTTP/1.1" 200 44615
INFO 2025-09-28 14:27:41,481 basehttp 7660 11072 "GET /video/manager/?search=&status=&uploader=&date_from=&date_to=&bookmarked_only=1 HTTP/1.1" 200 44615
INFO 2025-09-28 14:27:43,426 basehttp 7660 11072 "GET /video/manager/?search=&status=&uploader=&date_from=&date_to=&bookmarked_only=1 HTTP/1.1" 200 44615
INFO 2025-09-28 14:27:44,266 basehttp 7660 11072 "GET /video/manager/?search=&status=&uploader=&date_from=&date_to=&bookmarked_only=1 HTTP/1.1" 200 44615
INFO 2025-09-28 14:29:48,598 basehttp 7660 11072 "GET /video/manager/?search=&status=&uploader=&date_from=&date_to=&bookmarked_only=1 HTTP/1.1" 200 44615
INFO 2025-09-28 14:29:50,558 basehttp 7660 11072 "GET /video/manager/?search=&status=&uploader=&date_from=&date_to=&bookmarked_only=1 HTTP/1.1" 200 44615
INFO 2025-09-28 14:29:51,457 basehttp 7660 11072 "GET /video/manager/?search=&status=&uploader=&date_from=&date_to=&bookmarked_only=1 HTTP/1.1" 200 44615
INFO 2025-09-28 14:29:52,431 basehttp 7660 11072 "GET /video/manager/?search=&status=&uploader=&date_from=&date_to=&bookmarked_only=1 HTTP/1.1" 200 44615
INFO 2025-09-28 14:29:53,712 basehttp 7660 11072 "GET /video/manager/?search=&status=&uploader=&date_from=&date_to=&bookmarked_only=1 HTTP/1.1" 200 44615
INFO 2025-09-28 14:29:55,077 basehttp 7660 11072 "GET /video/manager/?search=&status=&uploader=&date_from=&date_to=&bookmarked_only=1 HTTP/1.1" 200 44615
INFO 2025-09-28 14:54:43,055 basehttp 7660 13324 "GET /video/manager/?search=&status=&uploader=&date_from=&date_to=&bookmarked_only=1 HTTP/1.1" 200 44615
INFO 2025-09-28 14:54:43,111 basehttp 7660 13324 "GET /static/css/social.css HTTP/1.1" 304 0
INFO 2025-09-28 14:54:43,114 basehttp 7660 18316 "GET /static/css/custom_css.css HTTP/1.1" 304 0
INFO 2025-09-28 14:54:43,115 basehttp 7660 6032 "GET /static/css/ndas-sidebar.css HTTP/1.1" 304 0
INFO 2025-09-28 14:54:43,116 basehttp 7660 12756 "GET /static/js/manager.js HTTP/1.1" 304 0
INFO 2025-09-28 14:54:46,820 basehttp 7660 12756 "GET /video/manager/?search=&status=&uploader=&date_from=&date_to= HTTP/1.1" 200 58180
INFO 2025-09-28 14:58:30,999 basehttp 7660 12756 "GET /video/manager/?search=&status=&uploader=&date_from=&date_to= HTTP/1.1" 200 58180
INFO 2025-09-28 14:58:32,169 basehttp 7660 12756 "GET /video/manager/?search=&status=&uploader=&date_from=&date_to= HTTP/1.1" 200 58180
INFO 2025-09-28 14:58:32,975 basehttp 7660 12756 "GET /video/manager/?search=&status=&uploader=&date_from=&date_to= HTTP/1.1" 200 58180
INFO 2025-09-28 14:58:33,879 basehttp 7660 12756 "GET /video/manager/?search=&status=&uploader=&date_from=&date_to= HTTP/1.1" 200 58180
INFO 2025-09-28 14:58:45,832 basehttp 7660 12756 "GET /users/logout/ HTTP/1.1" 302 0
INFO 2025-09-28 14:58:45,847 basehttp 7660 12756 "GET /users/login/ HTTP/1.1" 200 16055
INFO 2025-09-28 14:58:48,694 basehttp 7660 12756 "POST /users/login/ HTTP/1.1" 302 0
INFO 2025-09-28 14:58:48,939 basehttp 7660 12756 "GET / HTTP/1.1" 200 51069
INFO 2025-09-28 14:58:51,547 basehttp 7660 12756 "GET /video/manager/ HTTP/1.1" 200 58180
INFO 2025-09-28 16:52:14,256 basehttp 7660 5084 "GET /video/manager/ HTTP/1.1" 302 0
INFO 2025-09-28 16:52:14,268 basehttp 7660 5084 "GET /users/login/?next=/video/manager/ HTTP/1.1" 200 15725
INFO 2025-09-28 16:52:14,298 basehttp 7660 5084 "GET /static/css/social.css HTTP/1.1" 304 0
INFO 2025-09-28 16:52:14,302 basehttp 7660 17264 "GET /static/css/custom_css.css HTTP/1.1" 304 0
INFO 2025-09-28 16:52:14,308 basehttp 7660 18812 "GET /static/css/login.css HTTP/1.1" 304 0
INFO 2025-09-28 16:52:14,308 basehttp 7660 15736 "GET /static/css/ndas-sidebar.css HTTP/1.1" 304 0
INFO 2025-09-28 16:52:14,311 basehttp 7660 19568 "GET /static/js/login.js HTTP/1.1" 304 0
INFO 2025-09-28 16:52:16,490 basehttp 7660 19568 "POST /users/login/ HTTP/1.1" 302 0
INFO 2025-09-28 16:52:16,669 basehttp 7660 19568 "GET / HTTP/1.1" 200 51069
INFO 2025-09-28 16:52:19,451 basehttp 7660 5196 "GET /manager/bookmarks/ HTTP/1.1" 200 54789
INFO 2025-09-28 16:52:19,486 basehttp 7660 5196 "GET /static/js/manager.js HTTP/1.1" 304 0
INFO 2025-09-28 16:52:23,808 basehttp 7660 5196 "GET /video/manager/ HTTP/1.1" 200 58180
INFO 2025-09-28 16:52:30,361 basehttp 7660 14688 "GET /video/manager/?search=&status=&uploader=&date_from=&date_to=&bookmarked_only=1 HTTP/1.1" 200 44615
INFO 2025-09-28 16:53:27,329 basehttp 7660 2984 "GET /video/manager/?search=&status=new&uploader=&date_from=&date_to=&bookmarked_only=1 HTTP/1.1" 200 41499
INFO 2025-09-28 16:53:30,247 basehttp 7660 18308 "GET /video/manager/?search=&status=new&uploader=&date_from=&date_to= HTTP/1.1" 200 50052
INFO 2025-09-28 16:53:34,249 basehttp 7660 18308 "GET /video/manager/?search=&status=assessed&uploader=&date_from=&date_to= HTTP/1.1" 200 50059
INFO 2025-09-28 16:53:38,081 basehttp 7660 18308 "GET /video/manager/?search=&status=new&uploader=&date_from=&date_to= HTTP/1.1" 200 50052
INFO 2025-09-28 16:53:40,884 basehttp 7660 688 "GET /video/manager/?search=&status=&uploader=&date_from=&date_to= HTTP/1.1" 200 58180
INFO 2025-09-28 16:53:45,847 basehttp 7660 688 "GET /video/manager/?search=&status=&uploader=&date_from=&date_to= HTTP/1.1" 200 58180
INFO 2025-09-28 16:53:51,623 basehttp 7660 1468 "GET /video/manager/?search=&status=&uploader=&date_from=&date_to=&bookmarked_only=1 HTTP/1.1" 200 44615
INFO 2025-09-28 16:53:52,769 basehttp 7660 1468 "GET /video/manager/?search=&status=&uploader=&date_from=&date_to=&bookmarked_only=1 HTTP/1.1" 200 44615
INFO 2025-09-28 16:53:54,453 basehttp 7660 1468 "GET /video/manager/?search=&status=&uploader=&date_from=&date_to=&bookmarked_only=1 HTTP/1.1" 200 44615
INFO 2025-09-28 16:53:55,994 basehttp 7660 1468 "GET /video/manager/?search=&status=&uploader=&date_from=&date_to=&bookmarked_only=1 HTTP/1.1" 200 44615
INFO 2025-09-28 16:55:53,087 basehttp 7660 4044 "GET /video/manager/?search=&status=&uploader=&date_from=&date_to= HTTP/1.1" 200 58180
INFO 2025-09-28 16:57:08,131 autoreload 1156 9676 D:\Projects\Current Projects\NDAS - Project\NDAS\video\models.py changed, reloading.
INFO 2025-09-28 16:57:11,896 autoreload 12756 6172 Watching for file changes with StatReloader
INFO 2025-09-28 16:57:23,513 autoreload 12756 6172 D:\Projects\Current Projects\NDAS - Project\NDAS\video\models.py changed, reloading.
INFO 2025-09-28 16:57:24,424 autoreload 848 17592 Watching for file changes with StatReloader
INFO 2025-09-28 16:57:26,679 autoreload 848 17592 D:\Projects\Current Projects\NDAS - Project\NDAS\video\models.py changed, reloading.
INFO 2025-09-28 16:57:27,467 autoreload 12696 14952 Watching for file changes with StatReloader
INFO 2025-09-28 16:57:38,230 autoreload 12696 14952 D:\Projects\Current Projects\NDAS - Project\NDAS\video\models.py changed, reloading.
INFO 2025-09-28 16:57:39,139 autoreload 9408 1724 Watching for file changes with StatReloader
INFO 2025-09-28 16:57:40,687 autoreload 9408 1724 D:\Projects\Current Projects\NDAS - Project\NDAS\video\models.py changed, reloading.
INFO 2025-09-28 16:57:41,524 autoreload 10396 14460 Watching for file changes with StatReloader
INFO 2025-09-28 16:58:17,873 autoreload 10396 14460 D:\Projects\Current Projects\NDAS - Project\NDAS\video\models.py changed, reloading.
INFO 2025-09-28 16:58:18,733 autoreload 3964 3048 Watching for file changes with StatReloader
INFO 2025-09-28 16:58:34,658 autoreload 3964 3048 D:\Projects\Current Projects\NDAS - Project\NDAS\video\models.py changed, reloading.
INFO 2025-09-28 16:58:35,702 autoreload 13260 16276 Watching for file changes with StatReloader
INFO 2025-09-28 16:58:55,717 autoreload 13260 16276 D:\Projects\Current Projects\NDAS - Project\NDAS\video\models.py changed, reloading.
INFO 2025-09-28 16:58:56,503 autoreload 4848 20264 Watching for file changes with StatReloader
INFO 2025-09-28 16:59:02,161 autoreload 4848 20264 D:\Projects\Current Projects\NDAS - Project\NDAS\video\models.py changed, reloading.
INFO 2025-09-28 16:59:02,985 autoreload 19092 4504 Watching for file changes with StatReloader
INFO 2025-09-28 16:59:04,554 autoreload 19092 4504 D:\Projects\Current Projects\NDAS - Project\NDAS\video\models.py changed, reloading.
INFO 2025-09-28 16:59:05,368 autoreload 11628 4552 Watching for file changes with StatReloader
INFO 2025-09-28 16:59:06,905 autoreload 11628 4552 D:\Projects\Current Projects\NDAS - Project\NDAS\video\models.py changed, reloading.
INFO 2025-09-28 16:59:07,776 autoreload 19984 14824 Watching for file changes with StatReloader
INFO 2025-09-28 16:59:42,120 autoreload 19984 14824 D:\Projects\Current Projects\NDAS - Project\NDAS\video\models.py changed, reloading.
INFO 2025-09-28 16:59:42,928 autoreload 17788 12196 Watching for file changes with StatReloader
INFO 2025-09-28 16:59:53,729 autoreload 17788 12196 D:\Projects\Current Projects\NDAS - Project\NDAS\video\models.py changed, reloading.
INFO 2025-09-28 16:59:54,668 autoreload 4132 17900 Watching for file changes with StatReloader
INFO 2025-09-28 16:59:56,289 autoreload 4132 17900 D:\Projects\Current Projects\NDAS - Project\NDAS\video\models.py changed, reloading.
INFO 2025-09-28 16:59:57,146 autoreload 17416 9460 Watching for file changes with StatReloader
INFO 2025-09-28 17:00:21,197 autoreload 17416 9460 D:\Projects\Current Projects\NDAS - Project\NDAS\video\models.py changed, reloading.
INFO 2025-09-28 17:00:21,990 autoreload 20404 7056 Watching for file changes with StatReloader
INFO 2025-09-28 17:00:27,631 autoreload 20404 7056 D:\Projects\Current Projects\NDAS - Project\NDAS\video\models.py changed, reloading.
INFO 2025-09-28 17:00:28,409 autoreload 16300 9960 Watching for file changes with StatReloader
INFO 2025-09-28 17:00:34,066 autoreload 16300 9960 D:\Projects\Current Projects\NDAS - Project\NDAS\video\models.py changed, reloading.
INFO 2025-09-28 17:00:34,975 autoreload 7212 10600 Watching for file changes with StatReloader
INFO 2025-09-28 17:00:38,618 autoreload 7212 10600 D:\Projects\Current Projects\NDAS - Project\NDAS\video\models.py changed, reloading.
INFO 2025-09-28 17:00:39,432 autoreload 20464 20224 Watching for file changes with StatReloader
INFO 2025-09-28 17:00:50,174 autoreload 20464 20224 D:\Projects\Current Projects\NDAS - Project\NDAS\video\models.py changed, reloading.
INFO 2025-09-28 17:00:51,084 autoreload 1264 19112 Watching for file changes with StatReloader
INFO 2025-09-28 17:00:55,776 autoreload 1264 19112 D:\Projects\Current Projects\NDAS - Project\NDAS\video\models.py changed, reloading.
INFO 2025-09-28 17:00:56,573 autoreload 1180 5460 Watching for file changes with StatReloader
INFO 2025-09-28 17:00:59,216 autoreload 1180 5460 D:\Projects\Current Projects\NDAS - Project\NDAS\video\models.py changed, reloading.
INFO 2025-09-28 17:01:00,000 autoreload 10592 18520 Watching for file changes with StatReloader
INFO 2025-09-28 17:01:04,595 autoreload 10592 18520 D:\Projects\Current Projects\NDAS - Project\NDAS\video\models.py changed, reloading.
INFO 2025-09-28 17:01:05,344 autoreload 20200 880 Watching for file changes with StatReloader
INFO 2025-09-28 17:01:34,391 basehttp 7660 4536 "GET /video/manager/?search=&status=&uploader=&date_from=&date_to= HTTP/1.1" 200 58180
INFO 2025-09-28 17:01:35,948 basehttp 7660 4536 "GET /video/manager/?search=&status=&uploader=&date_from=&date_to= HTTP/1.1" 200 58180
INFO 2025-09-28 17:01:38,752 basehttp 7660 4536 "GET /video/manager/ HTTP/1.1" 200 58180
INFO 2025-09-28 17:02:08,370 basehttp 7660 13016 "GET /video/manager/ HTTP/1.1" 200 58180
INFO 2025-09-28 17:02:10,747 basehttp 7660 1216 "GET /video/manager/ HTTP/1.1" 200 58180
INFO 2025-09-28 17:02:26,092 basehttp 7660 9568 "GET /video/manager/ HTTP/1.1" 200 58180
INFO 2025-09-28 17:02:28,214 basehttp 7660 9568 "GET /video/manager/ HTTP/1.1" 200 58180
INFO 2025-09-28 17:02:29,619 basehttp 7660 16144 "GET /users/view/1/ HTTP/1.1" 200 74145
INFO 2025-09-28 17:02:31,587 basehttp 7660 16144 "GET / HTTP/1.1" 200 50745
INFO 2025-09-28 17:02:32,800 basehttp 7660 16144 "GET / HTTP/1.1" 200 50745
INFO 2025-09-28 17:02:33,646 basehttp 7660 16144 "GET /users/view/1/ HTTP/1.1" 200 74145
INFO 2025-09-28 17:02:43,139 basehttp 7660 10396 "GET /users/view/1/ HTTP/1.1" 200 74145
INFO 2025-09-28 17:02:44,142 basehttp 7660 10396 "GET /users/view/1/ HTTP/1.1" 200 74145
INFO 2025-09-28 17:02:49,952 basehttp 7660 10396 "GET /users/logout/ HTTP/1.1" 302 0
INFO 2025-09-28 17:02:49,969 basehttp 7660 10396 "GET /users/login/ HTTP/1.1" 200 16055
INFO 2025-09-28 17:02:52,369 basehttp 7660 10396 "POST /users/login/ HTTP/1.1" 302 0
INFO 2025-09-28 17:02:52,574 basehttp 7660 10396 "GET / HTTP/1.1" 200 51069
INFO 2025-09-28 17:02:59,558 autoreload 3012 17184 Watching for file changes with StatReloader
INFO 2025-09-28 17:03:06,094 basehttp 7660 15896 "GET / HTTP/1.1" 200 50745
INFO 2025-09-28 17:03:07,105 basehttp 7660 15896 "GET / HTTP/1.1" 200 50745
INFO 2025-09-28 17:03:37,109 autoreload 17216 19932 Watching for file changes with StatReloader
INFO 2025-09-28 17:03:45,044 basehttp 7660 10264 "GET / HTTP/1.1" 200 50745
INFO 2025-09-28 17:04:12,220 autoreload 1476 13088 Watching for file changes with StatReloader
INFO 2025-09-28 17:04:24,180 autoreload 17112 10948 Watching for file changes with StatReloader
INFO 2025-09-28 17:04:29,841 basehttp 7660 13148 "GET / HTTP/1.1" 200 50745
INFO 2025-09-28 17:04:35,237 basehttp 7660 8524 "GET / HTTP/1.1" 200 50745
WARNING 2025-09-28 17:04:37,508 log 7660 4672 Not Found: /favicon.ico
WARNING 2025-09-28 17:04:37,509 basehttp 7660 4672 "GET /favicon.ico HTTP/1.1" 404 15877
WARNING 2025-09-28 17:04:38,406 log 7660 4672 Not Found: /favicon.ico
WARNING 2025-09-28 17:04:38,407 basehttp 7660 4672 "GET /favicon.ico HTTP/1.1" 404 15877
WARNING 2025-09-28 17:04:38,575 log 7660 12816 Not Found: /favicon.ico
WARNING 2025-09-28 17:04:38,577 basehttp 7660 12816 "GET /favicon.ico HTTP/1.1" 404 15877
INFO 2025-09-28 17:04:45,889 basehttp 7660 7616 "GET /users/logout/ HTTP/1.1" 302 0
INFO 2025-09-28 17:04:45,896 basehttp 7660 7616 "GET /users/login/ HTTP/1.1" 200 16055
INFO 2025-09-28 17:04:49,037 basehttp 7660 7616 "POST /users/login/ HTTP/1.1" 302 0
INFO 2025-09-28 17:04:49,243 basehttp 7660 7616 "GET / HTTP/1.1" 200 51069
INFO 2025-09-28 17:04:54,486 basehttp 7660 15128 "GET /video/manager/ HTTP/1.1" 200 58180
INFO 2025-09-28 17:05:02,335 basehttp 7660 6216 "GET /video/manager/ HTTP/1.1" 200 58180
INFO 2025-09-28 17:10:13,666 basehttp 7660 5244 "GET /video/manager/ HTTP/1.1" 200 58180
INFO 2025-09-28 17:10:14,655 basehttp 7660 5244 "GET /video/manager/ HTTP/1.1" 200 58180
INFO 2025-09-28 17:10:16,184 basehttp 7660 5244 "GET /manager/patient/ HTTP/1.1" 200 60313
INFO 2025-09-28 17:10:17,631 basehttp 7660 5244 "GET /search/ HTTP/1.1" 200 41896
INFO 2025-09-28 17:10:19,546 basehttp 7660 5244 "GET /patient/add/ HTTP/1.1" 200 68272
INFO 2025-09-28 17:10:20,123 basehttp 7660 5244 "GET / HTTP/1.1" 200 50745
INFO 2025-09-28 17:10:21,896 basehttp 7660 5244 "GET /patient/add/ HTTP/1.1" 200 68272
INFO 2025-09-28 17:15:27,957 autoreload 16152 15324 Watching for file changes with StatReloader
INFO 2025-09-28 17:15:36,658 basehttp 16152 460 "GET / HTTP/1.1" 302 0
INFO 2025-09-28 17:15:36,788 basehttp 16152 460 "GET /users/login/?next=/ HTTP/1.1" 200 15725
WARNING 2025-09-28 17:15:39,202 log 16152 2136 Not Found: /favicon.ico
WARNING 2025-09-28 17:15:39,203 basehttp 16152 2136 "GET /favicon.ico HTTP/1.1" 404 15877
WARNING 2025-09-28 17:15:39,214 log 16152 2136 Not Found: /favicon.ico
WARNING 2025-09-28 17:15:39,215 basehttp 16152 2136 "GET /favicon.ico HTTP/1.1" 404 15877
INFO 2025-09-28 17:15:42,323 basehttp 16152 2136 "POST /users/login/ HTTP/1.1" 302 0
INFO 2025-09-28 17:15:43,213 basehttp 16152 2136 "GET / HTTP/1.1" 200 51069
INFO 2025-09-28 17:15:46,613 basehttp 16152 13376 "GET /video/manager/ HTTP/1.1" 200 57542
INFO 2025-09-28 17:16:24,072 basehttp 16152 3684 "GET /video/manager/ HTTP/1.1" 200 58598
INFO 2025-09-28 17:17:12,151 basehttp 16152 10624 "GET /video/manager/ HTTP/1.1" 200 58587
INFO 2025-09-28 17:17:16,989 basehttp 16152 6700 "GET /bookmarks/view/2/ HTTP/1.1" 200 41888
INFO 2025-09-28 17:17:48,934 basehttp 16152 16864 "GET /video/manager/ HTTP/1.1" 200 58559
INFO 2025-09-28 17:18:27,441 basehttp 16152 10916 "GET /video/manager/?search=&status=new&uploader=&date_from=&date_to= HTTP/1.1" 200 50046
INFO 2025-09-28 17:18:29,156 basehttp 16152 10916 "GET /video/manager/?search=&status=assessed&uploader=&date_from=&date_to= HTTP/1.1" 200 50444
INFO 2025-09-28 17:19:21,787 basehttp 16152 8352 "GET /video/manager/?search=&status=assessed&uploader=&date_from=2025-08-25&date_to=2025-08-28 HTTP/1.1" 200 45025
INFO 2025-09-28 17:20:29,712 basehttp 16152 8352 "GET /video/manager/?search=&status=assessed&uploader=&date_from=2025-08-25&date_to=2025-08-28&bookmarked_only=1 HTTP/1.1" 200 45032
INFO 2025-09-28 17:20:31,819 basehttp 16152 8352 "GET /video/manager/?search=&status=assessed&uploader=&date_from=2025-08-25&date_to=2025-08-28&bookmarked_only=1 HTTP/1.1" 200 45032
INFO 2025-09-28 17:21:50,123 basehttp 16152 2612 "GET /video/manager/?search=&status=assessed&uploader=&date_from=2025-08-25&date_to=2025-08-28&bookmarked_only=1 HTTP/1.1" 200 45032
INFO 2025-09-28 17:22:23,403 basehttp 16152 2980 "GET /video/manager/?search=&status=assessed&uploader=&date_from=2025-08-25&date_to=2025-08-28&bookmarked_only=1 HTTP/1.1" 200 45016
INFO 2025-09-28 17:23:03,812 basehttp 16152 12604 "GET /video/manager/?search=&status=assessed&uploader=&date_from=2025-08-25&date_to=2025-08-28&bookmarked_only=1 HTTP/1.1" 200 45016
INFO 2025-09-28 17:23:11,880 basehttp 16152 12604 "GET /video/manager/?search=&status=assessed&uploader=&date_from=2025-08-25&date_to=2025-08-28 HTTP/1.1" 200 45009
INFO 2025-09-28 17:23:15,126 basehttp 16152 12604 "GET /video/manager/?search=&status=assessed&uploader=&date_from=2025-08-25&date_to=2025-08-28 HTTP/1.1" 200 45009
INFO 2025-09-28 17:24:04,318 autoreload 16152 15324 D:\Projects\Current Projects\NDAS - Project\NDAS\video\models.py changed, reloading.
INFO 2025-09-28 17:24:07,024 autoreload 3056 14604 Watching for file changes with StatReloader
INFO 2025-09-28 17:24:57,615 autoreload 3056 14604 D:\Projects\Current Projects\NDAS - Project\NDAS\video\models.py changed, reloading.
INFO 2025-09-28 17:24:58,471 autoreload 9380 13508 Watching for file changes with StatReloader
INFO 2025-09-28 17:25:00,068 autoreload 9380 13508 D:\Projects\Current Projects\NDAS - Project\NDAS\video\models.py changed, reloading.
INFO 2025-09-28 17:25:00,822 autoreload 11628 2200 Watching for file changes with StatReloader
INFO 2025-09-28 17:25:03,787 basehttp 11628 1032 "GET /video/manager/?search=&status=assessed&uploader=&date_from=2025-08-25&date_to=2025-08-28 HTTP/1.1" 302 0
INFO 2025-09-28 17:25:03,847 basehttp 11628 1032 "GET /users/login/?next=/video/manager/%3Fsearch%3D%26status%3Dassessed%26uploader%3D%26date_from%3D2025-08-25%26date_to%3D2025-08-28 HTTP/1.1" 200 15725
INFO 2025-09-28 17:25:06,021 basehttp 11628 1032 "POST /users/login/ HTTP/1.1" 302 0
INFO 2025-09-28 17:25:06,213 basehttp 11628 1032 "GET / HTTP/1.1" 200 51069
INFO 2025-09-28 17:25:08,113 basehttp 11628 1032 "GET /video/manager/ HTTP/1.1" 200 58507
INFO 2025-09-28 17:26:55,297 basehttp 11628 14364 "GET /video/manager/ HTTP/1.1" 200 58273
INFO 2025-09-28 17:26:56,585 basehttp 11628 14364 "GET /video/manager/ HTTP/1.1" 200 58273
INFO 2025-09-28 17:27:17,712 basehttp 11628 16668 "GET /video/manager/ HTTP/1.1" 200 58273
INFO 2025-09-28 17:27:18,459 basehttp 11628 16668 "GET /video/manager/ HTTP/1.1" 200 58273
INFO 2025-09-28 17:27:19,122 basehttp 11628 16668 "GET /video/manager/ HTTP/1.1" 200 58273
INFO 2025-09-28 17:27:30,649 basehttp 11628 7872 "GET /video/manager/ HTTP/1.1" 200 58195
INFO 2025-09-28 17:30:30,477 autoreload 11628 2200 D:\Projects\Current Projects\NDAS - Project\NDAS\video\models.py changed, reloading.
INFO 2025-09-28 17:30:31,339 autoreload 13536 10164 Watching for file changes with StatReloader
INFO 2025-09-28 17:30:34,084 autoreload 13536 10164 D:\Projects\Current Projects\NDAS - Project\NDAS\video\models.py changed, reloading.
INFO 2025-09-28 17:30:34,832 autoreload 4212 17352 Watching for file changes with StatReloader
INFO 2025-09-28 17:30:36,190 autoreload 4212 17352 D:\Projects\Current Projects\NDAS - Project\NDAS\video\models.py changed, reloading.
INFO 2025-09-28 17:30:36,979 autoreload 11688 11664 Watching for file changes with StatReloader
INFO 2025-09-28 17:30:38,204 autoreload 11688 11664 D:\Projects\Current Projects\NDAS - Project\NDAS\video\models.py changed, reloading.
INFO 2025-09-28 17:30:38,958 autoreload 11488 13092 Watching for file changes with StatReloader
INFO 2025-09-28 17:30:43,550 autoreload 11488 13092 D:\Projects\Current Projects\NDAS - Project\NDAS\video\models.py changed, reloading.
INFO 2025-09-28 17:30:44,552 autoreload 10276 15684 Watching for file changes with StatReloader
INFO 2025-09-28 17:30:46,080 autoreload 10276 15684 D:\Projects\Current Projects\NDAS - Project\NDAS\video\models.py changed, reloading.
INFO 2025-09-28 17:30:46,876 autoreload 11304 2476 Watching for file changes with StatReloader
INFO 2025-09-28 17:30:50,586 autoreload 11304 2476 D:\Projects\Current Projects\NDAS - Project\NDAS\video\models.py changed, reloading.
INFO 2025-09-28 17:30:51,343 autoreload 6940 4920 Watching for file changes with StatReloader
INFO 2025-09-28 17:30:54,935 autoreload 6940 4920 D:\Projects\Current Projects\NDAS - Project\NDAS\video\models.py changed, reloading.
INFO 2025-09-28 17:30:55,747 autoreload 11824 5708 Watching for file changes with StatReloader
INFO 2025-09-28 17:31:00,418 autoreload 11824 5708 D:\Projects\Current Projects\NDAS - Project\NDAS\video\models.py changed, reloading.
INFO 2025-09-28 17:31:01,193 autoreload 10728 17352 Watching for file changes with StatReloader
INFO 2025-09-28 17:31:03,765 autoreload 10728 17352 D:\Projects\Current Projects\NDAS - Project\NDAS\video\models.py changed, reloading.
INFO 2025-09-28 17:31:04,588 autoreload 5436 1164 Watching for file changes with StatReloader
INFO 2025-09-28 17:31:07,126 autoreload 5436 1164 D:\Projects\Current Projects\NDAS - Project\NDAS\video\models.py changed, reloading.
INFO 2025-09-28 17:31:07,849 autoreload 13580 7892 Watching for file changes with StatReloader
INFO 2025-09-28 17:31:26,810 autoreload 13580 7892 D:\Projects\Current Projects\NDAS - Project\NDAS\video\models.py changed, reloading.
INFO 2025-09-28 17:31:27,615 autoreload 6152 16864 Watching for file changes with StatReloader
INFO 2025-09-28 17:31:29,179 autoreload 6152 16864 D:\Projects\Current Projects\NDAS - Project\NDAS\video\models.py changed, reloading.
INFO 2025-09-28 17:31:29,960 autoreload 15760 11468 Watching for file changes with StatReloader
INFO 2025-09-28 17:32:31,818 autoreload 15760 11468 D:\Projects\Current Projects\NDAS - Project\NDAS\video\models.py changed, reloading.
INFO 2025-09-28 17:32:32,699 autoreload 9508 10480 Watching for file changes with StatReloader
INFO 2025-09-28 17:32:34,324 autoreload 9508 10480 D:\Projects\Current Projects\NDAS - Project\NDAS\video\models.py changed, reloading.
INFO 2025-09-28 17:32:35,110 autoreload 17328 7948 Watching for file changes with StatReloader
INFO 2025-09-28 17:32:41,780 autoreload 17328 7948 D:\Projects\Current Projects\NDAS - Project\NDAS\video\models.py changed, reloading.
INFO 2025-09-28 17:32:42,512 autoreload 5316 8732 Watching for file changes with StatReloader
INFO 2025-09-28 17:33:54,740 autoreload 5316 8732 D:\Projects\Current Projects\NDAS - Project\NDAS\video\models.py changed, reloading.
INFO 2025-09-28 17:33:55,480 autoreload 17360 12000 Watching for file changes with StatReloader
INFO 2025-09-28 17:37:38,888 autoreload 17360 12000 D:\Projects\Current Projects\NDAS - Project\NDAS\video\models.py changed, reloading.
INFO 2025-09-28 17:37:41,035 autoreload 9872 2340 Watching for file changes with StatReloader
INFO 2025-09-28 17:41:31,853 autoreload 9872 2340 D:\Projects\Current Projects\NDAS - Project\NDAS\ndas\custom_codes\custom_methods.py changed, reloading.
INFO 2025-09-28 17:41:32,734 autoreload 6940 5452 Watching for file changes with StatReloader
INFO 2025-09-28 17:43:09,641 autoreload 6940 5452 D:\Projects\Current Projects\NDAS - Project\NDAS\ndas\custom_codes\custom_methods.py changed, reloading.
INFO 2025-09-28 17:43:10,555 autoreload 6540 5300 Watching for file changes with StatReloader
INFO 2025-09-28 17:43:13,822 autoreload 6540 5300 D:\Projects\Current Projects\NDAS - Project\NDAS\ndas\custom_codes\custom_methods.py changed, reloading.
INFO 2025-09-28 17:43:14,584 autoreload 13100 4780 Watching for file changes with StatReloader
INFO 2025-09-28 17:43:17,206 autoreload 13100 4780 D:\Projects\Current Projects\NDAS - Project\NDAS\ndas\custom_codes\custom_methods.py changed, reloading.
INFO 2025-09-28 17:43:18,027 autoreload 15592 1068 Watching for file changes with StatReloader
INFO 2025-09-28 17:45:18,732 basehttp 15592 11944 "GET /video/manager/ HTTP/1.1" 302 0
INFO 2025-09-28 17:45:18,769 basehttp 15592 11944 "GET /users/login/?next=/video/manager/ HTTP/1.1" 200 15725
INFO 2025-09-28 17:45:21,166 basehttp 15592 11944 "POST /users/login/ HTTP/1.1" 302 0
INFO 2025-09-28 17:45:21,355 basehttp 15592 11944 "GET / HTTP/1.1" 200 51069
INFO 2025-09-28 17:45:23,954 basehttp 15592 11944 "GET /video/manager/ HTTP/1.1" 200 58195
INFO 2025-09-28 17:47:36,225 basehttp 15592 8504 "GET /video/manager/ HTTP/1.1" 200 58253
INFO 2025-09-28 17:48:15,401 autoreload 15592 1068 D:\Projects\Current Projects\NDAS - Project\NDAS\video\models.py changed, reloading.
INFO 2025-09-28 17:48:16,176 autoreload 17204 2992 Watching for file changes with StatReloader
INFO 2025-09-28 17:50:55,612 basehttp 17204 7908 "GET /video/manager/ HTTP/1.1" 302 0
INFO 2025-09-28 17:50:55,626 basehttp 17204 7908 "GET /users/login/?next=/video/manager/ HTTP/1.1" 200 15725
INFO 2025-09-28 17:50:58,366 basehttp 17204 7908 "POST /users/login/ HTTP/1.1" 302 0
INFO 2025-09-28 17:50:58,553 basehttp 17204 7908 "GET / HTTP/1.1" 200 51069
INFO 2025-09-28 17:51:01,215 basehttp 17204 7908 "GET /video/manager/ HTTP/1.1" 200 58253
INFO 2025-09-28 17:51:44,789 basehttp 17204 10348 "GET /video/manager/?search=&status=&uploader=&date_from=&date_to=&bookmarked_only=1 HTTP/1.1" 200 44940
INFO 2025-09-28 17:51:46,572 basehttp 17204 10348 "GET /video/manager/?search=&status=&uploader=&date_from=&date_to= HTTP/1.1" 200 58253
INFO 2025-09-28 17:53:48,651 basehttp 17204 11104 "GET /video/manager/?search=&status=&uploader=&date_from=&date_to= HTTP/1.1" 200 58334
INFO 2025-09-28 17:53:56,760 basehttp 17204 11448 "GET /video/manager/?search=&status=&uploader=&date_from=&date_to=&bookmarked_only=1 HTTP/1.1" 200 45021
INFO 2025-09-28 17:53:58,520 basehttp 17204 11448 "GET /video/manager/?search=&status=&uploader=&date_from=&date_to= HTTP/1.1" 200 58334
INFO 2025-09-28 17:54:51,873 basehttp 17204 5216 "GET /video/manager/?search=&status=&uploader=&date_from=&date_to= HTTP/1.1" 200 58470
INFO 2025-09-28 17:54:53,164 basehttp 17204 5216 "GET /video/manager/?search=&status=&uploader=&date_from=&date_to= HTTP/1.1" 200 58470
INFO 2025-09-28 17:55:03,678 basehttp 17204 16484 "GET /video/manager/?search=&status=&uploader=&date_from=&date_to=&bookmarked_only=1 HTTP/1.1" 200 45157
INFO 2025-09-28 17:55:05,444 basehttp 17204 532 "GET /video/manager/?search=&status=&uploader=&date_from=&date_to= HTTP/1.1" 200 58470
INFO 2025-09-28 17:57:06,370 basehttp 17204 3724 "GET /video/manager/?search=&status=&uploader=&date_from=&date_to= HTTP/1.1" 200 58568
INFO 2025-09-28 17:57:08,516 basehttp 17204 3724 "GET /video/manager/?search=&status=&uploader=&date_from=&date_to= HTTP/1.1" 200 58568
INFO 2025-09-28 17:57:11,179 basehttp 17204 3724 "GET /video/manager/?search=&status=&uploader=&date_from=&date_to=&bookmarked_only=1 HTTP/1.1" 200 45540
INFO 2025-09-28 17:57:17,465 basehttp 17204 4044 "GET /video/manager/ HTTP/1.1" 200 58568
INFO 2025-09-28 17:57:21,831 basehttp 17204 4044 "GET /video/manager/?search=&status=new&uploader=&date_from=&date_to= HTTP/1.1" 200 50541
INFO 2025-09-28 18:00:07,786 basehttp 17204 4044 "GET /video/manager/?search=&status=new&uploader=&date_from=&date_to= HTTP/1.1" 200 50496
INFO 2025-09-28 18:00:20,537 basehttp 17204 4044 "GET /video/manager/?search=&status=new&uploader=1&date_from=&date_to= HTTP/1.1" 200 50792
INFO 2025-09-28 18:00:25,016 basehttp 17204 4044 "GET /video/manager/ HTTP/1.1" 200 58513
INFO 2025-09-28 18:01:57,271 basehttp 17204 5276 "GET /video/manager/ HTTP/1.1" 200 58540
INFO 2025-09-28 18:01:59,678 basehttp 17204 5276 "GET /video/manager/?search=&status=new&uploader=&date_from=&date_to= HTTP/1.1" 200 50513
INFO 2025-09-28 18:02:03,200 basehttp 17204 8360 "GET /video/manager/?search=&status=new&uploader=1&date_from=&date_to= HTTP/1.1" 200 50802
INFO 2025-09-28 18:02:09,478 basehttp 17204 8360 "GET /video/manager/?search=&status=new&uploader=1&date_from=2025-09-10&date_to= HTTP/1.1" 200 42800
INFO 2025-09-28 18:02:15,533 basehttp 17204 2416 "GET /video/manager/ HTTP/1.1" 200 58540
INFO 2025-09-28 18:02:19,417 basehttp 17204 2416 "GET /video/manager/?search=&status=&uploader=&date_from=&date_to= HTTP/1.1" 200 58540
INFO 2025-09-28 18:02:21,854 basehttp 17204 14568 "GET /video/manager/?search=&status=new&uploader=&date_from=&date_to= HTTP/1.1" 200 50513
INFO 2025-09-28 18:02:26,327 basehttp 17204 14568 "GET /video/manager/?search=&status=assessed&uploader=&date_from=&date_to= HTTP/1.1" 200 50917
INFO 2025-09-28 18:05:34,546 autoreload 17204 2992 D:\Projects\Current Projects\NDAS - Project\NDAS\ndas\custom_codes\custom_methods.py changed, reloading.
INFO 2025-09-28 18:05:35,504 autoreload 4604 1444 Watching for file changes with StatReloader
INFO 2025-09-28 18:05:45,300 autoreload 4604 1444 D:\Projects\Current Projects\NDAS - Project\NDAS\video\models.py changed, reloading.
INFO 2025-09-28 18:05:46,111 autoreload 17348 2656 Watching for file changes with StatReloader
INFO 2025-09-28 18:06:04,083 autoreload 17348 2656 D:\Projects\Current Projects\NDAS - Project\NDAS\video\models.py changed, reloading.
INFO 2025-09-28 18:06:05,019 autoreload 3904 6348 Watching for file changes with StatReloader
INFO 2025-09-28 18:07:38,636 autoreload 3904 6348 D:\Projects\Current Projects\NDAS - Project\NDAS\ndas\custom_codes\custom_methods.py changed, reloading.
INFO 2025-09-28 18:07:39,612 autoreload 3436 6708 Watching for file changes with StatReloader
INFO 2025-09-28 18:10:36,191 autoreload 3436 6708 D:\Projects\Current Projects\NDAS - Project\NDAS\ndas\custom_codes\custom_methods.py changed, reloading.
INFO 2025-09-28 18:10:36,977 autoreload 10008 10068 Watching for file changes with StatReloader
INFO 2025-09-28 18:10:43,713 autoreload 10008 10068 D:\Projects\Current Projects\NDAS - Project\NDAS\video\models.py changed, reloading.
INFO 2025-09-28 18:10:44,674 autoreload 8504 13328 Watching for file changes with StatReloader
INFO 2025-09-28 18:10:54,476 autoreload 8504 13328 D:\Projects\Current Projects\NDAS - Project\NDAS\video\models.py changed, reloading.
INFO 2025-09-28 18:10:55,400 autoreload 1540 12004 Watching for file changes with StatReloader
INFO 2025-09-28 18:12:50,978 basehttp 1540 16236 "GET /video/manager/?search=&status=assessed&uploader=&date_from=&date_to= HTTP/1.1" 302 0
INFO 2025-09-28 18:12:51,026 basehttp 1540 16236 "GET /users/login/?next=/video/manager/%3Fsearch%3D%26status%3Dassessed%26uploader%3D%26date_from%3D%26date_to%3D HTTP/1.1" 200 15725
INFO 2025-09-28 18:12:53,443 basehttp 1540 16236 "POST /users/login/ HTTP/1.1" 302 0
INFO 2025-09-28 18:12:53,606 basehttp 1540 16236 "GET / HTTP/1.1" 200 51069
INFO 2025-09-28 18:12:56,074 basehttp 1540 16236 "GET /attachment/manager/ HTTP/1.1" 200 67451
INFO 2025-09-28 18:12:56,980 basehttp 1540 16236 "GET /video/manager/ HTTP/1.1" 200 58540
INFO 2025-09-28 18:13:13,922 basehttp 1540 16236 "GET /video/view/6/ HTTP/1.1" 200 50393
INFO 2025-09-28 18:13:29,657 basehttp 1540 16236 - Broken pipe from ('127.0.0.1', 64771)
INFO 2025-09-28 18:13:44,865 basehttp 1540 6860 "GET /patient/view/2/ HTTP/1.1" 200 107752
INFO 2025-09-28 18:13:58,663 basehttp 1540 6860 - Broken pipe from ('127.0.0.1', 49904)
INFO 2025-09-28 18:14:06,016 basehttp 1540 17196 "GET /video/edit/6/ HTTP/1.1" 200 55016
INFO 2025-09-28 18:14:31,128 basehttp 1540 17196 "POST /video/edit/6/ HTTP/1.1" 200 89
INFO 2025-09-28 18:14:32,897 basehttp 1540 17196 "GET /video/view/6/ HTTP/1.1" 200 50948
INFO 2025-09-28 18:14:48,390 basehttp 1540 17196 - Broken pipe from ('127.0.0.1', 60749)
INFO 2025-09-28 18:16:04,142 basehttp 1540 3508 "GET /video/view/6/ HTTP/1.1" 200 50382
INFO 2025-09-28 18:16:19,604 basehttp 1540 3508 - Broken pipe from ('127.0.0.1', 54994)
INFO 2025-09-28 18:16:20,450 basehttp 1540 8708 "GET /bookmarks/add/6/Video/ HTTP/1.1" 200 45394
INFO 2025-09-28 18:16:24,724 basehttp 1540 8708 "POST /bookmarks/add/6/Video/ HTTP/1.1" 302 0
INFO 2025-09-28 18:16:24,872 basehttp 1540 8708 "GET /bookmarks/view/3/ HTTP/1.1" 200 42206
INFO 2025-09-28 18:16:29,619 basehttp 1540 8708 "GET /video/view/6/ HTTP/1.1" 200 50374
INFO 2025-09-28 18:16:43,375 basehttp 1540 8528 "GET /video/manager/patient/2/ HTTP/1.1" 200 46318
INFO 2025-09-28 18:16:43,406 basehttp 1540 8708 - Broken pipe from ('127.0.0.1', 54220)
INFO 2025-09-28 18:16:56,876 basehttp 1540 8528 - Broken pipe from ('127.0.0.1', 61201)
INFO 2025-09-28 18:17:05,704 basehttp 1540 14980 "GET /media/videos/2025/09/1_-_Introduction_VideoAce_Essays_Foundation_Academic_Writing_Ethical_AI_Prompts.mkv HTTP/1.1" 200 95297306
INFO 2025-09-28 18:18:17,500 basehttp 1540 14980 "GET /video/view/6/ HTTP/1.1" 200 50312
INFO 2025-09-28 18:18:29,722 basehttp 1540 1116 - Broken pipe from ('127.0.0.1', 61207)
INFO 2025-09-28 18:18:32,911 basehttp 1540 14980 - Broken pipe from ('127.0.0.1', 54866)
INFO 2025-09-28 18:19:48,502 basehttp 1540 1648 "GET /video/view/6/ HTTP/1.1" 200 50341
INFO 2025-09-28 18:20:04,783 basehttp 1540 1648 - Broken pipe from ('127.0.0.1', 49926)
INFO 2025-09-28 18:20:11,760 basehttp 1540 6556 "GET /video/view/6/ HTTP/1.1" 200 50309
INFO 2025-09-28 18:20:31,635 basehttp 1540 6556 - Broken pipe from ('127.0.0.1', 65235)
INFO 2025-09-28 18:20:36,009 basehttp 1540 1692 "GET /video/view/6/ HTTP/1.1" 200 49652
INFO 2025-09-28 18:20:44,936 basehttp 1540 3656 "GET /users/contact-developer/ HTTP/1.1" 200 27782
INFO 2025-09-28 18:20:44,961 basehttp 1540 1692 - Broken pipe from ('127.0.0.1', 54421)
INFO 2025-09-28 18:21:21,459 basehttp 1540 3656 "GET /video/view/6/ HTTP/1.1" 200 49589
INFO 2025-09-28 18:21:36,878 basehttp 1540 3656 - Broken pipe from ('127.0.0.1', 58901)
INFO 2025-09-28 18:21:39,352 basehttp 1540 1708 "GET /video/edit/6/ HTTP/1.1" 200 55003
INFO 2025-09-28 18:22:20,998 basehttp 1540 1708 "GET /video/edit/6/ HTTP/1.1" 200 54281
INFO 2025-09-28 18:22:28,466 basehttp 1540 1708 "GET /video/edit/6/ HTTP/1.1" 200 54281
INFO 2025-09-28 18:22:31,131 basehttp 1540 1708 "GET /video/manager/ HTTP/1.1" 200 58905
INFO 2025-09-28 19:15:01,122 basehttp 1540 18312 "GET /video/manager/ HTTP/1.1" 200 58905
INFO 2025-09-28 19:15:01,170 basehttp 1540 18312 "GET /static/css/social.css HTTP/1.1" 304 0
INFO 2025-09-28 19:15:01,171 basehttp 1540 18344 "GET /static/css/custom_css.css HTTP/1.1" 304 0
INFO 2025-09-28 19:15:01,171 basehttp 1540 18348 "GET /static/css/ndas-sidebar.css HTTP/1.1" 304 0
INFO 2025-09-28 19:15:01,175 basehttp 1540 18356 "GET /static/js/manager.js HTTP/1.1" 304 0
WARNING 2025-09-28 19:15:06,807 log 1540 18356 Not Found: /.well-known/appspecific/com.chrome.devtools.json
WARNING 2025-09-28 19:15:06,809 basehttp 1540 18356 "GET /.well-known/appspecific/com.chrome.devtools.json HTTP/1.1" 404 15988
INFO 2025-09-28 19:15:13,341 basehttp 1540 18128 "GET /video/manager/ HTTP/1.1" 200 58905
WARNING 2025-09-28 19:15:13,702 log 1540 18128 Not Found: /.well-known/appspecific/com.chrome.devtools.json
WARNING 2025-09-28 19:15:13,703 basehttp 1540 18128 "GET /.well-known/appspecific/com.chrome.devtools.json HTTP/1.1" 404 15988
INFO 2025-09-28 19:16:19,287 basehttp 1540 18048 "GET /video/manager/ HTTP/1.1" 200 58905
WARNING 2025-09-28 19:16:19,498 log 1540 18048 Not Found: /.well-known/appspecific/com.chrome.devtools.json
WARNING 2025-09-28 19:16:19,500 basehttp 1540 18048 "GET /.well-known/appspecific/com.chrome.devtools.json HTTP/1.1" 404 15988
INFO 2025-09-28 19:17:50,631 basehttp 1540 18048 "GET /video/manager/ HTTP/1.1" 200 59375
WARNING 2025-09-28 19:17:50,844 log 1540 18048 Not Found: /.well-known/appspecific/com.chrome.devtools.json
WARNING 2025-09-28 19:17:50,845 basehttp 1540 18048 "GET /.well-known/appspecific/com.chrome.devtools.json HTTP/1.1" 404 15988
INFO 2025-09-28 19:17:58,651 basehttp 1540 18048 "GET /video/manager/?search=&status=new&uploader=&date_from=&date_to= HTTP/1.1" 200 51348
INFO 2025-09-28 19:18:01,643 basehttp 1540 18048 "GET /video/manager/?search=&status=new&uploader=1&date_from=&date_to= HTTP/1.1" 200 51637
INFO 2025-09-28 19:18:07,355 basehttp 1540 18048 "GET /video/manager/?search=&status=new&uploader=1&date_from=2025-09-10&date_to= HTTP/1.1" 200 43270
INFO 2025-09-28 19:18:11,362 basehttp 1540 18048 "GET /video/manager/?search=&status=new&uploader=1&date_from=2025-09-10&date_to=2025-09-03 HTTP/1.1" 200 43289
INFO 2025-09-28 19:18:11,944 basehttp 1540 18048 "GET /video/manager/?search=&status=new&uploader=1&date_from=2025-09-10&date_to=2025-09-03&bookmarked_only=1 HTTP/1.1" 200 43581
INFO 2025-09-28 19:18:16,821 basehttp 1540 18048 "GET /video/manager/ HTTP/1.1" 200 59375
INFO 2025-09-28 19:19:31,297 basehttp 1540 18048 "GET /help/article/ HTTP/1.1" 200 38156
INFO 2025-09-28 19:19:32,951 basehttp 1540 18048 "GET /manager/bookmarks/ HTTP/1.1" 200 58418
INFO 2025-09-28 19:19:52,402 basehttp 1540 18048 "GET /attachment/manager/ HTTP/1.1" 200 67451
INFO 2025-09-28 19:20:01,144 basehttp 1540 18048 "GET /attachment/view/3/ HTTP/1.1" 200 61501
INFO 2025-09-28 19:20:01,746 basehttp 1540 18048 "GET /media/attachments/wqefqwef_video_Rasika__Administrator_2025-08-28_145513.5394690530.mp4 HTTP/1.1" 200 34974399
INFO 2025-09-28 19:20:07,597 basehttp 1540 18048 "GET /attachment/manager/ HTTP/1.1" 200 67451
INFO 2025-09-28 19:23:44,748 autoreload 1540 12004 D:\Projects\Current Projects\NDAS - Project\NDAS\patients\views.py changed, reloading.
INFO 2025-09-28 19:23:46,950 autoreload 4028 7636 Watching for file changes with StatReloader
INFO 2025-09-28 19:24:05,941 autoreload 4028 7636 D:\Projects\Current Projects\NDAS - Project\NDAS\patients\views.py changed, reloading.
INFO 2025-09-28 19:24:06,772 autoreload 18312 2808 Watching for file changes with StatReloader
INFO 2025-09-28 19:28:51,528 basehttp 18312 9344 "GET /attachment/manager/ HTTP/1.1" 302 0
INFO 2025-09-28 19:28:51,580 basehttp 18312 9344 "GET /users/login/?next=/attachment/manager/ HTTP/1.1" 200 15725
INFO 2025-09-28 19:28:51,614 basehttp 18312 9344 "GET /static/css/login.css HTTP/1.1" 304 0
INFO 2025-09-28 19:28:51,617 basehttp 18312 16896 "GET /static/js/login.js HTTP/1.1" 304 0
INFO 2025-09-28 19:28:54,473 basehttp 18312 16896 "POST /users/login/ HTTP/1.1" 302 0
INFO 2025-09-28 19:28:54,745 basehttp 18312 16896 "GET / HTTP/1.1" 200 51069
INFO 2025-09-28 19:28:57,215 basehttp 18312 16896 "GET /attachment/manager/ HTTP/1.1" 200 48876
INFO 2025-09-28 19:29:05,759 basehttp 18312 16896 "GET /video/manager/ HTTP/1.1" 200 59375
INFO 2025-09-28 19:29:11,961 basehttp 18312 16896 "GET /video/manager/ HTTP/1.1" 200 59375
INFO 2025-09-28 19:29:16,387 basehttp 18312 16896 "GET /attachment/manager/ HTTP/1.1" 200 48876
INFO 2025-09-28 19:29:22,311 basehttp 18312 16896 "GET /manager/bookmarks/ HTTP/1.1" 200 58418
INFO 2025-09-28 19:29:25,258 basehttp 18312 16896 "GET /attachment/manager/ HTTP/1.1" 200 48876
INFO 2025-09-28 19:29:29,178 basehttp 18312 16896 "GET /attachment/manager/?search=&type=video&uploader=&date_from=&date_to= HTTP/1.1" 200 46232
INFO 2025-09-28 19:29:34,204 basehttp 18312 16896 "GET /attachment/manager/?search=&type=video&uploader=1&date_from=&date_to= HTTP/1.1" 200 46526
INFO 2025-09-28 19:29:36,370 basehttp 18312 16896 "GET /attachment/manager/?search=&type=video&uploader=1&date_from=&date_to=&bookmarked_only=1 HTTP/1.1" 200 43418
INFO 2025-09-28 19:29:37,697 basehttp 18312 16896 "GET /attachment/manager/?search=&type=video&uploader=1&date_from=&date_to= HTTP/1.1" 200 46526
INFO 2025-09-28 19:29:42,021 basehttp 18312 16896 "GET /attachment/manager/ HTTP/1.1" 200 48876
INFO 2025-09-28 19:29:51,759 basehttp 18312 16896 "GET /attachment/edit/3/ HTTP/1.1" 200 60401
INFO 2025-09-28 19:30:58,363 basehttp 18312 16896 "GET /attachment/edit/3/ HTTP/1.1" 200 59768
INFO 2025-09-28 19:31:08,402 basehttp 18312 16896 "GET /attachment/view/3/ HTTP/1.1" 200 61501
INFO 2025-09-28 19:31:09,061 basehttp 18312 16896 "GET /media/attachments/wqefqwef_video_Rasika__Administrator_2025-08-28_145513.5394690530.mp4 HTTP/1.1" 200 34974399
INFO 2025-09-28 19:32:10,962 basehttp 18312 16896 "GET /attachment/view/3/ HTTP/1.1" 200 60864
INFO 2025-09-28 19:32:36,780 basehttp 18312 16896 "GET /video/manager/ HTTP/1.1" 200 59375
INFO 2025-09-28 19:32:39,178 basehttp 18312 16896 "GET /attachment/manager/ HTTP/1.1" 200 48876
INFO 2025-09-28 19:32:41,562 basehttp 18312 16896 "GET /manager/bookmarks/ HTTP/1.1" 200 58418
INFO 2025-09-28 19:32:44,773 basehttp 18312 16896 "GET /attachment/manager/ HTTP/1.1" 200 48876
INFO 2025-09-28 19:32:47,045 basehttp 18312 16896 "GET /video/manager/ HTTP/1.1" 200 59375
INFO 2025-09-28 19:32:57,562 basehttp 18312 16896 "GET /manager/assessment/ HTTP/1.1" 200 57962
INFO 2025-09-28 19:33:15,241 basehttp 18312 16896 "GET /manager/assessment/ HTTP/1.1" 200 57962
INFO 2025-09-28 19:33:16,530 basehttp 18312 16896 "GET /hine/manager/ HTTP/1.1" 200 48209
INFO 2025-09-28 19:33:24,683 basehttp 18312 16896 "GET /da/manager/ HTTP/1.1" 200 41649
INFO 2025-09-28 19:33:27,165 basehttp 18312 16896 "GET /cdic/manager/ HTTP/1.1" 200 42230
INFO 2025-09-28 19:33:29,205 basehttp 18312 16896 "GET /manager/assessment/ HTTP/1.1" 200 57962
INFO 2025-09-28 19:33:48,322 basehttp 18312 16896 "GET /manager/assessment/ HTTP/1.1" 200 57962
INFO 2025-09-28 19:33:53,072 basehttp 18312 16896 "GET /assessment/view/3/ HTTP/1.1" 200 50075
INFO 2025-09-28 19:52:42,228 basehttp 18312 19684 "GET /manager/assessment/ HTTP/1.1" 200 57962
INFO 2025-09-28 19:58:29,471 autoreload 18312 2808 D:\Projects\Current Projects\NDAS - Project\NDAS\patients\views.py changed, reloading.
INFO 2025-09-28 19:58:30,456 autoreload 2984 3732 Watching for file changes with StatReloader
INFO 2025-09-28 19:58:50,491 autoreload 2984 3732 D:\Projects\Current Projects\NDAS - Project\NDAS\patients\urls.py changed, reloading.
INFO 2025-09-28 19:58:51,227 autoreload 19444 4380 Watching for file changes with StatReloader
INFO 2025-09-28 20:02:24,561 autoreload 19444 4380 D:\Projects\Current Projects\NDAS - Project\NDAS\patients\views.py changed, reloading.
INFO 2025-09-28 20:02:25,369 autoreload 11880 19524 Watching for file changes with StatReloader
INFO 2025-09-28 20:04:09,078 basehttp 11880 19464 "GET /manager/assessment/ HTTP/1.1" 302 0
INFO 2025-09-28 20:04:09,104 basehttp 11880 19464 "GET /users/login/?next=/manager/assessment/ HTTP/1.1" 200 15725
INFO 2025-09-28 20:04:11,685 basehttp 11880 19464 "POST /users/login/ HTTP/1.1" 302 0
INFO 2025-09-28 20:04:11,924 basehttp 11880 19464 "GET / HTTP/1.1" 200 51069
INFO 2025-09-28 20:04:16,134 basehttp 11880 19464 "GET /manager/assessment/ HTTP/1.1" 200 59737
INFO 2025-09-28 20:04:23,236 basehttp 11880 19464 "GET /manager/assessment/?search=254 HTTP/1.1" 200 43826
INFO 2025-09-28 20:04:27,190 basehttp 11880 19464 "GET /manager/assessment/ HTTP/1.1" 200 59737
INFO 2025-09-28 20:04:33,122 basehttp 11880 19464 "GET /manager/assessment/recent HTTP/1.1" 200 43912
ERROR 2025-09-28 20:04:37,054 log 11880 19464 Internal Server Error: /manager/assessment/normal
Traceback (most recent call last):
  File "D:\Projects\Current Projects\NDAS - Project\NDAS\venv\Lib\site-packages\django\core\handlers\exception.py", line 55, in inner
    response = get_response(request)
  File "D:\Projects\Current Projects\NDAS - Project\NDAS\venv\Lib\site-packages\django\core\handlers\base.py", line 197, in _get_response
    response = wrapped_callback(request, *callback_args, **callback_kwargs)
  File "D:\Projects\Current Projects\NDAS - Project\NDAS\venv\Lib\site-packages\django\contrib\auth\decorators.py", line 23, in _wrapped_view
    return view_func(request, *args, **kwargs)
  File "D:\Projects\Current Projects\NDAS - Project\NDAS\patients\views.py", line 1342, in assessment_manager_normal
    assessment_list = GMAssessment.objects.filter(isDiagnosisNormal=True)
  File "D:\Projects\Current Projects\NDAS - Project\NDAS\venv\Lib\site-packages\django\db\models\manager.py", line 85, in manager_method
    return getattr(self.get_queryset(), name)(*args, **kwargs)
           ~~~~~~~~~~~~~~~~~~~~~~~~~~~~~~~~~~^^^^^^^^^^^^^^^^^
  File "D:\Projects\Current Projects\NDAS - Project\NDAS\venv\Lib\site-packages\django\db\models\query.py", line 1421, in filter
    return self._filter_or_exclude(False, args, kwargs)
           ~~~~~~~~~~~~~~~~~~~~~~~^^^^^^^^^^^^^^^^^^^^^
  File "D:\Projects\Current Projects\NDAS - Project\NDAS\venv\Lib\site-packages\django\db\models\query.py", line 1439, in _filter_or_exclude
    clone._filter_or_exclude_inplace(negate, args, kwargs)
    ~~~~~~~~~~~~~~~~~~~~~~~~~~~~~~~~^^^^^^^^^^^^^^^^^^^^^^
  File "D:\Projects\Current Projects\NDAS - Project\NDAS\venv\Lib\site-packages\django\db\models\query.py", line 1446, in _filter_or_exclude_inplace
    self._query.add_q(Q(*args, **kwargs))
    ~~~~~~~~~~~~~~~~~^^^^^^^^^^^^^^^^^^^^
  File "D:\Projects\Current Projects\NDAS - Project\NDAS\venv\Lib\site-packages\django\db\models\sql\query.py", line 1532, in add_q
    clause, _ = self._add_q(q_object, self.used_aliases)
                ~~~~~~~~~~~^^^^^^^^^^^^^^^^^^^^^^^^^^^^^
  File "D:\Projects\Current Projects\NDAS - Project\NDAS\venv\Lib\site-packages\django\db\models\sql\query.py", line 1562, in _add_q
    child_clause, needed_inner = self.build_filter(
                                 ~~~~~~~~~~~~~~~~~^
        child,
        ^^^^^^
    ...<5 lines>...
        check_filterable=check_filterable,
        ^^^^^^^^^^^^^^^^^^^^^^^^^^^^^^^^^^
    )
    ^
  File "D:\Projects\Current Projects\NDAS - Project\NDAS\venv\Lib\site-packages\django\db\models\sql\query.py", line 1407, in build_filter
    lookups, parts, reffed_expression = self.solve_lookup_type(arg)
                                        ~~~~~~~~~~~~~~~~~~~~~~^^^^^
  File "D:\Projects\Current Projects\NDAS - Project\NDAS\venv\Lib\site-packages\django\db\models\sql\query.py", line 1217, in solve_lookup_type
    _, field, _, lookup_parts = self.names_to_path(lookup_splitted, self.get_meta())
                                ~~~~~~~~~~~~~~~~~~^^^^^^^^^^^^^^^^^^^^^^^^^^^^^^^^^^
  File "D:\Projects\Current Projects\NDAS - Project\NDAS\venv\Lib\site-packages\django\db\models\sql\query.py", line 1709, in names_to_path
    raise FieldError(
    ...<2 lines>...
    )
django.core.exceptions.FieldError: Cannot resolve keyword 'isDiagnosisNormal' into field. Choices are: added_by, added_by_id, created_at, date_of_assessment, diagnosis, diagnosis_conclusion, diagnosis_other, id, last_edit_by, last_edit_by_id, management_plan, next_assessment_date, parent_informed, patient, patient_id, updated_at, video_file, video_file_id
ERROR 2025-09-28 20:04:37,068 basehttp 11880 19464 "GET /manager/assessment/normal HTTP/1.1" 500 131938
INFO 2025-09-28 20:06:16,092 autoreload 11880 19524 D:\Projects\Current Projects\NDAS - Project\NDAS\patients\views.py changed, reloading.
INFO 2025-09-28 20:06:16,902 autoreload 1500 20328 Watching for file changes with StatReloader
INFO 2025-09-28 20:07:42,116 basehttp 1500 16424 "GET /manager/assessment/normal HTTP/1.1" 302 0
INFO 2025-09-28 20:07:42,131 basehttp 1500 16424 "GET /users/login/?next=/manager/assessment/normal HTTP/1.1" 200 15725
INFO 2025-09-28 20:07:44,732 basehttp 1500 16424 "POST /users/login/ HTTP/1.1" 302 0
INFO 2025-09-28 20:07:44,904 basehttp 1500 16424 "GET / HTTP/1.1" 200 51069
INFO 2025-09-28 20:07:47,443 basehttp 1500 16424 "GET /manager/assessment/ HTTP/1.1" 200 59723
INFO 2025-09-28 20:07:51,264 basehttp 1500 16424 "GET /manager/assessment/recent HTTP/1.1" 200 43912
INFO 2025-09-28 20:07:55,624 basehttp 1500 16424 "GET /manager/assessment/normal HTTP/1.1" 200 55315
INFO 2025-09-28 20:08:07,752 basehttp 1500 16424 "GET /manager/assessment/abnormal HTTP/1.1" 200 50576
INFO 2025-09-28 20:08:18,681 basehttp 1500 16424 "GET /manager/assessment/informed HTTP/1.1" 200 50564
INFO 2025-09-28 20:08:25,362 basehttp 1500 16424 "GET /manager/assessment/not-informed HTTP/1.1" 200 55318
INFO 2025-09-28 20:08:32,315 basehttp 1500 16424 "GET /manager/assessment/ HTTP/1.1" 200 59723
INFO 2025-09-28 20:11:58,140 basehttp 1500 16424 "GET /manager/assessment/ HTTP/1.1" 200 59203
INFO 2025-09-28 20:11:59,269 basehttp 1500 16424 "GET /manager/assessment/ HTTP/1.1" 200 59203
INFO 2025-09-28 20:11:59,741 basehttp 1500 16424 "GET /manager/assessment/ HTTP/1.1" 200 59203
INFO 2025-09-28 20:12:00,041 basehttp 1500 16424 "GET /manager/assessment/ HTTP/1.1" 200 59203
INFO 2025-09-28 20:12:03,904 basehttp 1500 16424 "GET /bookmarks/add/3/GMA/ HTTP/1.1" 200 45390
INFO 2025-09-28 20:12:09,043 basehttp 1500 16424 - Broken pipe from ('127.0.0.1', 63078)
INFO 2025-09-28 20:12:09,179 basehttp 1500 9276 "POST /bookmarks/add/3/GMA/ HTTP/1.1" 200 45814
INFO 2025-09-28 20:12:16,905 basehttp 1500 9276 "GET /bookmarks/add/3/GMA/ HTTP/1.1" 200 45390
INFO 2025-09-28 20:12:19,926 basehttp 1500 9276 "GET /manager/bookmarks/ HTTP/1.1" 200 62060
INFO 2025-09-28 20:12:34,295 basehttp 1500 9276 "GET /assessment/view/3/ HTTP/1.1" 200 50075
INFO 2025-09-28 20:12:41,209 basehttp 1500 9276 "GET /bookmarks/add/3/Assessment/ HTTP/1.1" 302 0
INFO 2025-09-28 20:12:41,416 basehttp 1500 9276 "GET /manager/patient/ HTTP/1.1" 200 60627
INFO 2025-09-28 20:13:06,737 basehttp 1500 9276 "GET /manager/patient/ HTTP/1.1" 200 60313
INFO 2025-09-28 20:13:08,869 basehttp 1500 9276 "GET /manager/patient/ HTTP/1.1" 200 60313
INFO 2025-09-28 20:13:12,446 basehttp 1500 9276 "GET /manager/bookmarks/ HTTP/1.1" 200 62060
INFO 2025-09-28 20:13:20,241 basehttp 1500 9276 "GET /bookmarks/view/4/ HTTP/1.1" 200 41908
INFO 2025-09-28 20:13:26,305 basehttp 1500 9276 "GET /bookmarks/edit/4/ HTTP/1.1" 200 45310
INFO 2025-09-28 20:13:53,671 basehttp 1500 9276 "POST /bookmarks/edit/4/ HTTP/1.1" 302 0
INFO 2025-09-28 20:13:53,795 basehttp 1500 9276 "GET /bookmarks/view/4/ HTTP/1.1" 200 42647
INFO 2025-09-28 20:14:00,033 basehttp 1500 9276 "GET /manager/bookmarks/ HTTP/1.1" 200 62265
INFO 2025-09-28 20:14:08,981 basehttp 1500 9276 "GET /manager/assessment/ HTTP/1.1" 200 59376
INFO 2025-09-28 20:14:19,261 basehttp 1500 9276 "GET /assessment/view/3/ HTTP/1.1" 200 50075
INFO 2025-09-28 20:14:54,431 basehttp 1500 9276 "GET /manager/assessment/ HTTP/1.1" 200 59376
INFO 2025-09-28 20:14:56,583 basehttp 1500 9276 "GET /manager/assessment/ HTTP/1.1" 200 59376
INFO 2025-09-28 20:14:57,553 basehttp 1500 9276 "GET /manager/assessment/ HTTP/1.1" 200 59376
INFO 2025-09-28 20:15:01,507 basehttp 1500 9276 "GET /assessment/view/3/ HTTP/1.1" 200 50075
INFO 2025-09-28 20:59:36,359 basehttp 1500 16732 "GET /manager/assessment/ HTTP/1.1" 200 59376
INFO 2025-09-28 20:59:47,661 basehttp 1500 16732 "GET /manager/assessment/recent HTTP/1.1" 200 43912
INFO 2025-09-28 20:59:50,865 basehttp 1500 16732 "GET /manager/assessment/normal HTTP/1.1" 200 55152
INFO 2025-09-28 20:59:54,817 basehttp 1500 16732 "GET /manager/assessment/abnormal HTTP/1.1" 200 50392
INFO 2025-09-28 20:59:59,663 basehttp 1500 16732 "GET /manager/assessment/informed HTTP/1.1" 200 50380
INFO 2025-09-28 21:00:02,397 basehttp 1500 16732 "GET /manager/assessment/not-informed HTTP/1.1" 200 55155
INFO 2025-09-28 21:04:15,912 basehttp 1500 16732 "GET /manager/assessment/not-informed?search=254 HTTP/1.1" 200 44199
INFO 2025-09-28 21:04:18,362 basehttp 1500 16732 "GET /manager/assessment/not-informed?search= HTTP/1.1" 200 55155
INFO 2025-09-28 21:04:21,306 basehttp 1500 16732 "GET /manager/assessment/ HTTP/1.1" 200 59376
INFO 2025-09-28 21:05:41,804 basehttp 1500 16732 "GET /manager/assessment/ HTTP/1.1" 200 59341
INFO 2025-09-28 21:05:41,848 basehttp 1500 16732 "GET /static/js/manager.js HTTP/1.1" 304 0
INFO 2025-09-28 21:07:00,996 basehttp 1500 16732 "GET /manager/assessment/ HTTP/1.1" 200 58822
INFO 2025-09-28 21:07:18,924 basehttp 1500 16732 "GET /manager/assessment/ HTTP/1.1" 200 58701
ERROR 2025-09-28 21:07:50,779 log 1500 16732 Internal Server Error: /manager/assessment/
Traceback (most recent call last):
  File "D:\Projects\Current Projects\NDAS - Project\NDAS\venv\Lib\site-packages\django\template\base.py", line 505, in parse
    compile_func = self.tags[command]
                   ~~~~~~~~~^^^^^^^^^
KeyError: 'endif'

During handling of the above exception, another exception occurred:

Traceback (most recent call last):
  File "D:\Projects\Current Projects\NDAS - Project\NDAS\venv\Lib\site-packages\django\core\handlers\exception.py", line 55, in inner
    response = get_response(request)
  File "D:\Projects\Current Projects\NDAS - Project\NDAS\venv\Lib\site-packages\django\core\handlers\base.py", line 197, in _get_response
    response = wrapped_callback(request, *callback_args, **callback_kwargs)
  File "D:\Projects\Current Projects\NDAS - Project\NDAS\venv\Lib\site-packages\django\contrib\auth\decorators.py", line 23, in _wrapped_view
    return view_func(request, *args, **kwargs)
  File "D:\Projects\Current Projects\NDAS - Project\NDAS\patients\views.py", line 1301, in assessment_manager
    return render(request, "assessment/manager.html", context)
  File "D:\Projects\Current Projects\NDAS - Project\NDAS\venv\Lib\site-packages\django\shortcuts.py", line 24, in render
    content = loader.render_to_string(template_name, context, request, using=using)
  File "D:\Projects\Current Projects\NDAS - Project\NDAS\venv\Lib\site-packages\django\template\loader.py", line 61, in render_to_string
    template = get_template(template_name, using=using)
  File "D:\Projects\Current Projects\NDAS - Project\NDAS\venv\Lib\site-packages\django\template\loader.py", line 15, in get_template
    return engine.get_template(template_name)
           ~~~~~~~~~~~~~~~~~~~^^^^^^^^^^^^^^^
  File "D:\Projects\Current Projects\NDAS - Project\NDAS\venv\Lib\site-packages\django\template\backends\django.py", line 34, in get_template
    return Template(self.engine.get_template(template_name), self)
                    ~~~~~~~~~~~~~~~~~~~~~~~~^^^^^^^^^^^^^^^
  File "D:\Projects\Current Projects\NDAS - Project\NDAS\venv\Lib\site-packages\django\template\engine.py", line 175, in get_template
    template, origin = self.find_template(template_name)
                       ~~~~~~~~~~~~~~~~~~^^^^^^^^^^^^^^^
  File "D:\Projects\Current Projects\NDAS - Project\NDAS\venv\Lib\site-packages\django\template\engine.py", line 157, in find_template
    template = loader.get_template(name, skip=skip)
  File "D:\Projects\Current Projects\NDAS - Project\NDAS\venv\Lib\site-packages\django\template\loaders\cached.py", line 57, in get_template
    template = super().get_template(template_name, skip)
  File "D:\Projects\Current Projects\NDAS - Project\NDAS\venv\Lib\site-packages\django\template\loaders\base.py", line 28, in get_template
    return Template(
        contents,
    ...<2 lines>...
        self.engine,
    )
  File "D:\Projects\Current Projects\NDAS - Project\NDAS\venv\Lib\site-packages\django\template\base.py", line 154, in __init__
    self.nodelist = self.compile_nodelist()
                    ~~~~~~~~~~~~~~~~~~~~~^^
  File "D:\Projects\Current Projects\NDAS - Project\NDAS\venv\Lib\site-packages\django\template\base.py", line 200, in compile_nodelist
    return parser.parse()
           ~~~~~~~~~~~~^^
  File "D:\Projects\Current Projects\NDAS - Project\NDAS\venv\Lib\site-packages\django\template\base.py", line 513, in parse
    raise self.error(token, e)
  File "D:\Projects\Current Projects\NDAS - Project\NDAS\venv\Lib\site-packages\django\template\base.py", line 511, in parse
    compiled_result = compile_func(self, token)
  File "D:\Projects\Current Projects\NDAS - Project\NDAS\venv\Lib\site-packages\django\template\loader_tags.py", line 293, in do_extends
    nodelist = parser.parse()
  File "D:\Projects\Current Projects\NDAS - Project\NDAS\venv\Lib\site-packages\django\template\base.py", line 513, in parse
    raise self.error(token, e)
  File "D:\Projects\Current Projects\NDAS - Project\NDAS\venv\Lib\site-packages\django\template\base.py", line 511, in parse
    compiled_result = compile_func(self, token)
  File "D:\Projects\Current Projects\NDAS - Project\NDAS\venv\Lib\site-packages\django\template\loader_tags.py", line 232, in do_block
    nodelist = parser.parse(("endblock",))
  File "D:\Projects\Current Projects\NDAS - Project\NDAS\venv\Lib\site-packages\django\template\base.py", line 507, in parse
    self.invalid_block_tag(token, command, parse_until)
    ~~~~~~~~~~~~~~~~~~~~~~^^^^^^^^^^^^^^^^^^^^^^^^^^^^^
  File "D:\Projects\Current Projects\NDAS - Project\NDAS\venv\Lib\site-packages\django\template\base.py", line 558, in invalid_block_tag
    raise self.error(
    ...<8 lines>...
    )
django.template.exceptions.TemplateSyntaxError: Invalid block tag on line 12: 'endif', expected 'endblock'. Did you forget to register or load this tag?
ERROR 2025-09-28 21:07:50,794 basehttp 1500 16732 "GET /manager/assessment/ HTTP/1.1" 500 266572
INFO 2025-09-28 21:08:01,454 basehttp 1500 16732 "GET /manager/assessment/ HTTP/1.1" 200 58701
INFO 2025-09-28 21:09:26,212 basehttp 1500 16732 "GET /manager/assessment/ HTTP/1.1" 200 58857
INFO 2025-09-28 21:09:26,250 basehttp 1500 16732 "GET /static/css/custom_css.css HTTP/1.1" 304 0
INFO 2025-09-28 21:09:28,559 basehttp 1500 16732 "GET /bookmarks/view/4/ HTTP/1.1" 200 42312
INFO 2025-09-28 21:09:50,363 basehttp 1500 16732 "GET /manager/assessment/ HTTP/1.1" 200 58857
INFO 2025-09-28 21:10:15,148 basehttp 1500 16732 "GET /manager/assessment/abnormal HTTP/1.1" 200 50093
INFO 2025-09-28 21:10:20,640 basehttp 1500 16732 "GET /hine/manager/ HTTP/1.1" 200 48209
INFO 2025-09-28 21:10:20,686 basehttp 1500 16732 "GET /static/css/social.css HTTP/1.1" 304 0
INFO 2025-09-28 21:10:22,041 basehttp 1500 16732 "GET /manager/assessment/ HTTP/1.1" 200 58857
INFO 2025-09-28 21:10:32,358 basehttp 1500 16732 "GET /video/manager/ HTTP/1.1" 200 59375
INFO 2025-09-28 21:10:38,827 basehttp 1500 16732 "GET /assessment/add/2/6/ HTTP/1.1" 200 62604
INFO 2025-09-28 21:11:08,206 basehttp 1500 16732 "GET /assessment/add/2/6/ HTTP/1.1" 200 61854
INFO 2025-09-28 21:11:08,235 basehttp 1500 16732 "GET /static/css/ndas-sidebar.css HTTP/1.1" 304 0
INFO 2025-09-28 21:12:18,391 basehttp 1500 16732 "POST /assessment/add/2/6/ HTTP/1.1" 200 117
INFO 2025-09-28 21:12:20,174 basehttp 1500 16732 "GET /assessment/view/4/ HTTP/1.1" 200 51305
INFO 2025-09-28 21:15:12,345 basehttp 1500 16732 "GET /assessment/view/4/ HTTP/1.1" 200 51201
INFO 2025-09-28 21:16:18,868 basehttp 1500 19092 "GET /assessment/view/4/ HTTP/1.1" 200 51202
INFO 2025-09-28 21:17:50,633 basehttp 1500 19092 "GET /assessment/view/4/ HTTP/1.1" 200 51254
INFO 2025-09-28 21:19:44,668 basehttp 1500 19092 "GET /assessment/view/4/ HTTP/1.1" 200 50779
INFO 2025-09-28 21:21:54,635 basehttp 1500 19092 "GET /assessment/view/4/ HTTP/1.1" 200 50517
INFO 2025-09-28 21:22:49,010 basehttp 1500 19092 "GET /assessment/view/4/ HTTP/1.1" 200 50872
INFO 2025-09-28 21:23:06,898 basehttp 1500 19092 "GET /assessment/view/4/ HTTP/1.1" 200 50394
INFO 2025-09-28 21:25:47,978 basehttp 1500 19092 "GET /assessment/view/4/ HTTP/1.1" 200 50349
INFO 2025-09-28 21:27:55,389 basehttp 1500 19092 "GET /assessment/view/4/ HTTP/1.1" 200 50544
INFO 2025-09-28 21:28:45,260 basehttp 1500 19092 "GET /assessment/view/4/ HTTP/1.1" 200 49752
INFO 2025-09-28 21:30:05,086 basehttp 1500 19092 "GET /assessment/view/4/ HTTP/1.1" 200 49498
INFO 2025-09-28 21:30:22,573 basehttp 1500 19092 "GET /assessment/view/4/ HTTP/1.1" 200 49491
INFO 2025-09-28 21:31:24,378 basehttp 1500 19092 "GET /assessment/view/4/ HTTP/1.1" 200 49261
INFO 2025-09-28 21:32:07,610 basehttp 1500 19092 "GET /assessment/view/4/ HTTP/1.1" 200 49194
INFO 2025-09-28 21:32:20,699 basehttp 1500 19092 "GET /assessment/view/4/ HTTP/1.1" 200 49344
INFO 2025-09-28 21:34:02,163 basehttp 1500 19092 "GET /assessment/view/4/ HTTP/1.1" 200 49194
INFO 2025-09-28 21:34:46,356 basehttp 1500 19092 "GET /assessment/view/4/ HTTP/1.1" 200 48758
INFO 2025-09-28 21:36:36,523 basehttp 1500 19092 "GET /assessment/view/4/ HTTP/1.1" 200 48810
INFO 2025-09-28 21:37:08,550 basehttp 1500 19092 "GET /assessment/view/4/ HTTP/1.1" 200 48840
INFO 2025-09-28 21:37:49,959 basehttp 1500 19092 "GET /assessment/view/4/ HTTP/1.1" 200 48783
INFO 2025-09-28 21:39:43,731 basehttp 1500 19092 "GET /assessment/view/4/ HTTP/1.1" 200 48038
INFO 2025-09-28 21:40:53,452 basehttp 1500 19092 "GET /assessment/view/4/ HTTP/1.1" 200 47379
INFO 2025-09-28 21:41:31,191 basehttp 1500 19092 "GET /assessment/view/4/ HTTP/1.1" 200 45781
INFO 2025-09-28 21:41:33,328 basehttp 1500 19092 "GET /assessment/view/4/ HTTP/1.1" 200 45781
INFO 2025-09-28 21:41:37,440 basehttp 1500 19092 "GET /assessment/view/4/ HTTP/1.1" 200 45781
INFO 2025-09-28 21:42:42,808 basehttp 1500 19092 "GET /assessment/view/4/ HTTP/1.1" 200 45639
INFO 2025-09-28 21:44:32,120 basehttp 1500 19092 "GET /assessment/view/4/ HTTP/1.1" 200 46288
INFO 2025-09-28 21:45:47,033 basehttp 1500 19092 "GET /assessment/view/4/ HTTP/1.1" 200 46285
INFO 2025-09-28 21:47:27,246 basehttp 1500 9424 "GET /assessment/view/4/ HTTP/1.1" 200 46052
INFO 2025-09-28 21:51:08,983 basehttp 1500 9424 "GET /assessment/view/4/ HTTP/1.1" 200 46520
INFO 2025-09-28 21:51:19,507 basehttp 1500 9424 "GET /bookmarks/add/4/Assessment/ HTTP/1.1" 302 0
INFO 2025-09-28 21:51:19,711 basehttp 1500 9424 "GET /manager/patient/ HTTP/1.1" 200 60621
INFO 2025-09-28 21:54:00,263 basehttp 1500 9424 "GET /assessment/view/4/ HTTP/1.1" 200 46524
INFO 2025-09-28 21:54:01,313 basehttp 1500 9424 "GET /assessment/view/4/ HTTP/1.1" 200 46524
INFO 2025-09-28 21:54:02,912 basehttp 1500 9424 "GET /assessment/view/4/ HTTP/1.1" 200 46524
INFO 2025-09-28 21:54:03,853 basehttp 1500 9424 "GET /assessment/view/4/ HTTP/1.1" 200 46524
INFO 2025-09-28 21:54:04,736 basehttp 1500 9424 "GET /assessment/view/4/ HTTP/1.1" 200 46524
INFO 2025-09-28 21:54:10,028 basehttp 1500 9424 "GET /bookmarks/add/4/Assessment/ HTTP/1.1" 302 0
INFO 2025-09-28 21:54:10,266 basehttp 1500 9424 "GET /manager/patient/ HTTP/1.1" 200 60621
INFO 2025-09-28 21:54:21,639 basehttp 1500 9424 "GET /assessment/view/4/ HTTP/1.1" 200 46524
INFO 2025-09-28 21:54:23,198 basehttp 1500 9424 "GET /assessment/view/4/ HTTP/1.1" 200 46524
INFO 2025-09-28 21:54:24,952 basehttp 1500 9424 "GET /bookmarks/add/4/Assessment/ HTTP/1.1" 302 0
INFO 2025-09-28 21:54:25,157 basehttp 1500 9424 "GET /manager/patient/ HTTP/1.1" 200 60621
INFO 2025-09-28 21:54:37,526 basehttp 1500 9424 "GET /manager/bookmarks/ HTTP/1.1" 200 62265
INFO 2025-09-28 21:55:32,979 basehttp 1500 9424 "GET /manager/bookmarks/ HTTP/1.1" 200 62265
INFO 2025-09-28 21:55:40,523 basehttp 1500 9424 "GET /assessment/view/4/ HTTP/1.1" 200 46524
INFO 2025-09-28 21:55:55,390 basehttp 1500 9424 "GET /manager/assessment/ HTTP/1.1" 200 63280
INFO 2025-09-28 21:56:00,087 basehttp 1500 9424 "GET /manager/assessment/patient/2/ HTTP/1.1" 200 49748
INFO 2025-09-28 21:56:13,896 basehttp 1500 9424 "GET /video/view/6/ HTTP/1.1" 200 49598
INFO 2025-09-28 21:56:16,511 basehttp 1500 9424 - Broken pipe from ('127.0.0.1', 60752)
INFO 2025-09-28 21:56:19,779 basehttp 1500 19096 "GET /assessment/edit/4/ HTTP/1.1" 200 56363
INFO 2025-09-28 21:58:46,511 basehttp 1500 19096 "GET /assessment/view/4/ HTTP/1.1" 200 46524
INFO 2025-09-28 21:58:48,668 basehttp 1500 19096 "GET /assessment/view/4/ HTTP/1.1" 200 48911
INFO 2025-09-28 21:58:50,506 basehttp 1500 19096 "GET /assessment/view/4/ HTTP/1.1" 200 48911
INFO 2025-09-28 21:58:52,637 basehttp 1500 19096 "GET /assessment/view/4/ HTTP/1.1" 200 48911
INFO 2025-09-28 21:58:54,255 basehttp 1500 19096 "GET /assessment/view/4/ HTTP/1.1" 200 48911
INFO 2025-09-28 21:58:57,102 basehttp 1500 19096 "GET /assessment/view/4/ HTTP/1.1" 200 48911
INFO 2025-09-28 21:59:07,448 basehttp 1500 19096 "GET /assessment/view/4/ HTTP/1.1" 200 46457
INFO 2025-09-28 21:59:08,854 basehttp 1500 19096 "GET /assessment/view/4/ HTTP/1.1" 200 46457
INFO 2025-09-28 21:59:17,886 basehttp 1500 19096 "GET /assessment/view/4/ HTTP/1.1" 200 46457
INFO 2025-09-28 21:59:18,993 basehttp 1500 19096 "GET /assessment/view/4/ HTTP/1.1" 200 46457
INFO 2025-09-28 21:59:19,670 basehttp 1500 19096 "GET /assessment/view/4/ HTTP/1.1" 200 46457
INFO 2025-09-28 21:59:19,902 basehttp 1500 19096 "GET /assessment/view/4/ HTTP/1.1" 200 46457
INFO 2025-09-28 21:59:23,030 basehttp 1500 19096 "GET /bookmarks/add/4/Assessment/ HTTP/1.1" 302 0
INFO 2025-09-28 21:59:23,227 basehttp 1500 19096 "GET /manager/patient/ HTTP/1.1" 200 60621
INFO 2025-09-28 22:00:21,713 basehttp 1500 19096 "GET /assessment/view/4/ HTTP/1.1" 200 46448
INFO 2025-09-28 22:03:21,535 basehttp 1500 19096 "GET /assessment/view/4/ HTTP/1.1" 200 46441
INFO 2025-09-28 22:03:23,218 basehttp 1500 19096 "GET /bookmarks/add/4/GMA/ HTTP/1.1" 200 45390
INFO 2025-09-28 22:03:31,902 basehttp 1500 19096 "POST /bookmarks/add/4/GMA/ HTTP/1.1" 302 0
INFO 2025-09-28 22:03:32,083 basehttp 1500 19096 "GET /bookmarks/view/5/ HTTP/1.1" 200 42231
INFO 2025-09-28 22:03:44,224 basehttp 1500 19096 "GET /assessment/view/4/ HTTP/1.1" 200 46441
INFO 2025-09-28 22:04:51,202 basehttp 1500 19096 "GET /assessment/view/4/ HTTP/1.1" 200 46441
INFO 2025-09-28 22:05:15,992 basehttp 1500 19096 "GET /assessment/edit/4/ HTTP/1.1" 200 56363
INFO 2025-09-28 22:05:29,999 basehttp 1500 19096 "GET /assessment/delete/confirm/4/ HTTP/1.1" 200 39325
INFO 2025-09-28 22:05:45,842 basehttp 1500 19096 "POST /assessment/delete/4/ HTTP/1.1" 302 0
INFO 2025-09-28 22:05:46,031 basehttp 1500 19096 "GET /manager/assessment/patient/2/ HTTP/1.1" 200 43900
INFO 2025-09-28 22:06:00,613 basehttp 1500 19096 "GET /manager/assessment/ HTTP/1.1" 200 58857
INFO 2025-09-28 22:06:09,488 basehttp 1500 19096 "GET /assessment/view/3/ HTTP/1.1" 200 46370
INFO 2025-09-28 22:06:12,030 basehttp 1500 19096 "GET /bookmarks/add/3/GMA/ HTTP/1.1" 200 45390
INFO 2025-09-28 22:08:52,534 autoreload 1500 20328 D:\Projects\Current Projects\NDAS - Project\NDAS\patients\views.py changed, reloading.
INFO 2025-09-28 22:08:55,581 autoreload 18028 4304 Watching for file changes with StatReloader
INFO 2025-09-28 22:09:14,150 basehttp 18028 6704 "GET /assessment/view/3/ HTTP/1.1" 302 0
INFO 2025-09-28 22:09:14,178 basehttp 18028 6704 "GET /users/login/?next=/assessment/view/3/ HTTP/1.1" 200 15725
INFO 2025-09-28 22:09:14,205 basehttp 18028 6704 "GET /static/css/login.css HTTP/1.1" 304 0
INFO 2025-09-28 22:09:14,206 basehttp 18028 13728 "GET /static/js/login.js HTTP/1.1" 304 0
INFO 2025-09-28 22:09:16,673 basehttp 18028 13728 "POST /users/login/ HTTP/1.1" 302 0
INFO 2025-09-28 22:09:16,912 basehttp 18028 13728 "GET / HTTP/1.1" 200 51069
INFO 2025-09-28 22:09:22,982 basehttp 18028 13728 "GET /manager/assessment/ HTTP/1.1" 200 58857
INFO 2025-09-28 22:09:26,647 basehttp 18028 13728 "GET /assessment/view/3/ HTTP/1.1" 200 46374
INFO 2025-09-28 22:09:29,880 basehttp 18028 13728 "GET /bookmarks/view/4/ HTTP/1.1" 200 42312
INFO 2025-09-28 22:09:37,199 basehttp 18028 13728 "GET /assessment/view/2/ HTTP/1.1" 200 46446
INFO 2025-09-28 22:09:39,571 basehttp 18028 13728 "GET /bookmarks/add/2/GMA/ HTTP/1.1" 200 45390
INFO 2025-09-28 22:09:43,330 basehttp 18028 13728 "GET /patient/add/ HTTP/1.1" 200 68272
INFO 2025-09-28 22:10:15,558 basehttp 18028 13728 "GET /manager/assessment/ HTTP/1.1" 200 58857
INFO 2025-09-28 22:10:20,724 basehttp 18028 13728 "GET /manager/assessment/informed HTTP/1.1" 200 50081
INFO 2025-09-28 22:10:23,925 basehttp 18028 13728 "GET /manager/assessment/ HTTP/1.1" 200 58857
INFO 2025-09-28 22:10:31,204 basehttp 18028 13728 "GET /hine/manager/ HTTP/1.1" 200 48209
INFO 2025-09-28 22:10:35,844 basehttp 18028 13728 "GET /da/manager/ HTTP/1.1" 200 41649
INFO 2025-09-28 22:10:37,773 basehttp 18028 13728 "GET /cdic/manager/ HTTP/1.1" 200 42230
INFO 2025-09-28 22:10:53,811 basehttp 18028 13728 "GET /users/admin/dashboard/ HTTP/1.1" 200 50044
INFO 2025-09-28 22:11:03,286 basehttp 18028 13728 "GET /users/admin/users/ HTTP/1.1" 200 49560
INFO 2025-09-28 22:11:27,675 basehttp 18028 13728 "GET /users/admin/users/?search=&position=&is_active=&is_staff= HTTP/1.1" 200 49561
INFO 2025-09-28 22:11:28,928 basehttp 18028 13728 "GET /users/admin/users/ HTTP/1.1" 200 49561
INFO 2025-09-28 22:11:31,887 basehttp 18028 13728 "GET /users/admin/users/add/ HTTP/1.1" 200 50555
INFO 2025-09-28 22:12:13,967 basehttp 18028 13728 "GET /users/admin/activity-logs/ HTTP/1.1" 200 215276
INFO 2025-09-28 22:12:29,522 basehttp 18028 13728 "GET /users/admin/dashboard/ HTTP/1.1" 200 50045
INFO 2025-09-28 22:12:32,150 basehttp 18028 13728 "GET /users/admin/users/ HTTP/1.1" 200 49561
INFO 2025-09-28 22:12:49,959 basehttp 18028 13728 "GET /attachment/manager/ HTTP/1.1" 200 48876
INFO 2025-09-28 22:12:52,981 basehttp 18028 13728 "GET /attachment/view/3/ HTTP/1.1" 200 60864
INFO 2025-09-28 22:12:53,643 basehttp 18028 13728 "GET /media/attachments/wqefqwef_video_Rasika__Administrator_2025-08-28_145513.5394690530.mp4 HTTP/1.1" 200 34974399
INFO 2025-09-28 22:13:01,060 basehttp 18028 13728 "GET /attachment/view/1/ HTTP/1.1" 200 61141
INFO 2025-09-28 22:13:57,164 basehttp 18028 13728 "GET /manager/assessment/ HTTP/1.1" 200 58857
INFO 2025-09-28 22:13:59,700 basehttp 18028 13728 "GET /assessment/view/3/ HTTP/1.1" 200 46374
INFO 2025-09-29 20:52:45,562 autoreload 12720 14868 Watching for file changes with StatReloader
WARNING 2025-09-29 20:54:25,262 log 12720 15480 Not Found: /loan/view/settle-pending/
WARNING 2025-09-29 20:54:25,271 log 12720 16692 Not Found: /user/route/routenames/
WARNING 2025-09-29 20:54:25,276 log 12720 17232 Not Found: /dashboard/
WARNING 2025-09-29 20:54:25,281 log 12720 16900 Not Found: /dashboard/
WARNING 2025-09-29 20:54:25,288 log 12720 8012 Not Found: /home/ALL/ALL/
WARNING 2025-09-29 20:54:25,294 log 12720 7748 Not Found: /loan/view/settle-rejected/
WARNING 2025-09-29 20:54:25,295 basehttp 12720 15480 "OPTIONS /loan/view/settle-pending/ HTTP/1.1" 404 16973
WARNING 2025-09-29 20:54:25,295 basehttp 12720 16692 "OPTIONS /user/route/routenames/ HTTP/1.1" 404 16964
WARNING 2025-09-29 20:54:25,296 basehttp 12720 16900 "OPTIONS /dashboard/ HTTP/1.1" 404 16928
WARNING 2025-09-29 20:54:25,296 basehttp 12720 8012 "OPTIONS /home/ALL/ALL/ HTTP/1.1" 404 16937
WARNING 2025-09-29 20:54:25,296 basehttp 12720 17232 "OPTIONS /dashboard/?include_details=true HTTP/1.1" 404 16949
WARNING 2025-09-29 20:54:25,297 basehttp 12720 7748 "OPTIONS /loan/view/settle-rejected/ HTTP/1.1" 404 16976
WARNING 2025-09-29 20:54:25,311 log 12720 15480 Not Found: /home/ALL/ALL/
WARNING 2025-09-29 20:54:25,342 basehttp 12720 15480 "OPTIONS /home/ALL/ALL/ HTTP/1.1" 404 16937
INFO 2025-10-04 21:22:27,054 autoreload 13740 17344 Watching for file changes with StatReloader
WARNING 2025-10-04 21:40:20,634 log 13740 10900 Bad Request: /
WARNING 2025-10-04 21:40:20,647 basehttp 13740 10900 "GET / HTTP/1.1" 400 143
WARNING 2025-10-04 21:40:20,791 log 13740 1240 Bad Request: /favicon.ico
WARNING 2025-10-04 21:40:20,792 basehttp 13740 1240 "GET /favicon.ico HTTP/1.1" 400 143
WARNING 2025-10-04 21:53:54,947 log 13740 2724 Bad Request: /
WARNING 2025-10-04 21:53:54,949 basehttp 13740 2724 "GET / HTTP/1.1" 400 143
WARNING 2025-10-04 21:53:55,054 log 13740 8816 Bad Request: /favicon.ico
WARNING 2025-10-04 21:53:55,055 basehttp 13740 8816 "GET /favicon.ico HTTP/1.1" 400 143
WARNING 2025-10-04 21:53:56,880 log 13740 20180 Bad Request: /
WARNING 2025-10-04 21:53:56,881 basehttp 13740 20180 "GET / HTTP/1.1" 400 143
WARNING 2025-10-04 21:53:56,917 log 13740 13920 Bad Request: /favicon.ico
WARNING 2025-10-04 21:53:56,918 basehttp 13740 13920 "GET /favicon.ico HTTP/1.1" 400 143
WARNING 2025-10-04 21:53:57,861 log 13740 10500 Bad Request: /
WARNING 2025-10-04 21:53:57,862 basehttp 13740 10500 "GET / HTTP/1.1" 400 143
WARNING 2025-10-04 21:53:57,896 log 13740 15312 Bad Request: /favicon.ico
WARNING 2025-10-04 21:53:57,896 basehttp 13740 15312 "GET /favicon.ico HTTP/1.1" 400 143
INFO 2025-10-04 21:54:49,219 autoreload 21560 20032 Watching for file changes with StatReloader
INFO 2025-10-04 21:54:54,726 basehttp 21560 22364 "GET / HTTP/1.1" 302 0
INFO 2025-10-04 21:54:54,875 basehttp 21560 22364 "GET /users/login/?next=/ HTTP/1.1" 200 17776
INFO 2025-10-04 21:54:57,062 basehttp 21560 21328 "GET /static/css/custom_css.css HTTP/1.1" 304 0
INFO 2025-10-04 21:54:57,065 basehttp 21560 16572 "GET /static/css/social.css HTTP/1.1" 304 0
INFO 2025-10-04 21:54:57,141 basehttp 21560 22364 "GET /static/css/ndas-sidebar.css HTTP/1.1" 304 0
INFO 2025-10-04 21:54:57,155 basehttp 21560 22364 "GET /static/js/main.js HTTP/1.1" 304 0
INFO 2025-10-04 21:54:57,161 basehttp 21560 22364 "GET /static/js/zoomrotate.js HTTP/1.1" 304 0
INFO 2025-10-04 21:54:57,166 basehttp 21560 22364 "GET /static/js/rotate.js HTTP/1.1" 304 0
INFO 2025-10-04 21:54:57,248 basehttp 21560 7768 "GET /static/css/login.css HTTP/1.1" 304 0
INFO 2025-10-04 21:54:57,249 basehttp 21560 19776 "GET /static/js/login.js HTTP/1.1" 304 0
INFO 2025-10-04 21:54:57,263 basehttp 21560 15816 "GET /static/js/videojs-failsafe.js HTTP/1.1" 304 0
INFO 2025-10-04 21:54:57,274 basehttp 21560 21328 "GET /static/js/debug.js HTTP/1.1" 304 0
INFO 2025-10-04 21:54:57,408 basehttp 21560 16572 "GET /static/js/utils.js HTTP/1.1" 304 0
WARNING 2025-10-04 21:55:01,435 log 21560 16572 Not Found: /favicon.ico
WARNING 2025-10-04 21:55:01,436 basehttp 21560 16572 "GET /favicon.ico HTTP/1.1" 404 17067
INFO 2025-10-04 21:55:51,176 basehttp 21560 19704 "POST /users/login/ HTTP/1.1" 302 0
INFO 2025-10-04 21:55:51,755 basehttp 21560 19704 "GET / HTTP/1.1" 200 53120
INFO 2025-10-04 22:11:23,110 basehttp 21560 3952 "GET /manager/patient/ HTTP/1.1" 200 62364
INFO 2025-10-04 22:11:23,258 basehttp 21560 3952 "GET /static/js/manager.js HTTP/1.1" 304 0
INFO 2025-10-04 22:11:31,274 basehttp 21560 3952 "GET /patient/add/ HTTP/1.1" 200 70323
INFO 2025-10-07 14:34:35,048 autoreload 21264 20048 Watching for file changes with StatReloader
INFO 2025-10-07 14:35:51,640 basehttp 21264 17764 "GET / HTTP/1.1" 302 0
INFO 2025-10-07 14:35:52,105 basehttp 21264 17764 "GET /users/login/?next=/ HTTP/1.1" 200 17776
INFO 2025-10-07 14:35:52,290 basehttp 21264 17764 "GET /static/css/social.css HTTP/1.1" 304 0
INFO 2025-10-07 14:35:52,295 basehttp 21264 21416 "GET /static/css/ndas-sidebar.css HTTP/1.1" 304 0
INFO 2025-10-07 14:35:52,295 basehttp 21264 18648 "GET /static/css/login.css HTTP/1.1" 304 0
INFO 2025-10-07 14:35:52,295 basehttp 21264 18880 "GET /static/css/custom_css.css HTTP/1.1" 304 0
INFO 2025-10-07 14:35:52,341 basehttp 21264 18376 "GET /static/js/login.js HTTP/1.1" 304 0
WARNING 2025-10-07 14:35:53,181 log 21264 18376 Not Found: /favicon.ico
WARNING 2025-10-07 14:35:53,181 basehttp 21264 18376 "GET /favicon.ico HTTP/1.1" 404 17067
INFO 2025-10-07 14:35:54,903 basehttp 21264 18376 "POST /users/login/ HTTP/1.1" 302 0
INFO 2025-10-07 14:35:55,520 basehttp 21264 18376 "GET / HTTP/1.1" 200 53105
INFO 2025-10-07 14:35:58,810 basehttp 21264 18376 "GET /patient/add/ HTTP/1.1" 200 70323
INFO 2025-10-07 14:41:35,232 autoreload 19800 19928 Watching for file changes with StatReloader
INFO 2025-10-07 14:44:21,591 basehttp 19800 17656 "GET / HTTP/1.1" 302 0
INFO 2025-10-07 14:44:21,735 basehttp 19800 17656 "GET /users/login/?next=/ HTTP/1.1" 200 17776
INFO 2025-10-07 14:44:52,343 basehttp 19800 2144 "GET /users/login/?next=/ HTTP/1.1" 200 17776
INFO 2025-10-07 14:44:54,127 basehttp 19800 2144 "GET /users/login/?next=/ HTTP/1.1" 200 17776
INFO 2025-10-07 14:44:54,903 basehttp 19800 2144 "GET /users/login/?next=/ HTTP/1.1" 200 17776
INFO 2025-10-07 14:46:43,356 autoreload 11052 4428 Watching for file changes with StatReloader
INFO 2025-10-07 14:46:48,022 basehttp 11052 11892 "GET / HTTP/1.1" 302 0
INFO 2025-10-07 14:46:48,040 basehttp 11052 11892 "GET /users/login/?next=/ HTTP/1.1" 200 17776
WARNING 2025-10-07 14:46:48,751 log 11052 11892 Not Found: /favicon.ico
WARNING 2025-10-07 14:46:48,754 basehttp 11052 11892 "GET /favicon.ico HTTP/1.1" 404 17067
INFO 2025-10-07 14:46:53,842 basehttp 11052 11892 "POST /users/login/ HTTP/1.1" 302 0
INFO 2025-10-07 14:46:54,886 basehttp 11052 11892 "GET / HTTP/1.1" 200 53105
INFO 2025-10-07 14:47:25,058 basehttp 11052 12496 "GET /patient/add/ HTTP/1.1" 200 70323
INFO 2025-10-07 14:49:43,823 basehttp 11052 12496 "POST /patient/add/ HTTP/1.1" 302 0
INFO 2025-10-07 14:49:44,017 basehttp 11052 12496 "GET /patient/view/6/ HTTP/1.1" 200 106955
WARNING 2025-10-07 14:54:26,332 log 11052 17316 Not Found: /favicon.ico
WARNING 2025-10-07 14:54:26,337 basehttp 11052 17316 "GET /favicon.ico HTTP/1.1" 404 17067
INFO 2025-10-07 14:59:50,017 basehttp 11052 20492 "GET /patient/add/ HTTP/1.1" 200 70323
INFO 2025-10-07 15:03:50,061 autoreload 11052 4428 D:\Projects\Current Projects\NDAS - Project\NDAS\patients\views.py changed, reloading.
INFO 2025-10-07 15:04:31,478 autoreload 1084 9256 Watching for file changes with StatReloader
INFO 2025-10-07 15:04:43,906 autoreload 1084 9256 D:\Projects\Current Projects\NDAS - Project\NDAS\patients\views.py changed, reloading.
INFO 2025-10-07 15:04:50,779 autoreload 12268 8140 Watching for file changes with StatReloader
INFO 2025-10-07 15:04:58,310 autoreload 12268 8140 D:\Projects\Current Projects\NDAS - Project\NDAS\patients\views.py changed, reloading.
INFO 2025-10-07 15:05:07,159 autoreload 19572 18696 Watching for file changes with StatReloader
INFO 2025-10-07 15:06:04,645 autoreload 19572 18696 D:\Projects\Current Projects\NDAS - Project\NDAS\patients\views.py changed, reloading.
INFO 2025-10-07 15:06:09,575 autoreload 19940 1116 Watching for file changes with StatReloader
INFO 2025-10-07 15:28:33,113 basehttp 19940 10704 "GET /patient/add/ HTTP/1.1" 302 0
INFO 2025-10-07 15:28:33,928 basehttp 19940 10704 "GET /users/login/?next=/patient/add/ HTTP/1.1" 200 17776
INFO 2025-10-07 15:28:37,565 basehttp 19940 10704 "POST /users/login/ HTTP/1.1" 302 0
INFO 2025-10-07 15:28:38,963 basehttp 19940 10704 "GET / HTTP/1.1" 200 53446
INFO 2025-10-07 15:28:41,610 basehttp 19940 10704 "GET /patient/add/ HTTP/1.1" 200 75714
INFO 2025-10-07 15:29:08,218 basehttp 19940 10704 "GET /patient/add/ HTTP/1.1" 200 76389
INFO 2025-10-07 15:29:12,147 basehttp 19940 10704 "GET /patient/add/ HTTP/1.1" 200 76389
INFO 2025-10-07 15:30:00,094 basehttp 19940 10704 "GET /patient/add/ HTTP/1.1" 200 70323
INFO 2025-10-07 15:43:21,655 basehttp 19940 1152 "GET /patient/add/ HTTP/1.1" 200 75141
WARNING 2025-10-07 15:44:08,568 log 19940 1152 Not Found: /.well-known/appspecific/com.chrome.devtools.json
WARNING 2025-10-07 15:44:08,569 basehttp 19940 1152 "GET /.well-known/appspecific/com.chrome.devtools.json HTTP/1.1" 404 17178
INFO 2025-10-07 15:45:22,738 basehttp 19940 1152 "GET /patient/add/ HTTP/1.1" 200 70323
INFO 2025-10-07 16:06:22,238 autoreload 19940 1116 D:\Projects\Current Projects\NDAS - Project\NDAS\patients\forms.py changed, reloading.
INFO 2025-10-07 16:06:30,145 autoreload 14368 19616 Watching for file changes with StatReloader
INFO 2025-10-07 16:06:40,929 autoreload 14368 19616 D:\Projects\Current Projects\NDAS - Project\NDAS\patients\forms.py changed, reloading.
INFO 2025-10-07 16:06:42,620 autoreload 3172 20852 Watching for file changes with StatReloader
INFO 2025-10-07 16:07:00,418 autoreload 3172 20852 D:\Projects\Current Projects\NDAS - Project\NDAS\patients\forms.py changed, reloading.
INFO 2025-10-07 16:07:01,980 autoreload 17600 19444 Watching for file changes with StatReloader
INFO 2025-10-07 16:07:20,721 autoreload 17600 19444 D:\Projects\Current Projects\NDAS - Project\NDAS\patients\forms.py changed, reloading.
INFO 2025-10-07 16:07:22,865 autoreload 18148 14456 Watching for file changes with StatReloader
INFO 2025-10-07 16:07:37,516 autoreload 18148 14456 D:\Projects\Current Projects\NDAS - Project\NDAS\patients\forms.py changed, reloading.
INFO 2025-10-07 16:07:39,218 autoreload 13056 16984 Watching for file changes with StatReloader
INFO 2025-10-07 16:19:07,760 basehttp 13056 896 "GET /patient/add/ HTTP/1.1" 302 0
INFO 2025-10-07 16:19:07,990 basehttp 13056 896 "GET /users/login/?next=/patient/add/ HTTP/1.1" 200 17776
INFO 2025-10-07 16:19:12,499 basehttp 13056 896 "POST /users/login/ HTTP/1.1" 302 0
INFO 2025-10-07 16:19:14,436 basehttp 13056 896 "GET / HTTP/1.1" 200 53446
INFO 2025-10-07 16:19:17,825 basehttp 13056 896 "GET /patient/add/ HTTP/1.1" 200 74687
INFO 2025-10-07 16:30:22,407 autoreload 13056 16984 D:\Projects\Current Projects\NDAS - Project\NDAS\patients\forms.py changed, reloading.
INFO 2025-10-07 16:30:28,030 autoreload 19084 17304 Watching for file changes with StatReloader
INFO 2025-10-07 16:30:36,801 basehttp 19084 16968 "GET /patient/add/ HTTP/1.1" 302 0
INFO 2025-10-07 16:30:36,936 basehttp 19084 16968 "GET /users/login/?next=/patient/add/ HTTP/1.1" 200 17776
INFO 2025-10-07 16:30:39,342 basehttp 19084 16968 "POST /users/login/ HTTP/1.1" 302 0
INFO 2025-10-07 16:30:39,974 basehttp 19084 16968 "GET / HTTP/1.1" 200 53446
INFO 2025-10-07 16:30:42,191 basehttp 19084 16968 "GET /patient/add/ HTTP/1.1" 200 70323
INFO 2025-10-07 16:34:21,769 basehttp 19084 16968 "GET /patient/add/ HTTP/1.1" 200 71399
INFO 2025-10-07 16:34:23,736 basehttp 19084 16968 "GET /patient/add/ HTTP/1.1" 200 71399
INFO 2025-10-07 16:35:47,498 basehttp 19084 16968 "GET /patient/add/ HTTP/1.1" 200 76399
INFO 2025-10-07 16:35:50,033 basehttp 19084 16968 "GET /patient/add/ HTTP/1.1" 200 77037
INFO 2025-10-07 16:36:26,594 basehttp 19084 16968 "GET / HTTP/1.1" 200 53122
INFO 2025-10-07 16:36:28,854 basehttp 19084 16968 "GET /patient/add/ HTTP/1.1" 200 78133
INFO 2025-10-07 16:36:51,278 basehttp 19084 16968 "GET /patient/add/ HTTP/1.1" 200 79395
INFO 2025-10-07 16:36:53,435 basehttp 19084 16968 "GET /patient/add/ HTTP/1.1" 200 79395
INFO 2025-10-07 16:36:55,614 basehttp 19084 16968 "GET /patient/add/ HTTP/1.1" 200 79395
INFO 2025-10-07 16:37:20,645 basehttp 19084 16968 "GET /patient/add/ HTTP/1.1" 200 81957
INFO 2025-10-07 16:37:23,053 basehttp 19084 16968 "GET /patient/add/ HTTP/1.1" 200 81957
INFO 2025-10-07 16:37:41,537 basehttp 19084 16968 "GET /patient/add/ HTTP/1.1" 200 81957
INFO 2025-10-07 16:37:43,877 basehttp 19084 16968 "GET /patient/add/ HTTP/1.1" 200 81957
INFO 2025-10-07 16:38:43,344 basehttp 19084 16968 "GET /patient/add/ HTTP/1.1" 200 81957
INFO 2025-10-07 21:17:23,008 autoreload 20152 4104 Watching for file changes with StatReloader
INFO 2025-10-07 21:21:13,648 basehttp 20152 7096 "GET /patient/add/ HTTP/1.1" 302 0
INFO 2025-10-07 21:21:13,719 basehttp 20152 7096 "GET /users/login/?next=/patient/add/ HTTP/1.1" 200 17776
WARNING 2025-10-07 21:21:14,131 log 20152 7096 Not Found: /favicon.ico
WARNING 2025-10-07 21:21:14,133 basehttp 20152 7096 "GET /favicon.ico HTTP/1.1" 404 17067
INFO 2025-10-07 21:21:16,341 basehttp 20152 7096 "POST /users/login/ HTTP/1.1" 302 0
INFO 2025-10-07 21:21:16,689 basehttp 20152 7096 "GET / HTTP/1.1" 200 53446
INFO 2025-10-07 21:21:18,833 basehttp 20152 7096 "GET /patient/add/ HTTP/1.1" 200 80477
INFO 2025-10-07 21:22:10,888 basehttp 20152 7096 "GET /patient/add/ HTTP/1.1" 200 80472
INFO 2025-10-07 21:22:35,310 basehttp 20152 7096 "GET /patient/add/ HTTP/1.1" 200 80000
INFO 2025-10-07 21:25:07,175 basehttp 20152 7096 "POST /patient/add/ HTTP/1.1" 200 83459
INFO 2025-10-07 21:26:03,965 basehttp 20152 7096 "POST /patient/add/ HTTP/1.1" 302 0
INFO 2025-10-07 21:26:04,171 basehttp 20152 7096 "GET /patient/view/7/ HTTP/1.1" 200 106502
INFO 2025-10-07 21:29:23,358 basehttp 20152 7096 "POST /patient/add/ HTTP/1.1" 200 83156
INFO 2025-10-07 21:29:36,131 basehttp 20152 7096 "GET /patient/add/ HTTP/1.1" 200 79697
INFO 2025-10-07 21:33:05,039 basehttp 20152 8696 "GET /patient/add/ HTTP/1.1" 200 68435
INFO 2025-10-07 21:33:07,969 basehttp 20152 8696 "GET /patient/add/ HTTP/1.1" 200 68435
INFO 2025-10-07 21:36:01,309 basehttp 20152 8696 "GET /manager/patient/ HTTP/1.1" 200 68138
INFO 2025-10-07 21:36:01,374 basehttp 20152 8696 "GET /static/js/manager.js HTTP/1.1" 304 0
INFO 2025-10-07 21:36:06,809 basehttp 20152 8696 "GET /patient/view/7/ HTTP/1.1" 200 106129
INFO 2025-10-07 21:36:15,546 basehttp 20152 8696 "GET /video/add/7/ HTTP/1.1" 200 56225
INFO 2025-10-07 21:36:26,156 basehttp 20152 8696 "GET /attachment/add/7/ HTTP/1.1" 200 55587
INFO 2025-10-07 21:36:33,820 basehttp 20152 8696 "GET /cdic/add/7/ HTTP/1.1" 200 53411
INFO 2025-10-07 21:36:46,701 basehttp 20152 8696 "GET /da/add/7/ HTTP/1.1" 200 57298
INFO 2025-10-07 21:37:28,969 basehttp 20152 8696 "GET /bookmarks/add/7/Patient/ HTTP/1.1" 200 47449
INFO 2025-10-07 21:37:31,150 autoreload 20152 4104 D:\Projects\Current Projects\NDAS - Project\NDAS\patients\forms.py changed, reloading.
INFO 2025-10-07 21:37:32,224 autoreload 8940 18868 Watching for file changes with StatReloader
INFO 2025-10-07 21:38:09,253 basehttp 8940 6616 "GET /patient/add/ HTTP/1.1" 302 0
INFO 2025-10-07 21:38:09,270 basehttp 8940 6616 "GET /users/login/?next=/patient/add/ HTTP/1.1" 200 17776
INFO 2025-10-07 21:38:11,808 basehttp 8940 6616 "POST /users/login/ HTTP/1.1" 302 0
INFO 2025-10-07 21:38:12,000 basehttp 8940 6616 "GET / HTTP/1.1" 200 53772
INFO 2025-10-07 21:38:13,747 basehttp 8940 6616 "GET /patient/add/ HTTP/1.1" 200 68411
INFO 2025-10-07 21:40:19,143 autoreload 11164 19212 Watching for file changes with StatReloader
INFO 2025-10-07 21:40:29,811 basehttp 11164 17280 "GET /?id=3399184c-ab99-447d-ae81-77624f8e6d24&vscodeBrowserReqId=1759853429771 HTTP/1.1" 302 0
INFO 2025-10-07 21:40:29,857 basehttp 11164 17280 "GET /users/login/?next=/%3Fid%3D3399184c-ab99-447d-ae81-77624f8e6d24%26vscodeBrowserReqId%3D1759853429771 HTTP/1.1" 200 17776
INFO 2025-10-07 21:40:57,110 autoreload 11164 19212 D:\Projects\Current Projects\NDAS - Project\NDAS\patients\forms.py changed, reloading.
INFO 2025-10-07 21:40:57,940 autoreload 10512 16212 Watching for file changes with StatReloader
INFO 2025-10-07 21:41:09,977 autoreload 10512 16212 D:\Projects\Current Projects\NDAS - Project\NDAS\patients\forms.py changed, reloading.
INFO 2025-10-07 21:41:10,889 autoreload 17572 17808 Watching for file changes with StatReloader
INFO 2025-10-07 21:43:12,697 autoreload 17572 17808 D:\Projects\Current Projects\NDAS - Project\NDAS\patients\forms.py changed, reloading.
INFO 2025-10-07 21:43:13,611 autoreload 2200 15832 Watching for file changes with StatReloader
INFO 2025-10-07 21:43:39,574 autoreload 3828 19420 Watching for file changes with StatReloader
INFO 2025-10-07 21:43:52,368 basehttp 3828 6416 "GET /patient/add/ HTTP/1.1" 302 0
INFO 2025-10-07 21:43:52,383 basehttp 3828 6416 "GET /users/login/?next=/patient/add/ HTTP/1.1" 200 17776
INFO 2025-10-07 21:43:54,756 basehttp 3828 6416 "POST /users/login/ HTTP/1.1" 302 0
INFO 2025-10-07 21:43:54,930 basehttp 3828 6416 "GET / HTTP/1.1" 200 53772
INFO 2025-10-07 21:43:56,435 basehttp 3828 6416 "GET /patient/add/ HTTP/1.1" 200 68411
INFO 2025-10-07 21:47:33,816 basehttp 3828 6416 "GET /patient/add/ HTTP/1.1" 200 68411
INFO 2025-10-07 21:49:06,639 basehttp 3828 6416 "GET /patient/add/ HTTP/1.1" 200 68613
INFO 2025-10-07 22:00:19,111 basehttp 3828 19284 "GET /patient/add/ HTTP/1.1" 200 70121
INFO 2025-10-07 22:00:38,245 basehttp 3828 19284 "GET /patient/add/ HTTP/1.1" 200 70121
WARNING 2025-10-07 22:00:45,619 log 3828 19284 Not Found: /.well-known/appspecific/com.chrome.devtools.json
WARNING 2025-10-07 22:00:45,620 basehttp 3828 19284 "GET /.well-known/appspecific/com.chrome.devtools.json HTTP/1.1" 404 17178
INFO 2025-10-07 22:01:14,469 basehttp 3828 19284 "GET /patient/add/ HTTP/1.1" 200 70121
INFO 2025-10-07 22:02:08,624 autoreload 11308 13816 Watching for file changes with StatReloader
INFO 2025-10-07 22:02:19,398 basehttp 11308 16212 "GET /patient/add/ HTTP/1.1" 302 0
INFO 2025-10-07 22:02:19,550 basehttp 11308 16212 "GET /users/login/?next=/patient/add/ HTTP/1.1" 200 17776
INFO 2025-10-07 22:02:21,774 basehttp 11308 16212 "POST /users/login/ HTTP/1.1" 302 0
INFO 2025-10-07 22:02:22,107 basehttp 11308 16212 "GET / HTTP/1.1" 200 53772
INFO 2025-10-07 22:02:24,245 basehttp 11308 16212 "GET /patient/add/ HTTP/1.1" 200 70121
WARNING 2025-10-07 22:03:14,841 log 11308 16212 Not Found: /.well-known/appspecific/com.chrome.devtools.json
WARNING 2025-10-07 22:03:14,843 basehttp 11308 16212 "GET /.well-known/appspecific/com.chrome.devtools.json HTTP/1.1" 404 17178
INFO 2025-10-07 22:03:36,632 autoreload 17144 9220 Watching for file changes with StatReloader
INFO 2025-10-07 22:04:05,930 autoreload 17144 9220 D:\Projects\Current Projects\NDAS - Project\NDAS\patients\forms.py changed, reloading.
INFO 2025-10-07 22:04:06,319 autoreload 11308 13816 D:\Projects\Current Projects\NDAS - Project\NDAS\patients\forms.py changed, reloading.
INFO 2025-10-07 22:04:06,780 autoreload 14936 4296 Watching for file changes with StatReloader
INFO 2025-10-07 22:04:07,282 autoreload 12116 7084 Watching for file changes with StatReloader
INFO 2025-10-07 22:04:45,608 basehttp 14936 4892 "GET /patient/add/ HTTP/1.1" 302 0
INFO 2025-10-07 22:04:45,674 basehttp 14936 4892 "GET /users/login/?next=/patient/add/ HTTP/1.1" 200 17776
WARNING 2025-10-07 22:04:45,852 log 14936 4892 Not Found: /.well-known/appspecific/com.chrome.devtools.json
WARNING 2025-10-07 22:04:45,854 basehttp 14936 4892 "GET /.well-known/appspecific/com.chrome.devtools.json HTTP/1.1" 404 17178
INFO 2025-10-07 22:04:48,692 basehttp 14936 4892 "POST /users/login/ HTTP/1.1" 302 0
INFO 2025-10-07 22:04:48,904 basehttp 14936 4892 "GET / HTTP/1.1" 200 53772
WARNING 2025-10-07 22:04:49,130 log 14936 4892 Not Found: /.well-known/appspecific/com.chrome.devtools.json
WARNING 2025-10-07 22:04:49,132 basehttp 14936 4892 "GET /.well-known/appspecific/com.chrome.devtools.json HTTP/1.1" 404 17178
INFO 2025-10-07 22:04:53,231 basehttp 14936 4892 "GET /patient/add/ HTTP/1.1" 200 71702
INFO 2025-10-07 22:05:19,049 basehttp 14936 11120 "GET /patient/add/?id=4f148d07-69b6-4487-aef3-ae978dd411a3&vscodeBrowserReqId=1759854919021 HTTP/1.1" 302 0
INFO 2025-10-07 22:05:19,081 basehttp 14936 11120 "GET /users/login/?next=/patient/add/%3Fid%3D4f148d07-69b6-4487-aef3-ae978dd411a3%26vscodeBrowserReqId%3D1759854919021 HTTP/1.1" 200 17776
INFO 2025-10-07 22:05:44,955 basehttp 14936 4892 "GET /patient/add/ HTTP/1.1" 200 71702
INFO 2025-10-07 22:05:54,027 autoreload 12116 7084 D:\Projects\Current Projects\NDAS - Project\NDAS\patients\forms.py changed, reloading.
INFO 2025-10-07 22:05:54,217 autoreload 14936 4296 D:\Projects\Current Projects\NDAS - Project\NDAS\patients\forms.py changed, reloading.
INFO 2025-10-07 22:05:55,078 autoreload 7452 3952 Watching for file changes with StatReloader
INFO 2025-10-07 22:05:55,234 autoreload 16252 16316 Watching for file changes with StatReloader
INFO 2025-10-07 22:07:43,047 basehttp 7452 10456 "GET /patient/add/ HTTP/1.1" 302 0
INFO 2025-10-07 22:07:43,063 basehttp 7452 10456 "GET /users/login/?next=/patient/add/ HTTP/1.1" 200 17776
INFO 2025-10-07 22:07:45,914 basehttp 7452 10456 "POST /users/login/ HTTP/1.1" 302 0
INFO 2025-10-07 22:07:46,101 basehttp 7452 10456 "GET / HTTP/1.1" 200 53772
INFO 2025-10-07 22:07:48,621 basehttp 7452 10456 "GET /patient/add/ HTTP/1.1" 200 72315
INFO 2025-10-07 22:07:59,679 basehttp 7452 10456 "GET /patient/add/ HTTP/1.1" 200 72315
INFO 2025-10-07 22:08:30,958 basehttp 7452 10456 "GET /patient/add/ HTTP/1.1" 200 72748
INFO 2025-10-07 22:08:39,815 basehttp 7452 10456 "GET /patient/add/ HTTP/1.1" 200 72748
INFO 2025-10-07 22:09:07,130 basehttp 7452 10456 "GET /patient/add/ HTTP/1.1" 200 72911
INFO 2025-10-07 22:11:09,810 basehttp 7452 16360 "GET /patient/add/ HTTP/1.1" 302 0
INFO 2025-10-07 22:11:09,819 basehttp 7452 16360 "GET /users/login/?next=/patient/add/ HTTP/1.1" 200 17776
INFO 2025-10-07 22:11:09,995 basehttp 7452 16360 "GET /static/css/social.css HTTP/1.1" 200 2079
INFO 2025-10-07 22:11:10,003 basehttp 7452 15084 "GET /static/css/custom_css.css HTTP/1.1" 200 2339
INFO 2025-10-07 22:11:10,008 basehttp 7452 4556 "GET /static/css/ndas-sidebar.css HTTP/1.1" 200 3918
INFO 2025-10-07 22:11:10,010 basehttp 7452 16360 "GET /static/js/utils.js HTTP/1.1" 304 0
INFO 2025-10-07 22:11:10,013 basehttp 7452 20316 "GET /static/js/login.js HTTP/1.1" 200 2964
INFO 2025-10-07 22:11:10,020 basehttp 7452 15084 "GET /static/js/main.js HTTP/1.1" 304 0
INFO 2025-10-07 22:11:10,033 basehttp 7452 20316 "GET /static/js/zoomrotate.js HTTP/1.1" 304 0
INFO 2025-10-07 22:11:10,034 basehttp 7452 4556 "GET /static/js/rotate.js HTTP/1.1" 304 0
INFO 2025-10-07 22:11:10,043 basehttp 7452 3932 "GET /static/js/videojs-failsafe.js HTTP/1.1" 304 0
INFO 2025-10-07 22:11:10,045 basehttp 7452 16360 "GET /static/js/debug.js HTTP/1.1" 304 0
INFO 2025-10-07 22:11:10,185 basehttp 7452 4796 "GET /static/css/login.css HTTP/1.1" 200 6852
WARNING 2025-10-07 22:11:11,147 log 7452 4796 Not Found: /favicon.ico
WARNING 2025-10-07 22:11:11,149 basehttp 7452 4796 "GET /favicon.ico HTTP/1.1" 404 17067
INFO 2025-10-07 22:11:43,531 basehttp 7452 19632 "POST /users/login/ HTTP/1.1" 302 0
INFO 2025-10-07 22:11:43,719 basehttp 7452 19632 "GET / HTTP/1.1" 200 53772
INFO 2025-10-07 22:11:45,723 basehttp 7452 19632 "GET /patient/add/ HTTP/1.1" 200 72911
INFO 2025-10-07 22:12:53,325 basehttp 7452 10456 "GET /patient/add/ HTTP/1.1" 200 76196
INFO 2025-10-07 22:12:54,815 basehttp 7452 10456 "GET /patient/add/ HTTP/1.1" 200 76196
INFO 2025-10-07 22:14:09,316 basehttp 7452 10456 "GET /patient/add/ HTTP/1.1" 200 72911
INFO 2025-10-07 22:20:56,811 autoreload 7452 3952 D:\Projects\Current Projects\NDAS - Project\NDAS\patients\forms.py changed, reloading.
INFO 2025-10-07 22:20:57,827 autoreload 6140 4864 Watching for file changes with StatReloader
INFO 2025-10-07 22:21:12,923 autoreload 6140 4864 D:\Projects\Current Projects\NDAS - Project\NDAS\patients\models.py changed, reloading.
INFO 2025-10-07 22:21:14,373 autoreload 21320 11168 Watching for file changes with StatReloader
INFO 2025-10-07 22:21:22,297 autoreload 21320 11168 D:\Projects\Current Projects\NDAS - Project\NDAS\patients\forms.py changed, reloading.
INFO 2025-10-07 22:21:23,193 autoreload 16476 11372 Watching for file changes with StatReloader
INFO 2025-10-07 22:21:28,888 autoreload 16476 11372 D:\Projects\Current Projects\NDAS - Project\NDAS\patients\forms.py changed, reloading.
INFO 2025-10-07 22:21:29,861 autoreload 19036 16680 Watching for file changes with StatReloader
INFO 2025-10-07 22:22:58,276 autoreload 19036 16680 D:\Projects\Current Projects\NDAS - Project\NDAS\patients\forms.py changed, reloading.
INFO 2025-10-07 22:22:59,224 autoreload 13964 8812 Watching for file changes with StatReloader
INFO 2025-10-07 22:23:38,171 basehttp 13964 15500 "GET /patient/add/ HTTP/1.1" 302 0
INFO 2025-10-07 22:23:38,186 basehttp 13964 15500 "GET /users/login/?next=/patient/add/ HTTP/1.1" 200 17776
INFO 2025-10-07 22:23:40,572 basehttp 13964 15500 "POST /users/login/ HTTP/1.1" 302 0
INFO 2025-10-07 22:23:40,795 basehttp 13964 15500 "GET / HTTP/1.1" 200 53772
INFO 2025-10-07 22:23:42,776 basehttp 13964 15500 "GET /patient/add/ HTTP/1.1" 200 72791
INFO 2025-10-07 22:24:43,171 basehttp 13964 15500 "GET /patient/add/ HTTP/1.1" 200 72791
INFO 2025-10-07 22:24:44,613 basehttp 13964 15500 "GET /patient/add/ HTTP/1.1" 200 72791
INFO 2025-10-07 22:25:47,588 basehttp 13964 15500 "GET / HTTP/1.1" 200 53448
INFO 2025-10-07 22:25:49,638 basehttp 13964 15500 "GET /patient/add/ HTTP/1.1" 200 72791
INFO 2025-10-07 22:32:39,354 basehttp 13964 10676 "GET /patient/add/ HTTP/1.1" 200 73166
INFO 2025-10-07 22:35:22,035 basehttp 13964 10676 "GET /patient/add/ HTTP/1.1" 200 73166
INFO 2025-10-07 22:35:38,585 basehttp 13964 10676 "GET /patient/add/ HTTP/1.1" 200 73166
INFO 2025-10-07 22:35:39,469 basehttp 13964 10676 "GET /patient/add/ HTTP/1.1" 200 73166
INFO 2025-10-07 22:36:15,645 basehttp 13964 10676 "GET /attachment/manager/ HTTP/1.1" 200 50927
INFO 2025-10-07 22:36:21,160 basehttp 13964 10676 "GET /manager/patient/ HTTP/1.1" 200 68138
INFO 2025-10-07 22:36:23,652 basehttp 13964 10676 "GET /patient/view/7/ HTTP/1.1" 200 106129
INFO 2025-10-07 22:36:28,528 basehttp 13964 10676 "GET /attachment/add/7/ HTTP/1.1" 200 57772
INFO 2025-10-07 22:37:20,771 basehttp 13964 10676 "GET /patient/add/ HTTP/1.1" 200 73166
INFO 2025-10-07 22:40:38,773 basehttp 13964 10676 "GET /patient/add/ HTTP/1.1" 200 73015
INFO 2025-10-07 22:40:41,134 basehttp 13964 10676 "GET /patient/add/ HTTP/1.1" 200 73015
INFO 2025-10-07 22:41:16,861 basehttp 13964 10676 "GET /patient/add/ HTTP/1.1" 200 73015
INFO 2025-10-09 12:32:18,066 autoreload 6856 7648 Watching for file changes with StatReloader
INFO 2025-10-09 12:32:30,545 basehttp 6856 14368 "GET / HTTP/1.1" 302 0
INFO 2025-10-09 12:32:30,933 basehttp 6856 14368 "GET /users/login/?next=/ HTTP/1.1" 200 17776
INFO 2025-10-09 12:32:31,088 basehttp 6856 14368 "GET /static/css/social.css HTTP/1.1" 304 0
INFO 2025-10-09 12:32:31,089 basehttp 6856 11524 "GET /static/css/ndas-sidebar.css HTTP/1.1" 304 0
INFO 2025-10-09 12:32:31,089 basehttp 6856 13056 "GET /static/css/login.css HTTP/1.1" 304 0
INFO 2025-10-09 12:32:31,109 basehttp 6856 13056 "GET /static/js/main.js HTTP/1.1" 304 0
INFO 2025-10-09 12:32:31,112 basehttp 6856 19632 "GET /static/js/login.js HTTP/1.1" 304 0
INFO 2025-10-09 12:32:31,112 basehttp 6856 5596 "GET /static/js/videojs-failsafe.js HTTP/1.1" 304 0
INFO 2025-10-09 12:32:31,114 basehttp 6856 11524 "GET /static/js/debug.js HTTP/1.1" 304 0
INFO 2025-10-09 12:32:31,124 basehttp 6856 5596 "GET /static/js/zoomrotate.js HTTP/1.1" 304 0
INFO 2025-10-09 12:32:31,128 basehttp 6856 11524 "GET /static/js/rotate.js HTTP/1.1" 304 0
INFO 2025-10-09 12:32:31,176 basehttp 6856 14368 "GET /static/js/utils.js HTTP/1.1" 304 0
INFO 2025-10-09 12:32:31,457 basehttp 6856 2216 "GET /static/css/custom_css.css HTTP/1.1" 200 2339
WARNING 2025-10-09 12:32:32,283 log 6856 2216 Not Found: /favicon.ico
WARNING 2025-10-09 12:32:32,284 basehttp 6856 2216 "GET /favicon.ico HTTP/1.1" 404 17067
INFO 2025-10-09 12:32:34,454 basehttp 6856 2216 "POST /users/login/ HTTP/1.1" 302 0
INFO 2025-10-09 12:32:35,173 basehttp 6856 2216 "GET / HTTP/1.1" 200 53772
INFO 2025-10-09 12:32:38,986 basehttp 6856 2216 "GET /patient/add/ HTTP/1.1" 200 73015
INFO 2025-10-09 12:36:34,770 basehttp 6856 2216 "POST /patient/add/ HTTP/1.1" 200 74467
INFO 2025-10-09 12:37:04,973 basehttp 6856 2216 "POST /patient/add/ HTTP/1.1" 302 0
INFO 2025-10-09 12:37:05,308 basehttp 6856 2216 "GET /patient/view/8/ HTTP/1.1" 200 107334
INFO 2025-10-09 12:47:13,450 basehttp 6856 9116 "GET / HTTP/1.1" 200 53770
INFO 2025-10-09 12:47:15,072 basehttp 6856 9116 "GET / HTTP/1.1" 200 53770
INFO 2025-10-09 12:54:57,959 basehttp 6856 12964 "GET /patient/add/ HTTP/1.1" 200 73015
INFO 2025-10-09 13:01:58,443 basehttp 6856 17160 - Broken pipe from ('127.0.0.1', 55901)
INFO 2025-10-09 13:01:59,337 basehttp 6856 12664 "GET /patient/add/ HTTP/1.1" 200 72256
INFO 2025-10-09 13:02:41,940 basehttp 6856 12664 "GET /patient/add/ HTTP/1.1" 200 72256
INFO 2025-10-09 13:03:14,258 basehttp 6856 12664 "GET /patient/add/ HTTP/1.1" 200 72256
INFO 2025-10-09 13:03:49,516 basehttp 6856 12664 "GET /patient/add/ HTTP/1.1" 200 72256
INFO 2025-10-09 13:04:11,893 basehttp 6856 12664 "GET /users/logout/ HTTP/1.1" 302 0
INFO 2025-10-09 13:04:12,145 basehttp 6856 12664 "GET /users/login/ HTTP/1.1" 200 18106
INFO 2025-10-09 13:04:39,480 basehttp 6856 12664 - Broken pipe from ('127.0.0.1', 57375)
INFO 2025-10-09 13:04:44,506 basehttp 6856 8372 "POST /users/login/ HTTP/1.1" 302 0
INFO 2025-10-09 13:04:45,136 basehttp 6856 8372 "GET / HTTP/1.1" 200 54094
INFO 2025-10-09 13:04:49,835 basehttp 6856 8372 "GET /patient/add/ HTTP/1.1" 200 72256
INFO 2025-10-09 13:08:39,025 autoreload 6856 7648 D:\Projects\Current Projects\NDAS - Project\NDAS\patients\models.py changed, reloading.
INFO 2025-10-09 13:08:57,783 autoreload 488 6808 Watching for file changes with StatReloader
INFO 2025-10-09 13:10:36,169 basehttp 488 6152 "GET /patient/add/ HTTP/1.1" 302 0
INFO 2025-10-09 13:10:36,363 basehttp 488 6152 "GET /users/login/?next=/patient/add/ HTTP/1.1" 200 17776
INFO 2025-10-09 13:10:39,102 basehttp 488 6152 "POST /users/login/ HTTP/1.1" 302 0
INFO 2025-10-09 13:10:39,544 basehttp 488 6152 "GET / HTTP/1.1" 200 54094
INFO 2025-10-09 13:10:41,887 basehttp 488 6152 "GET /patient/add/ HTTP/1.1" 200 72255
INFO 2025-10-09 13:10:55,606 basehttp 488 6152 "GET /manager/patient/ HTTP/1.1" 200 71016
INFO 2025-10-09 13:10:55,699 basehttp 488 6152 "GET /static/js/manager.js HTTP/1.1" 304 0
INFO 2025-10-09 13:10:58,231 basehttp 488 6152 "GET /patient/view/8/ HTTP/1.1" 200 106965
INFO 2025-10-09 13:11:03,588 basehttp 488 6152 "GET /patient/edit/8/ HTTP/1.1" 200 74947
INFO 2025-10-09 13:46:31,352 basehttp 488 13564 "GET /patient/edit/8/ HTTP/1.1" 200 77871
INFO 2025-10-10 09:54:55,952 autoreload 10328 6580 Watching for file changes with StatReloader
INFO 2025-10-10 09:55:43,468 basehttp 10328 17612 "GET / HTTP/1.1" 302 0
INFO 2025-10-10 09:55:43,671 basehttp 10328 17612 "GET /users/login/?next=/ HTTP/1.1" 200 17776
INFO 2025-10-10 09:55:43,971 basehttp 10328 17612 "GET /static/css/custom_css.css HTTP/1.1" 304 0
WARNING 2025-10-10 09:55:47,050 log 10328 17100 Not Found: /favicon.ico
WARNING 2025-10-10 09:55:47,053 basehttp 10328 17100 "GET /favicon.ico HTTP/1.1" 404 17067
WARNING 2025-10-10 09:55:53,256 log 10328 12064 Not Found: /.well-known/appspecific/com.chrome.devtools.json
WARNING 2025-10-10 09:55:53,258 basehttp 10328 12064 "GET /.well-known/appspecific/com.chrome.devtools.json HTTP/1.1" 404 17178
INFO 2025-10-10 10:03:28,308 basehttp 10328 8260 "GET /users/login/?next=/ HTTP/1.1" 200 15926
WARNING 2025-10-10 10:03:28,408 log 10328 17268 Not Found: /.well-known/appspecific/com.chrome.devtools.json
WARNING 2025-10-10 10:03:28,410 basehttp 10328 17268 "GET /.well-known/appspecific/com.chrome.devtools.json HTTP/1.1" 404 17178
INFO 2025-10-10 10:03:28,504 basehttp 10328 9684 "GET /static/js/video-manager.js HTTP/1.1" 200 6764
INFO 2025-10-10 10:03:28,507 basehttp 10328 8260 "GET /static/js/app-utils.js HTTP/1.1" 200 9557
INFO 2025-10-10 10:03:32,163 basehttp 10328 8260 "GET /users/login/?next=/ HTTP/1.1" 200 15926
WARNING 2025-10-10 10:03:32,233 log 10328 8260 Not Found: /.well-known/appspecific/com.chrome.devtools.json
WARNING 2025-10-10 10:03:32,234 basehttp 10328 8260 "GET /.well-known/appspecific/com.chrome.devtools.json HTTP/1.1" 404 17178
INFO 2025-10-10 10:03:39,147 basehttp 10328 8260 "POST /users/login/ HTTP/1.1" 302 0
INFO 2025-10-10 10:03:39,730 basehttp 10328 8260 "GET / HTTP/1.1" 200 52244
INFO 2025-10-10 10:03:39,773 basehttp 10328 9684 "GET /static/js/app-utils.js HTTP/1.1" 304 0
WARNING 2025-10-10 10:03:39,927 log 10328 8260 Not Found: /.well-known/appspecific/com.chrome.devtools.json
WARNING 2025-10-10 10:03:39,928 basehttp 10328 8260 "GET /.well-known/appspecific/com.chrome.devtools.json HTTP/1.1" 404 17178
INFO 2025-10-10 10:03:56,110 basehttp 10328 8260 "GET / HTTP/1.1" 200 51920
INFO 2025-10-10 10:03:56,136 basehttp 10328 8260 "GET /static/js/app-utils.js HTTP/1.1" 304 0
WARNING 2025-10-10 10:03:56,272 log 10328 8260 Not Found: /.well-known/appspecific/com.chrome.devtools.json
WARNING 2025-10-10 10:03:56,273 basehttp 10328 8260 "GET /.well-known/appspecific/com.chrome.devtools.json HTTP/1.1" 404 17178
WARNING 2025-10-10 10:04:00,364 log 10328 8260 Not Found: /.well-known/appspecific/com.chrome.devtools.json
WARNING 2025-10-10 10:04:00,365 basehttp 10328 8260 "GET /.well-known/appspecific/com.chrome.devtools.json HTTP/1.1" 404 17178
INFO 2025-10-10 10:04:25,484 basehttp 10328 8260 "GET /manager/patient/ HTTP/1.1" 200 69166
INFO 2025-10-10 10:04:25,533 basehttp 10328 9684 "GET /static/js/app-utils.js HTTP/1.1" 304 0
WARNING 2025-10-10 10:04:25,666 log 10328 8260 Not Found: /.well-known/appspecific/com.chrome.devtools.json
WARNING 2025-10-10 10:04:25,668 basehttp 10328 8260 "GET /.well-known/appspecific/com.chrome.devtools.json HTTP/1.1" 404 17178
INFO 2025-10-10 10:04:31,823 basehttp 10328 8260 "GET /manager/patient/ HTTP/1.1" 200 69166
WARNING 2025-10-10 10:04:31,992 log 10328 8260 Not Found: /.well-known/appspecific/com.chrome.devtools.json
WARNING 2025-10-10 10:04:31,993 basehttp 10328 8260 "GET /.well-known/appspecific/com.chrome.devtools.json HTTP/1.1" 404 17178
INFO 2025-10-10 10:04:58,048 autoreload 12604 2496 Watching for file changes with StatReloader
INFO 2025-10-10 10:05:04,821 basehttp 12604 13364 "GET / HTTP/1.1" 302 0
INFO 2025-10-10 10:05:04,842 basehttp 12604 13364 "GET /users/login/?next=/ HTTP/1.1" 200 15926
INFO 2025-10-10 10:05:04,916 basehttp 12604 13364 "GET /static/js/app-utils.js HTTP/1.1" 304 0
INFO 2025-10-10 10:05:08,782 basehttp 12604 13364 "POST /users/login/ HTTP/1.1" 302 0
INFO 2025-10-10 10:05:08,974 basehttp 12604 13364 "GET / HTTP/1.1" 200 52244
INFO 2025-10-10 10:05:11,467 basehttp 12604 13364 "GET /manager/patient/ HTTP/1.1" 200 69166
WARNING 2025-10-10 10:05:30,748 log 12604 13364 Not Found: /.well-known/appspecific/com.chrome.devtools.json
WARNING 2025-10-10 10:05:30,749 basehttp 12604 13364 "GET /.well-known/appspecific/com.chrome.devtools.json HTTP/1.1" 404 17178
INFO 2025-10-10 10:05:36,286 basehttp 12604 13364 "GET /manager/patient/ HTTP/1.1" 200 69166
INFO 2025-10-10 10:05:36,321 basehttp 12604 13364 "GET /static/js/app-utils.js HTTP/1.1" 304 0
WARNING 2025-10-10 10:05:36,823 log 12604 7648 Not Found: /.well-known/appspecific/com.chrome.devtools.json
WARNING 2025-10-10 10:05:36,825 basehttp 12604 7648 "GET /.well-known/appspecific/com.chrome.devtools.json HTTP/1.1" 404 17178
INFO 2025-10-10 10:13:30,076 basehttp 12604 7992 "GET /manager/patient/ HTTP/1.1" 200 63536
INFO 2025-10-10 10:13:30,241 basehttp 12604 6372 "GET /static/js/app-utils.js HTTP/1.1" 200 8905
WARNING 2025-10-10 10:13:30,462 log 12604 7992 Not Found: /.well-known/appspecific/com.chrome.devtools.json
WARNING 2025-10-10 10:13:30,463 basehttp 12604 7992 "GET /.well-known/appspecific/com.chrome.devtools.json HTTP/1.1" 404 17178
INFO 2025-10-10 10:13:34,491 basehttp 12604 7992 "GET /manager/patient/ HTTP/1.1" 200 63536
WARNING 2025-10-10 10:13:34,718 log 12604 7992 Not Found: /.well-known/appspecific/com.chrome.devtools.json
WARNING 2025-10-10 10:13:34,719 basehttp 12604 7992 "GET /.well-known/appspecific/com.chrome.devtools.json HTTP/1.1" 404 17178
INFO 2025-10-10 10:14:09,811 basehttp 12604 7992 "GET /users/logout/ HTTP/1.1" 302 0
INFO 2025-10-10 10:14:09,846 basehttp 12604 7992 "GET /users/login/ HTTP/1.1" 200 10626
INFO 2025-10-10 10:14:09,897 basehttp 12604 7992 "GET /static/js/app-utils.js HTTP/1.1" 304 0
INFO 2025-10-10 10:14:13,760 basehttp 12604 7992 "GET /users/login/ HTTP/1.1" 200 10296
WARNING 2025-10-10 10:14:16,229 log 12604 7992 Not Found: /.well-known/appspecific/com.chrome.devtools.json
WARNING 2025-10-10 10:14:16,230 basehttp 12604 7992 "GET /.well-known/appspecific/com.chrome.devtools.json HTTP/1.1" 404 17178
INFO 2025-10-10 10:14:27,311 basehttp 12604 7992 "GET /users/login/ HTTP/1.1" 200 10296
WARNING 2025-10-10 10:14:27,347 log 12604 7992 Not Found: /.well-known/appspecific/com.chrome.devtools.json
WARNING 2025-10-10 10:14:27,349 basehttp 12604 7992 "GET /.well-known/appspecific/com.chrome.devtools.json HTTP/1.1" 404 17178
INFO 2025-10-10 10:18:22,921 autoreload 21208 8156 Watching for file changes with StatReloader
INFO 2025-10-10 10:18:32,032 basehttp 21208 15332 "GET /users/login/ HTTP/1.1" 200 10296
INFO 2025-10-10 10:18:32,070 basehttp 21208 15332 "GET /static/js/app-utils.js HTTP/1.1" 304 0
WARNING 2025-10-10 10:18:32,349 log 21208 20748 Not Found: /.well-known/appspecific/com.chrome.devtools.json
WARNING 2025-10-10 10:18:32,350 basehttp 21208 20748 "GET /.well-known/appspecific/com.chrome.devtools.json HTTP/1.1" 404 17178
INFO 2025-10-10 10:18:33,885 basehttp 21208 20748 "GET /users/login/ HTTP/1.1" 200 10296
WARNING 2025-10-10 10:18:33,944 log 21208 20748 Not Found: /.well-known/appspecific/com.chrome.devtools.json
WARNING 2025-10-10 10:18:33,949 basehttp 21208 20748 "GET /.well-known/appspecific/com.chrome.devtools.json HTTP/1.1" 404 17178
INFO 2025-10-10 10:18:35,073 basehttp 21208 20748 "GET /users/login/ HTTP/1.1" 200 10296
WARNING 2025-10-10 10:18:35,110 log 21208 20748 Not Found: /.well-known/appspecific/com.chrome.devtools.json
WARNING 2025-10-10 10:18:35,111 basehttp 21208 20748 "GET /.well-known/appspecific/com.chrome.devtools.json HTTP/1.1" 404 17178
INFO 2025-10-10 10:18:40,960 basehttp 21208 20748 "POST /users/login/ HTTP/1.1" 302 0
INFO 2025-10-10 10:18:41,287 basehttp 21208 20748 "GET / HTTP/1.1" 200 46614
WARNING 2025-10-10 10:18:41,449 log 21208 20748 Not Found: /.well-known/appspecific/com.chrome.devtools.json
WARNING 2025-10-10 10:18:41,451 basehttp 21208 20748 "GET /.well-known/appspecific/com.chrome.devtools.json HTTP/1.1" 404 17178
INFO 2025-10-10 10:27:01,743 autoreload 18756 17796 Watching for file changes with StatReloader
